id,theme,data_display_name,keep,description,keywords,exists,reference,reference table/fig/pgno,provider,url,kpi_domain,kpis,data_original_name,data_web_anchor,earliest_year,latest_year,format,update_frequency,coverage,geographical_level,geog_level2,access_level,licence,ki_publictransportaccessibility,ki_coveragebycyclingfacilities,ki_coverageofthedrainagesystem,ki_parkingmanagement,ki_reductionofprivatevehicles,ki_declineinaccidents,ki_walkingandcycling,ki_publictransportridership,ki_lastmileuseofintermediatepublictransport,ki_walkability,ki_supplyofpublictransportvehicles,ki_xnokpi,ki_localtrafficflow,ki_organisedroaduse,ki_traineddrivers,ki_transportrelatedinvestment,ki_motorvehicletrafficreduction,kd_publictransportsupply,kd_safetyandcomfort,kd_effectiveenforcement,kd_xnokpidom,kd_sustainablemobility,kd_inclusivemobility,kd_healthandsafety,kd_sustainabletransportfunding,format2,editable,update_freq2
1,Administrative Context,Villages In Jaipur Region,TRUE,Names of villages in Jaipur Region.,"Villages, Jaipur Region,",yes,"JDA (2011) Master Development Plan 2025, vol1","Heading 2.8, map on pg no. 109",JDA,https://jda.rajasthan.gov.in/content/dam/raj/udh/development-authority/jda-jaipur/pdf/MDP/Vol1.pdf,,,,,,2011,printed map,,Jaipur District,district level,district,open,not known,FALSE,FALSE,FALSE,FALSE,FALSE,FALSE,FALSE,FALSE,FALSE,FALSE,FALSE,FALSE,FALSE,FALSE,FALSE,FALSE,FALSE,FALSE,FALSE,FALSE,FALSE,FALSE,FALSE,FALSE,FALSE,printed map,FALSE,unknown
2,Administrative Context,Gram Panchayat Of Jaipur Region,TRUE,Boundaries for Gram Panchayats in Jaipur Region.,"Gram panchayat, boundaries, Jaipur Region",yes,"JDA (2011) Master Development Plan 2025, vol1","Map 3-3, pg. 131",JDA,https://jda.rajasthan.gov.in/content/dam/raj/udh/development-authority/jda-jaipur/pdf/MDP/Vol1.pdf,,,,,,2011,printed map,,Jaipur Urban Area (2018),regional level,region,open,not known,FALSE,FALSE,FALSE,FALSE,FALSE,FALSE,FALSE,FALSE,FALSE,FALSE,FALSE,FALSE,FALSE,FALSE,FALSE,FALSE,FALSE,FALSE,FALSE,FALSE,FALSE,FALSE,FALSE,FALSE,FALSE,printed map,FALSE,unknown
3,Administrative Context,Evolution Of Jaipur Urban Extent,TRUE,Growth of Jaipur's urban area over time,"Growth, Urban Area, Jaipur",yes,"L&T Infra Engineering (2022) Comprehensive Traffic and Transportation Study for Jaipur Region, vol1","Figure 6-1, Pg 6-2",JDA,Document not yet published,,,,,1989,2014,map image,,City level,regional level,region,private,not known,FALSE,FALSE,FALSE,FALSE,FALSE,FALSE,FALSE,FALSE,FALSE,FALSE,FALSE,FALSE,FALSE,FALSE,FALSE,FALSE,FALSE,FALSE,FALSE,FALSE,FALSE,FALSE,FALSE,FALSE,FALSE,printed map,FALSE,unknown
4,Administrative Context,Zones And Wards In Jaipur,TRUE,Boundaries for zones and wards in Jaipur (as per census 2001),"Boundaries, Zones & Wards, Census 2001",yes,"JDA (2011) Master Development Plan 2025, vol1","Map 3-2, pg. 130",JDA,https://jda.rajasthan.gov.in/content/dam/raj/udh/development-authority/jda-jaipur/pdf/MDP/Vol1.pdf,"public transport supply, safety and comfort, effective enforcement",,,,,2001,printed map,,Jaipur District,district level,district,open,not known,FALSE,FALSE,FALSE,FALSE,FALSE,FALSE,FALSE,FALSE,FALSE,FALSE,FALSE,FALSE,FALSE,FALSE,FALSE,FALSE,FALSE,TRUE,TRUE,TRUE,FALSE,FALSE,FALSE,FALSE,FALSE,printed map,FALSE,unknown
5,Administrative Context,"List Of Existing Towns With Present Population, Future Population And Their Class By 2025",TRUE,"List of existing town with present population, future population and their class by 2025 should be used with Map 2-45 Optimum Connectivity of future towns.","Existing Towns, Population (Present and Future), Optimum Connectivity",yes,"JDA (2011) Master Development Plan 2025, vol1","Table 2-39, pg. 121",JDA,https://jda.rajasthan.gov.in/content/dam/raj/udh/development-authority/jda-jaipur/pdf/MDP/Vol1.pdf,,,,,,2001,printed table,,Jaipur District,district level,district,open,not known,FALSE,FALSE,FALSE,FALSE,FALSE,FALSE,FALSE,FALSE,FALSE,FALSE,FALSE,FALSE,FALSE,FALSE,FALSE,FALSE,FALSE,FALSE,FALSE,FALSE,FALSE,FALSE,FALSE,FALSE,FALSE,printed table,FALSE,unknown
6,Administrative Context,Population Density Map Of Jaipur Region,TRUE,Population density for Jaipur Region.,"Population density, Jaipur Region",yes,"L&T Infra Engineering (2022) Comprehensive Traffic and Transportation Study for Jaipur Region, vol1","Figure 2-8, pg.2-12",JDA,Document not yet published,,,,,,2011,printed map,,Jaipur District,district level,district,private,not known,FALSE,FALSE,FALSE,FALSE,FALSE,FALSE,FALSE,FALSE,FALSE,FALSE,FALSE,FALSE,FALSE,FALSE,FALSE,FALSE,FALSE,FALSE,FALSE,FALSE,FALSE,FALSE,FALSE,FALSE,FALSE,printed map,FALSE,unknown
7,Administrative Context,Population Density Of Jmc And Satellite Towns,TRUE,Population density of JMC and Satellite Towns.,"Population density, JMC, Sattelite towns",yes,"L&T Infra Engineering (2022) Comprehensive Traffic and Transportation Study for Jaipur Region, vol1","Figure 2-6, pg. 2-10",JDA,Document not yet published,,,,,,2018,printed map,,Jaipur Region ,regional level,region,private,not known,FALSE,FALSE,FALSE,FALSE,FALSE,FALSE,FALSE,FALSE,FALSE,FALSE,FALSE,FALSE,FALSE,FALSE,FALSE,FALSE,FALSE,FALSE,FALSE,FALSE,FALSE,FALSE,FALSE,FALSE,FALSE,printed map,FALSE,unknown
8,Administrative Context,Ward Wise Population Density Of Jmc,TRUE,Ward wise population density of JMC area.,"Wardwise Population, JMC area",yes,"L&T Infra Engineering (2022) Comprehensive Traffic and Transportation Study for Jaipur Region, vol1","Figure 2-7, pg. 2-11",JDA,Document not yet published,,,,,,2011,printed map,,Jaipur Municipal Corporation,regional level,region,private,not known,FALSE,FALSE,FALSE,FALSE,FALSE,FALSE,FALSE,FALSE,FALSE,FALSE,FALSE,FALSE,FALSE,FALSE,FALSE,FALSE,FALSE,FALSE,FALSE,FALSE,FALSE,FALSE,FALSE,FALSE,FALSE,printed map,FALSE,unknown
9,Administrative Context,Zoning Map- Jaipur District,TRUE,Zoning and growth nodes in Jaipur District.,"Ecosensitive, Agriculture Dominant, Urban, Rural
Zoning and Growth Nodes",yes,"JDA (2011) Master Development Plan 2025, vol1","Map 2-35, pg no. 110",JDA,https://jda.rajasthan.gov.in/content/dam/raj/udh/development-authority/jda-jaipur/pdf/MDP/Vol1.pdf,,,,,,2011,printed map,,Jaipur District,district level,district,open,not known,FALSE,FALSE,FALSE,FALSE,FALSE,FALSE,FALSE,FALSE,FALSE,FALSE,FALSE,TRUE,FALSE,FALSE,FALSE,FALSE,FALSE,FALSE,FALSE,FALSE,TRUE,FALSE,FALSE,FALSE,FALSE,printed map,FALSE,unknown
10,Administrative Context,Jda Zonal Plan,TRUE,"Zonal Plan of JDA region, Jaipur dated 2018","Zonal Boundary, JDA",yes,JDA (2018) Zonal Development Plan,,JDA,https://jda.rajasthan.gov.in/content/raj/udh/jda---jaipur/en/town-planning/zonal-development-plan.html,,,,,,2018,map image,,Jaipur Development Authority (2018),regional level,region,open,not known,FALSE,FALSE,FALSE,FALSE,FALSE,FALSE,FALSE,FALSE,FALSE,FALSE,FALSE,TRUE,FALSE,FALSE,FALSE,FALSE,FALSE,FALSE,FALSE,FALSE,TRUE,FALSE,FALSE,FALSE,FALSE,printed map,FALSE,unknown
11,Administrative Context,Jda Base Map,TRUE,"Base map of JDA region, Jaipur","Base Map, JDA",yes,JDA (2009) Key Maps,,JDA,https://jda.rajasthan.gov.in/content/raj/udh/jda---jaipur/en/town-planning/key-maps.html,,,,,,2019,map image,,Jaipur Development Authority (2018),regional level,region,open,not known,FALSE,FALSE,FALSE,FALSE,FALSE,FALSE,FALSE,FALSE,FALSE,FALSE,FALSE,FALSE,FALSE,FALSE,FALSE,FALSE,FALSE,FALSE,FALSE,FALSE,FALSE,FALSE,FALSE,FALSE,FALSE,printed map,FALSE,unknown
12,Administrative Context,Walled City Jaipur,TRUE,Map of Jaipur Walled City,Wall city jaipur,yes,JDA (1987) Key Maps,,JDA,https://jda.rajasthan.gov.in/content/raj/udh/jda---jaipur/en/town-planning/key-maps.html,,,,,,2019,map image,,Jaipur Wall City (1987),regional level,region,open,not known,FALSE,FALSE,FALSE,FALSE,FALSE,FALSE,FALSE,FALSE,FALSE,FALSE,FALSE,FALSE,FALSE,FALSE,FALSE,FALSE,FALSE,FALSE,FALSE,FALSE,TRUE,FALSE,FALSE,FALSE,FALSE,printed map,FALSE,unknown
13,Administrative Context,Nagar Nigam Jaipur Greater Map,TRUE,Nagar Nigam Jaipur Greater Map,Nagar Nigam Jaipur Greater Map,yes,JDA (2011) Key Maps,,JDA,https://jda.rajasthan.gov.in/content/raj/udh/jda---jaipur/en/town-planning/key-maps.html,,,,,,2019,map image,,Nagar Nigam Jaipur Greater (2019),regional level,region,open,not known,FALSE,FALSE,FALSE,FALSE,FALSE,FALSE,FALSE,FALSE,FALSE,FALSE,FALSE,FALSE,FALSE,FALSE,FALSE,FALSE,FALSE,FALSE,FALSE,FALSE,FALSE,FALSE,FALSE,FALSE,FALSE,printed map,FALSE,unknown
14,Administrative Context,Nagar Nigam Jaipur Heritage Map,TRUE,Nagar Nigam Jaipur Heritage Map,Nagar Nigam Jaipur Heritage Map,yes,JDA (2011) Key Maps,,JDA,https://jda.rajasthan.gov.in/content/raj/udh/jda---jaipur/en/town-planning/key-maps.html,,,,,,2019,map image,,Nagar Nigam Jaipur Heritage (2019),regional level,region,open,not known,FALSE,FALSE,FALSE,FALSE,FALSE,FALSE,FALSE,FALSE,FALSE,FALSE,FALSE,FALSE,FALSE,FALSE,FALSE,FALSE,FALSE,FALSE,FALSE,FALSE,FALSE,FALSE,FALSE,FALSE,FALSE,printed map,FALSE,unknown
15,Administrative Context,Administrative Setup Jaipur,TRUE,"Name of Panchayat samiti, No. of Gram Panchayat, No. of Villages , Tehsil(s) or (No. of Villages) and Census Towns
","Panchayat Samit, No. of Gram Panchayats, census towns",yes,"Directorate of Census Operations, Rajasthan (2014) Census of India 2011 - Rajasthan - Series 09 - Part XII B - District Census Handbook, Jaipur",pg. 12,"Directorate of Census Operations, Rajasthan",https://censusindia.gov.in/nada/index.php/catalog/1069/download/3290/DH_2011_0812_PART_B_DCHB_JAIPUR.pdf,,,,,,2011,printed table,,Jaipur District,district level,district,open,not known,FALSE,FALSE,FALSE,FALSE,FALSE,FALSE,FALSE,FALSE,FALSE,FALSE,FALSE,FALSE,FALSE,FALSE,FALSE,FALSE,FALSE,FALSE,FALSE,FALSE,FALSE,FALSE,FALSE,FALSE,FALSE,printed table,FALSE,unknown
16,Administrative Context,Cadastal Map,TRUE,Boundary for individual plots based on ownership. ,cadastal map,yes,Bhunaksha,,"Bhunaksha, rajasthan",https://bhunaksha.rajasthan.gov.in/,,,,,,2024,map image,,Rajasthan,state level,state,open,not known,FALSE,FALSE,FALSE,FALSE,FALSE,FALSE,FALSE,FALSE,FALSE,FALSE,FALSE,TRUE,FALSE,FALSE,FALSE,FALSE,FALSE,FALSE,FALSE,FALSE,TRUE,FALSE,FALSE,FALSE,FALSE,printed map,FALSE,unknown
17,Administrative Context,Administrative Boundary Database,TRUE,"Georeferenced Administrative Boundary Database with Entire country Upto Taluk level with HQ, Entire country Upto Distt. level with HQ, State Upto Taluk level with HQ, State Upto Distt. level with HQ  Scale of 1:1M","administrative, taluka, georeferenced",yes,Survey of India (2024) Online Maps Portal,,Survey of india,https://onlinemaps.surveyofindia.gov.in/Digital_Product_Show.aspx,,,,,,2023,shape file,,India,national level,cd block / town,open,not known,FALSE,FALSE,FALSE,FALSE,FALSE,FALSE,FALSE,FALSE,FALSE,FALSE,FALSE,FALSE,FALSE,FALSE,FALSE,FALSE,FALSE,FALSE,FALSE,FALSE,FALSE,FALSE,FALSE,FALSE,FALSE,shapefile,FALSE,unknown
19,Demographic Profile,Major Settlements Within The Jaipur Region,TRUE,"Satellite towns located under JDA region, their classification and population based on Census 2001.","Satellite Towns, JDA Region, Census 2001",yes,"JDA (2011) Master Development Plan 2025, vol1","Table 3-2, pg. 133",JDA,https://jda.rajasthan.gov.in/content/dam/raj/udh/development-authority/jda-jaipur/pdf/MDP/Vol1.pdf,,,,,,2011,printed table,,Jaipur Region,regional level,region,open,not known,FALSE,FALSE,FALSE,FALSE,FALSE,FALSE,FALSE,FALSE,FALSE,FALSE,FALSE,FALSE,FALSE,FALSE,FALSE,FALSE,FALSE,FALSE,FALSE,FALSE,FALSE,FALSE,FALSE,FALSE,FALSE,printed table,FALSE,unknown
20,Demographic Profile,Gross Density Within Wards Of Jaipur Region- Census 2001,TRUE,Gross density within wards of Jaipur Region for 2001.,"Gross Density, Wards, Jaipur Region 2001",yes,"JDA (2011) Master Development Plan 2025, vol1","Map 4-5, pg.219",JDA,https://jda.rajasthan.gov.in/content/dam/raj/udh/development-authority/jda-jaipur/pdf/MDP/Vol1.pdf,,,,,,2001,printed map,,Jaipur Municipal Corporation Greater (2019),regional level,region,open,not known,FALSE,FALSE,FALSE,FALSE,FALSE,FALSE,FALSE,FALSE,FALSE,FALSE,FALSE,FALSE,FALSE,FALSE,FALSE,FALSE,FALSE,FALSE,FALSE,FALSE,FALSE,FALSE,FALSE,FALSE,FALSE,printed map,FALSE,unknown
21,Demographic Profile,Existing Gross Density Within Wards Of Jaipur Region (2011*),TRUE,Gross density within wards of Jaipur for 2011. ,"Gross Density, Wards, Jaipur 2011",yes,"JDA (2011) Master Development Plan 2025, vol1","Map 4-6, pg. 219",JDA,https://jda.rajasthan.gov.in/content/dam/raj/udh/development-authority/jda-jaipur/pdf/MDP/Vol1.pdf,,,,,,2011,printed map,,Jaipur Municipal Corporation Greater (2019),regional level,region,open,not known,FALSE,FALSE,FALSE,FALSE,FALSE,FALSE,FALSE,FALSE,FALSE,FALSE,FALSE,FALSE,FALSE,FALSE,FALSE,FALSE,FALSE,FALSE,FALSE,FALSE,FALSE,FALSE,FALSE,FALSE,FALSE,printed map,FALSE,unknown
22,Demographic Profile,Past Trends Of Population In Jaipur Region,TRUE,Past Trends of Population in JMC and Satellite Towns,"Past Trends, Population, JMC, Satellite Towns",yes,"L&T Infra Engineering (2022) Comprehensive Traffic and Transportation Study for Jaipur Region, vol1","Table 6-3, pg 6-6",JDA,Document not yet published,,,,,1991,2011,printed table,,JMC+Satellite towns,jmc+satellite towns,city,private,not known,FALSE,FALSE,FALSE,FALSE,FALSE,FALSE,FALSE,FALSE,FALSE,FALSE,FALSE,TRUE,FALSE,FALSE,FALSE,FALSE,FALSE,FALSE,FALSE,FALSE,TRUE,FALSE,FALSE,FALSE,FALSE,printed table,FALSE,unknown
23,Demographic Profile,Decadal Growth Rate In Jaipur Region,TRUE,Decadal population growth rate in JMC and Sattelite towns,"Decadal Growth Rate, Population, JMC, Satellite Towns",yes,"L&T Infra Engineering (2022) Comprehensive Traffic and Transportation Study for Jaipur Region, vol1",Table 6-5 pg 6-7,JDA,Document not yet published,,,,,1991,2011,printed table,,JMC+Satellite towns,jmc+satellite towns,city,private,not known,FALSE,FALSE,FALSE,FALSE,FALSE,FALSE,FALSE,FALSE,FALSE,FALSE,FALSE,TRUE,FALSE,FALSE,FALSE,FALSE,FALSE,FALSE,FALSE,FALSE,TRUE,FALSE,FALSE,FALSE,FALSE,printed table,FALSE,unknown
24,Demographic Profile,Age-Wise Population And Sex Distribution,TRUE,"Age groups,male and female distribution","Age Groups, Gender Distribution",yes,"JDA (2011) Master Development Plan 2025, vol1","Table 2-9, pg.56","Directorate of Census Operations, Rajasthan",https://jda.rajasthan.gov.in/content/dam/raj/udh/development-authority/jda-jaipur/pdf/MDP/Vol1.pdf,,,,,,2001,printed table,,Jaipur District,district level,district,open,not known,FALSE,FALSE,FALSE,FALSE,FALSE,FALSE,FALSE,FALSE,FALSE,FALSE,FALSE,FALSE,FALSE,FALSE,FALSE,FALSE,FALSE,FALSE,FALSE,FALSE,FALSE,FALSE,FALSE,FALSE,FALSE,printed table,FALSE,unknown
25,Demographic Profile,Decadal Sex Ratio Of Jaipur District,TRUE,Sex ratio of Jaipur district(1961-2001),"sex ratio, Jaipur district",yes,"JDA (2011) Master Development Plan 2025, vol1","Table 2-10, pg. 56","Directorate of Census Operations, Rajasthan",https://jda.rajasthan.gov.in/content/dam/raj/udh/development-authority/jda-jaipur/pdf/MDP/Vol1.pdf,,,,,1961,2001,printed table,,Jaipur District,district level,district,open,not known,FALSE,FALSE,FALSE,FALSE,FALSE,FALSE,FALSE,FALSE,FALSE,FALSE,FALSE,TRUE,FALSE,FALSE,FALSE,FALSE,FALSE,FALSE,FALSE,FALSE,TRUE,FALSE,FALSE,FALSE,FALSE,printed table,FALSE,unknown
26,Demographic Profile,Registered Voters,TRUE,"Jaipur city zone name, wardname, ward no., Total no. of registered voters, No. of votes polled in the last municipal election, No. of Polling Stations / booths",voters,yes,"Ministry of housing and urban affairs,smart city data catalogue",,"CDO- Ajay Kumar, Jaipur Nagar Nigam",https://smartcities.data.gov.in/catalog/registered-voters-jaipur,,,,,,2019,csv,,Jaipur City,city level,ward,open,not known,FALSE,FALSE,FALSE,FALSE,FALSE,FALSE,FALSE,FALSE,FALSE,FALSE,FALSE,FALSE,FALSE,FALSE,FALSE,FALSE,FALSE,FALSE,FALSE,FALSE,FALSE,FALSE,FALSE,FALSE,FALSE,csv,TRUE,unknown
28,Demographic Profile,Population And Households,TRUE,"Jaipur city zone name, wardname, ward no., Area (in sq km), Total Population (in thousands)","population, households",yes,"Ministry of housing and urban affairs,smart city data catalogue",,"CDO- Ajay Kumar, Jaipur Nagar Nigam",https://smartcities.data.gov.in/catalog/demographic-profile-jaipur,,,,,,2011,csv,,Jaipur City,city level,ward,open,not known,FALSE,FALSE,FALSE,FALSE,FALSE,FALSE,FALSE,FALSE,FALSE,FALSE,FALSE,FALSE,FALSE,FALSE,FALSE,FALSE,FALSE,FALSE,FALSE,FALSE,FALSE,FALSE,FALSE,FALSE,FALSE,csv,TRUE,unknown
29,Demographic Profile,Demographic and Socio-Economic District Profile,TRUE,"Summary of the census of jaipur district like Number of Villages,Number of Towns ,  Number of Households, Population , Percentage Urban Population, Decadal Population Growth 2001-2011 , Area (in sq Km.), Density of Population (Persons per sq Km.), Sex Ratio , Literates , Scheduled Castes, Scheduled Tribes, Workers and Non-Workers, and Category of Workers (Main & Marginal), ","Census data, Population Statistics, Urban and Rural Distribution, Demographic Information, Socio-Economic Indicators",yes,"Directorate of Census Operations, Rajasthan (2014) Census of India 2011 - Rajasthan - Series 09 - Part XII B - District Census Handbook, Jaipur",pg. 14-15,"Directorate of Census Operations, Rajasthan",https://censusindia.gov.in/nada/index.php/catalog/1069/download/3290/DH_2011_0812_PART_B_DCHB_JAIPUR.pdf,,,,,,2011,printed table,,Jaipur District,district level,district,open,not known,FALSE,FALSE,FALSE,FALSE,FALSE,FALSE,FALSE,FALSE,FALSE,FALSE,FALSE,FALSE,FALSE,FALSE,FALSE,FALSE,FALSE,FALSE,FALSE,FALSE,FALSE,FALSE,FALSE,FALSE,FALSE,printed table,FALSE,unknown
30,Demographic Profile,Socio-economic Characteristics,TRUE,"Location code number, District/ CD Block/Town, Total/Rural/Urban, Area in Square Kilometre, Number of households, Total population (including institutional and houseless population in persons,male,female), Population in the age-group 0-6, Scheduled Castes population, Scheduled Tribes population,and Literates","age, sex, literacy, workforce, occupation, employment, industry",yes,"Directorate of Census Operations, Rajasthan (2014) Census of India 2011 - Rajasthan - Series 09 - Part XII B - District Census Handbook, Jaipur","pg. 24-25, pg. 30-31","Directorate of Census Operations, Rajasthan",https://censusindia.gov.in/nada/index.php/catalog/1069/download/3290/DH_2011_0812_PART_B_DCHB_JAIPUR.pdf,,,,,,2011,printed table,,Jaipur District,district level,cd block / town,open,not known,FALSE,FALSE,FALSE,FALSE,FALSE,FALSE,FALSE,FALSE,FALSE,FALSE,FALSE,FALSE,FALSE,FALSE,FALSE,FALSE,FALSE,FALSE,FALSE,FALSE,FALSE,FALSE,FALSE,FALSE,FALSE,printed table,FALSE,unknown
31,Demographic Profile,Socio-economic Characteristics- industrial category of main workers,TRUE,"Location code number, District/ CD Block/Town, Total/Rural/Urban for Total workers (Persons, Males, Females), Main worker(Persons, Males, Females), Cultivators, Agricultural labourers, Household industry workers, Other workers","age, sex, literacy, workforce, occupation, employment, industry",yes,"Directorate of Census Operations, Rajasthan (2014) Census of India 2011 - Rajasthan - Series 09 - Part XII B - District Census Handbook, Jaipur","pg. 26-27, pg. 32-33","Directorate of Census Operations, Rajasthan",https://censusindia.gov.in/nada/index.php/catalog/1069/download/3290/DH_2011_0812_PART_B_DCHB_JAIPUR.pdf,,,,,,2011,printed table,,Jaipur District,district level,cd block / town,open,not known,FALSE,FALSE,FALSE,FALSE,FALSE,FALSE,FALSE,FALSE,FALSE,FALSE,FALSE,FALSE,FALSE,FALSE,FALSE,FALSE,FALSE,FALSE,FALSE,FALSE,FALSE,FALSE,FALSE,FALSE,FALSE,printed table,FALSE,unknown
32,Demographic Profile,Socio-economic Characteristics- industrial category of marginal workers,TRUE,"Location code number, District/ CD Block/Town, Total/Rural/Urban for Marginal workers(Persons, Males, Females), Cultivators, Agricultural labourers, Household industry workers, Other workers, and Non-workers.","age, sex, literacy, workforce, occupation, employment, industry",yes,"Directorate of Census Operations, Rajasthan (2014) Census of India 2011 - Rajasthan - Series 09 - Part XII B - District Census Handbook, Jaipur","pg. 28-29, pg. 34-35","Directorate of Census Operations, Rajasthan",https://censusindia.gov.in/nada/index.php/catalog/1069/download/3290/DH_2011_0812_PART_B_DCHB_JAIPUR.pdf,,,,,,2011,printed table,,Jaipur District,district level,cd block / town,open,not known,FALSE,FALSE,FALSE,FALSE,FALSE,FALSE,FALSE,FALSE,FALSE,FALSE,FALSE,FALSE,FALSE,FALSE,FALSE,FALSE,FALSE,FALSE,FALSE,FALSE,FALSE,FALSE,FALSE,FALSE,FALSE,printed table,FALSE,unknown
33,Demographic Profile,Total Sc And St Population - Urban Block Wise,TRUE,"Location Code, Name of Town, Name of Ward, Boundaries of Urban Block /EB Number, Total Population, Scheduled Castes Population, Scheduled Tribes Population","Urban Block Boundaries, Town and Ward Data, Population Statistics, Scheduled Castes and Tribes, Location Code Information",yes,"Directorate of Census Operations, Rajasthan (2014) Census of India 2011 - Rajasthan - Series 09 - Part XII B - District Census Handbook, Jaipur",pg. 38-189,"Directorate of Census Operations, Rajasthan",https://censusindia.gov.in/nada/index.php/catalog/1069/download/3290/DH_2011_0812_PART_B_DCHB_JAIPUR.pdf,,,,,,2011,printed table,,Jaipur District,district level,district,open,not known,FALSE,FALSE,FALSE,FALSE,FALSE,FALSE,FALSE,FALSE,FALSE,FALSE,FALSE,FALSE,FALSE,FALSE,FALSE,FALSE,FALSE,FALSE,FALSE,FALSE,FALSE,FALSE,FALSE,FALSE,FALSE,printed table,FALSE,unknown
63,Demographic Profile,Urban Pca-Ward Wise Data,TRUE,"Location code number, Name of Town/ward, Area in Km,Number of households, Total population (including institutional and houseless population), Population in the age-group 0-6, Literates,SC population, ST population, literates","Town/Ward Statistics, Population, Area, SC/ST Demographics",yes,"Directorate of Census Operations, Rajasthan (2014) Census of India 2011 - Rajasthan - Series 09 - Part XII B - District Census Handbook, Jaipur",pg.540-551,"Directorate of Census Operations, Rajasthan",https://censusindia.gov.in/nada/index.php/catalog/1069/download/3290/DH_2011_0812_PART_B_DCHB_JAIPUR.pdf,,,,,,2011,printed table,,Jaipur District,district level,district,open,not known,FALSE,FALSE,FALSE,FALSE,FALSE,FALSE,FALSE,FALSE,FALSE,FALSE,FALSE,FALSE,FALSE,FALSE,FALSE,FALSE,FALSE,FALSE,FALSE,FALSE,FALSE,FALSE,FALSE,FALSE,FALSE,printed table,FALSE,unknown
64,Demographic Profile,"Decadal Change In Population Of Tahsils By Residence, 2001-2011",TRUE,"Tahsil, Population (2001 and 2011), Percentage decadal variation 2001-2011,  Percentage urban population","Population change, tehsils data",yes,"Directorate of Census Operations, Rajasthan (2014) Census of India 2011 - Rajasthan - Series 09 - Part XII B - District Census Handbook, Jaipur",T01_0812,"Directorate of Census Operations, Rajasthan",https://censusindia.gov.in/nada/index.php/catalog/1069/download/3291/DH_2011_0812-Jaipur.zip,,,,,,2011,xls,,Jaipur District,district level,district,open,not known,FALSE,FALSE,FALSE,FALSE,FALSE,FALSE,FALSE,FALSE,FALSE,FALSE,FALSE,FALSE,FALSE,FALSE,FALSE,FALSE,FALSE,FALSE,FALSE,FALSE,FALSE,FALSE,FALSE,FALSE,FALSE,xls/xlsx,TRUE,unknown
68,Demographic Profile,sex ratio,TRUE,"Sex ratio of towns, 2011","gender, sex, sex ratio",yes,"Directorate of Census Operations, Rajasthan (2014) Census of India 2011 - Rajasthan - Series 09 - Part XII B - District Census Handbook, Jaipur",T08_0812,"Directorate of Census Operations, Rajasthan",https://censusindia.gov.in/nada/index.php/catalog/1069/download/3291/DH_2011_0812-Jaipur.zip,,,,,,2011,xls,,Jaipur District,district level,cd block / town,open,not known,FALSE,FALSE,FALSE,FALSE,FALSE,FALSE,FALSE,FALSE,FALSE,FALSE,FALSE,TRUE,FALSE,FALSE,FALSE,FALSE,FALSE,FALSE,FALSE,FALSE,TRUE,FALSE,FALSE,FALSE,FALSE,xls/xlsx,TRUE,unknown
71,Demographic Profile,sex ratio of ages 0-6,TRUE,"Sex ratio of  population in the age group 0-6 of towns, 2011","gender, sex, sex ratio",yes,"Directorate of Census Operations, Rajasthan (2014) Census of India 2011 - Rajasthan - Series 09 - Part XII B - District Census Handbook, Jaipur",T12_0812,"Directorate of Census Operations, Rajasthan",https://censusindia.gov.in/nada/index.php/catalog/1069/download/3291/DH_2011_0812-Jaipur.zip,,,,,,2011,xls,,Jaipur District,district level,cd block / town,open,not known,FALSE,FALSE,FALSE,FALSE,FALSE,FALSE,FALSE,FALSE,FALSE,FALSE,FALSE,FALSE,FALSE,FALSE,FALSE,FALSE,FALSE,FALSE,FALSE,FALSE,FALSE,FALSE,FALSE,FALSE,FALSE,xls/xlsx,TRUE,unknown
72,Demographic Profile,"Number And Percentage Of Scheduled Castes And Scheduled Tribes Population In Sub-Districts, 2011",TRUE,"Name of Sub-District, Total/ Rural/ Urban, Total population, Total scheduled castes population, Total scheduled tribes population, Percentage of scheduled castes population to total population, Percentage of scheduled tribes population to total population","Scheduled Castes/tribes, Sub-district Demographics",yes,"Directorate of Census Operations, Rajasthan (2014) Census of India 2011 - Rajasthan - Series 09 - Part XII B - District Census Handbook, Jaipur",T13_0812,"Directorate of Census Operations, Rajasthan",https://censusindia.gov.in/nada/index.php/catalog/1069/download/3291/DH_2011_0812-Jaipur.zip,,,,,,2011,xls,,Jaipur District,district level,district,open,not known,FALSE,FALSE,FALSE,FALSE,FALSE,FALSE,FALSE,FALSE,FALSE,FALSE,FALSE,FALSE,FALSE,FALSE,FALSE,FALSE,FALSE,FALSE,FALSE,FALSE,FALSE,FALSE,FALSE,FALSE,FALSE,xls/xlsx,TRUE,unknown
73,Demographic Profile,"Number And Percentage Of Scheduled Castes And Scheduled Tribes Population In Towns, 2011",TRUE,"Name of town, Total Population, Total scheduled castes population, Total scheduled tribes population, Percentage of scheduled castes population to total population, Percentage of scheduled tribes population to total population","Town Caste, Tribe Population, Urban Demographics",yes,"Directorate of Census Operations, Rajasthan (2014) Census of India 2011 - Rajasthan - Series 09 - Part XII B - District Census Handbook, Jaipur",T17_0812,"Directorate of Census Operations, Rajasthan",https://censusindia.gov.in/nada/index.php/catalog/1069/download/3291/DH_2011_0812-Jaipur.zip,,,,,,2011,xls,,Jaipur District,district level,district,open,not known,FALSE,FALSE,FALSE,FALSE,FALSE,FALSE,FALSE,FALSE,FALSE,FALSE,FALSE,FALSE,FALSE,FALSE,FALSE,FALSE,FALSE,FALSE,FALSE,FALSE,FALSE,FALSE,FALSE,FALSE,FALSE,xls/xlsx,TRUE,unknown
74,Demographic Profile,sex ratio among scheduled castes and tribes,TRUE,"Name of town, Scheduled castes sex ratio, Scheduled tribes sex ratio","gender, sex, sex ratio",yes,"Directorate of Census Operations, Rajasthan (2014) Census of India 2011 - Rajasthan - Series 09 - Part XII B - District Census Handbook, Jaipur",T19_0812,"Directorate of Census Operations, Rajasthan",https://censusindia.gov.in/nada/index.php/catalog/1069/download/3291/DH_2011_0812-Jaipur.zip,,,,,,2011,xls,,Jaipur District,district level,cd block / town,open,not known,FALSE,FALSE,FALSE,FALSE,FALSE,FALSE,FALSE,FALSE,FALSE,FALSE,FALSE,TRUE,FALSE,FALSE,FALSE,FALSE,FALSE,FALSE,FALSE,FALSE,TRUE,FALSE,FALSE,FALSE,FALSE,xls/xlsx,TRUE,unknown
77,Demographic Profile,"Literacy, Total And By Sex Or Scheduled Caste",TRUE,"Name  of town, Number of literates and illiterates, Literacy rate and Gap in male-female literacy rate ","literacy, gender, sex, caste",yes,"Directorate of Census Operations, Rajasthan (2014) Census of India 2011 - Rajasthan - Series 09 - Part XII B - District Census Handbook, Jaipur",T23_0812,"Directorate of Census Operations, Rajasthan",https://censusindia.gov.in/nada/index.php/catalog/1069/download/3291/DH_2011_0812-Jaipur.zip,,,,,,2011,xls,,Jaipur District,district level,cd block / town,open,not known,FALSE,FALSE,FALSE,FALSE,FALSE,FALSE,FALSE,FALSE,FALSE,FALSE,FALSE,TRUE,FALSE,FALSE,FALSE,FALSE,FALSE,FALSE,FALSE,FALSE,TRUE,FALSE,FALSE,FALSE,FALSE,xls/xlsx,TRUE,unknown
84,Demographic Profile,"Main, marginal and non-workers by sex",TRUE,"Name of  town, Persons/ Males/ Females, Total population, Main workers, Marginal workers and Non workers (Number & Percentage)","workers, gender, sex",yes,"Directorate of Census Operations, Rajasthan (2014) Census of India 2011 - Rajasthan - Series 09 - Part XII B - District Census Handbook, Jaipur",T32_0812,"Directorate of Census Operations, Rajasthan",https://censusindia.gov.in/nada/index.php/catalog/1069/download/3291/DH_2011_0812-Jaipur.zip,,,,,,2011,xls,,Jaipur District,district level,cd block / town,open,not known,FALSE,FALSE,FALSE,FALSE,FALSE,FALSE,FALSE,FALSE,FALSE,FALSE,FALSE,TRUE,FALSE,FALSE,FALSE,FALSE,FALSE,FALSE,FALSE,FALSE,TRUE,FALSE,FALSE,FALSE,FALSE,xls/xlsx,TRUE,unknown
87,Demographic Profile,Economic activity by sex,TRUE,"Name of town, Persons/ Males/ Females, Total population, Total workers (main + marginal workers), Category of workers: Cultivators, Agricultural labourers, Household industry workers, Other workers in Number & Percentage","economic activity, gender, sex",yes,"Directorate of Census Operations, Rajasthan (2014) Census of India 2011 - Rajasthan - Series 09 - Part XII B - District Census Handbook, Jaipur",T35_0812,"Directorate of Census Operations, Rajasthan",https://censusindia.gov.in/nada/index.php/catalog/1069/download/3291/DH_2011_0812-Jaipur.zip,,,,,,2011,xls,,Jaipur District,district level,cd block / town,open,not known,FALSE,FALSE,FALSE,FALSE,FALSE,FALSE,FALSE,FALSE,FALSE,FALSE,FALSE,TRUE,FALSE,FALSE,FALSE,FALSE,FALSE,FALSE,FALSE,FALSE,TRUE,FALSE,FALSE,FALSE,FALSE,xls/xlsx,TRUE,unknown
88,Demographic Profile,"Schools/ Colleges Per 10,000 Population In Towns, 2011",TRUE,"Name of the town, Type of educational institution (Approx. numbers) of Primary, Middle, Secondary / matriculation, Senior secondary, and College","Town Educational Institutions, School and College Distribution",yes,"Directorate of Census Operations, Rajasthan (2014) Census of India 2011 - Rajasthan - Series 09 - Part XII B - District Census Handbook, Jaipur",T42_0812,"Directorate of Census Operations, Rajasthan",https://censusindia.gov.in/nada/index.php/catalog/1069/download/3291/DH_2011_0812-Jaipur.zip,,,,,,2011,xls,,Jaipur District,district level,district,open,not known,FALSE,FALSE,FALSE,FALSE,FALSE,FALSE,FALSE,FALSE,FALSE,FALSE,FALSE,TRUE,FALSE,FALSE,FALSE,FALSE,FALSE,FALSE,FALSE,FALSE,TRUE,FALSE,FALSE,FALSE,FALSE,xls/xlsx,TRUE,unknown
89,Demographic Profile,"Proportion Of Slum Population In Towns, 2011",TRUE,"Name of the town having slum, Total population , Slum population, Percentage of slum population to total population","Town Slum Statistics, Slum Population Percentage",yes,"Directorate of Census Operations, Rajasthan (2014) Census of India 2011 - Rajasthan - Series 09 - Part XII B - District Census Handbook, Jaipur",T44_0812,"Directorate of Census Operations, Rajasthan",https://censusindia.gov.in/nada/index.php/catalog/1069/download/3291/DH_2011_0812-Jaipur.zip,,,,,,2011,xls,,Jaipur District,district level,district,open,not known,FALSE,FALSE,FALSE,FALSE,FALSE,FALSE,FALSE,FALSE,FALSE,FALSE,FALSE,TRUE,FALSE,FALSE,FALSE,FALSE,FALSE,FALSE,FALSE,FALSE,TRUE,FALSE,FALSE,FALSE,FALSE,xls/xlsx,TRUE,unknown
90,Demographic Profile,Status And Growth History Of Towns In Jaipur,TRUE,"Class, name and civic status of town, Location Code No., Name of Taluk/ Tahsil/ Police Station/Islands etc., Name of CD block, Area(sq. Km.), Number of households including houseless households (2011 Census), Scheduled Castes Population (2011 Census), Scheduled Tribes Population (2011 Census), Status and Growth History(1901-2011), Density        (2011 Census) and Sex ratio","Town Demographic, Census and Civic Information",yes,"Directorate of Census Operations, Rajasthan (2014) Census of India 2011 - Rajasthan - Series 09 - Part XII B - District Census Handbook, Jaipur",Town Statement-I_0812,"Directorate of Census Operations, Rajasthan",https://censusindia.gov.in/nada/index.php/catalog/1069/download/3291/DH_2011_0812-Jaipur.zip,,,,,,2009,xls,,Jaipur District,district level,district,open,not known,FALSE,FALSE,FALSE,FALSE,FALSE,FALSE,FALSE,FALSE,FALSE,FALSE,FALSE,FALSE,FALSE,FALSE,FALSE,FALSE,FALSE,FALSE,FALSE,FALSE,FALSE,FALSE,FALSE,FALSE,FALSE,xls/xlsx,TRUE,unknown
93,Economy,Occupational Structure,TRUE,"Derived occupational structure from Primary Census Abstract, Census of India, 2001
","Occupational Structure
",yes,"JDA (2011) Master Development Plan 2025, vol1","Table 2-12, pg.59","Directorate of Census Operations, Rajasthan",https://jda.rajasthan.gov.in/content/dam/raj/udh/development-authority/jda-jaipur/pdf/MDP/Vol1.pdf,,,,,,2001,printed table,,Jaipur District,district level,district,open,not known,FALSE,FALSE,FALSE,FALSE,FALSE,FALSE,FALSE,FALSE,FALSE,FALSE,FALSE,FALSE,FALSE,FALSE,FALSE,FALSE,FALSE,FALSE,FALSE,FALSE,FALSE,FALSE,FALSE,FALSE,FALSE,printed table,FALSE,unknown
94,Economy,Workers Profile,TRUE,"Work Force Participation Rate, Jaipur District, 2001","Work force, Jaipur district",yes,"JDA (2011) Master Development Plan 2025, vol1","Table 2-13, Table 2-14, Table 2-15, pg.60-61","Directorate of Census Operations, Rajasthan",https://jda.rajasthan.gov.in/content/dam/raj/udh/development-authority/jda-jaipur/pdf/MDP/Vol1.pdf,,,,,,2001,printed table,,Jaipur District,district level,district,open,not known,FALSE,FALSE,FALSE,FALSE,FALSE,FALSE,FALSE,FALSE,FALSE,FALSE,FALSE,FALSE,FALSE,FALSE,FALSE,FALSE,FALSE,FALSE,FALSE,FALSE,FALSE,FALSE,FALSE,FALSE,FALSE,printed table,FALSE,unknown
95,Economy,Market Economies,TRUE,Annual Income (Rs. in lacs) Main Market /Sub Market from 1999-2000 to 2006-07- Jaipur region,"Annual Income, Main Market/Sub Market, Jaipur Region",yes,"JDA (2011) Master Development Plan 2025, vol1","Table 3-10, pg.148","Office, Krishi Upaj Mandi, Jaipur.",https://jda.rajasthan.gov.in/content/dam/raj/udh/development-authority/jda-jaipur/pdf/MDP/Vol1.pdf,,,,,1999,2007,printed table,,Jaipur Region,regional level,region,open,not known,FALSE,FALSE,FALSE,FALSE,FALSE,FALSE,FALSE,FALSE,FALSE,FALSE,FALSE,TRUE,FALSE,FALSE,FALSE,FALSE,FALSE,FALSE,FALSE,FALSE,TRUE,FALSE,FALSE,FALSE,FALSE,printed table,FALSE,unknown
96,Economy,Socio-Economic Potential,TRUE,"A socio economic potential map has been arrived at based upon the economic and facility & service potential in the villages. 
",Economic facility,yes,"JDA (2011) Master Development Plan 2025, vol1",Map 2-17 (pg. 69),JDA,https://jda.rajasthan.gov.in/content/dam/raj/udh/development-authority/jda-jaipur/pdf/MDP/Vol1.pdf,,,,,,2001,map image,,Jaipur District,district level,district,open,not known,FALSE,FALSE,FALSE,FALSE,FALSE,FALSE,FALSE,FALSE,FALSE,FALSE,FALSE,TRUE,FALSE,FALSE,FALSE,FALSE,FALSE,FALSE,FALSE,FALSE,TRUE,FALSE,FALSE,FALSE,FALSE,printed map,FALSE,unknown
97,Economy,Proposed Tourism Circuits In The Jaipur District,TRUE,Proposed tourism circuits in Jaipur District ,"Tourism, Jaipur district",yes,"JDA (2011) Master Development Plan 2025, vol1","Map 2-36 , pg. 112",JDA,https://jda.rajasthan.gov.in/content/dam/raj/udh/development-authority/jda-jaipur/pdf/MDP/Vol1.pdf,,,,,,2001,map image,,Jaipur District,district level,district,open,not known,FALSE,FALSE,FALSE,FALSE,FALSE,FALSE,FALSE,FALSE,FALSE,FALSE,FALSE,TRUE,FALSE,FALSE,FALSE,FALSE,FALSE,FALSE,FALSE,FALSE,TRUE,FALSE,FALSE,FALSE,FALSE,printed map,FALSE,unknown
98,Economy,Industrial Areas Of Riico In Jaipur Region,TRUE,RIICO industrial zones in Jaipur Region.,"RIICO, Jaipure region",yes,"JDA (2011) Master Development Plan 2025, vol1","Map 3-4, pg. 143",JDA,https://jda.rajasthan.gov.in/content/dam/raj/udh/development-authority/jda-jaipur/pdf/MDP/Vol1.pdf,,,,,,2001,map image,,Jaipur Region,regional level,region,open,not known,FALSE,FALSE,FALSE,FALSE,FALSE,FALSE,FALSE,FALSE,FALSE,FALSE,FALSE,TRUE,FALSE,FALSE,FALSE,FALSE,FALSE,FALSE,FALSE,FALSE,TRUE,FALSE,FALSE,FALSE,FALSE,printed map,FALSE,unknown
99,Economy,Tourist Arrivals,TRUE,Location-wise Tourist Arrival Statistics (in million),"Tourist  Statistics, Location-wise",yes,"L&T Infra Engineering (2022) Comprehensive Traffic and Transportation Study for Jaipur Region, vol1","Table 2-11, p.g 2-25","Office of statistics, Department of Tourism, Rajasthan",Document not yet published,,,,,,2016,printed table,,Jaipur Region,regional level,region,private,not known,FALSE,FALSE,FALSE,FALSE,FALSE,FALSE,FALSE,FALSE,FALSE,FALSE,FALSE,TRUE,FALSE,FALSE,FALSE,FALSE,FALSE,FALSE,FALSE,FALSE,TRUE,FALSE,FALSE,FALSE,FALSE,printed table,FALSE,unknown
100,Environment,"Physical Aspects And Location Of Towns, 2009",TRUE,"Name of town, Physical aspects(Rainfall & Temperature), Name of and road distance (in kms.) from (State HQ, District HQ, Sub-Division/ Taluk/ Tahsil / Police station/ Development  Block/ Island HQ, Nearest city with population of one lakh and more, Nearest city with population of five lakh and more) Railway station and Bus route","Transport Information, Town Connectivity, Climate",yes,"Directorate of Census Operations, Rajasthan (2014) Census of India 2011 - Rajasthan - Series 09 - Part XII B - District Census Handbook, Jaipur",Town Statement-II_0812,"Directorate of Census Operations, Rajasthan",https://censusindia.gov.in/nada/index.php/catalog/1069/download/3291/DH_2011_0812-Jaipur.zip,,,,,,2009,xls,,Jaipur District,district level,district,open,not known,FALSE,FALSE,FALSE,FALSE,FALSE,FALSE,FALSE,FALSE,FALSE,FALSE,FALSE,FALSE,FALSE,FALSE,FALSE,FALSE,FALSE,FALSE,FALSE,FALSE,FALSE,FALSE,FALSE,FALSE,FALSE,xls/xlsx,TRUE,unknown
101,Environment,Air Quality Index (Caaqms),TRUE,"Levels of PM2.5, PM10, NO2, CO, O3","Air Quality Index, CAAQMS, PM2.5, PM10, NO2, CO, O3",yes,Rajasthan State Pollution Control Board (2024),,RSPCB,https://environment.rajasthan.gov.in/content/environment/en/rajasthan-state-pollution-control-board/EnvironmentalReport/DownloadableAirQualityIndexCAAQMS.html,sustainable mobility,,,,2017,2020,xlsx,Every Year,CAAQMS Station,caaqms station,discrete locations,open,not known,FALSE,FALSE,FALSE,FALSE,FALSE,FALSE,FALSE,FALSE,FALSE,FALSE,FALSE,TRUE,FALSE,FALSE,FALSE,FALSE,FALSE,FALSE,FALSE,FALSE,FALSE,TRUE,FALSE,FALSE,FALSE,xls/xlsx,TRUE,Every Year
102,Environment,Noise Quality Bulletin Of Rajasthan State,TRUE,Decibel levels in different zones,"Noise quality, Rajasthan, decibel levels",yes,Rajasthan State Pollution Control Board (2024),,RSPCB,https://environment.rajasthan.gov.in/content/environment/en/rajasthan-state-pollution-control-board/NoiseQualityBulletin.html,sustainable mobility,,,,Jan-24,2024,printed table,Every Month,Jaipur Region,stations,discrete locations,open,not known,FALSE,FALSE,FALSE,FALSE,FALSE,FALSE,FALSE,FALSE,FALSE,FALSE,FALSE,TRUE,FALSE,FALSE,FALSE,FALSE,FALSE,FALSE,FALSE,FALSE,FALSE,TRUE,FALSE,FALSE,FALSE,printed table,FALSE,Every Month
103,Environment,Air Quality (Cpcb),TRUE,"PM2.5,PM10,NO,NO2,NOx, NH3,SO2, CO, Ozone,Benzene, Toluene, Xylene, O Xylene, Eth-Benzene, MP-Xylene, AT, RH,WS,WD,RF,TOT-RF, SR,BP, VWS for 1day,8hours, 1 hour and 15min time stamps","Air quality, CPCB, PM2.5, PM10, NO2, CO, O3",yes,Cental Pollution Control Board (2024) Central Control Room for Air Quality Management,,CPCB,https://airquality.cpcb.gov.in/ccr/#/caaqm-dashboard-all/caaqm-landing/caaqm-data-repository,sustainable mobility,,,,2017,2023,csv,Every 15 min,Jaipur Region,points,discrete locations,open,not known,FALSE,FALSE,FALSE,FALSE,FALSE,FALSE,FALSE,FALSE,FALSE,FALSE,FALSE,TRUE,FALSE,FALSE,FALSE,FALSE,FALSE,FALSE,FALSE,FALSE,FALSE,TRUE,FALSE,FALSE,FALSE,csv,TRUE,Every 15 min
104,Environment,Natural Landscape Jaipur,TRUE,"Area of natural features like lake,forest,ecologically sensitve area of JDA region","Natural Feature, JDA region",yes,"JSCL (2019) Ministry of housing and urban affairs,smart city data catalogue",,"CDO- Ajay Kumar, Jaipur Nagar Nigam",https://smartcities.data.gov.in/catalog/natural-landscape-jaipur,,,,,,2019,csv,,Jaipur Development Authority (2018),regional level,region,open,not known,FALSE,FALSE,FALSE,FALSE,FALSE,FALSE,FALSE,FALSE,FALSE,FALSE,FALSE,TRUE,FALSE,FALSE,FALSE,FALSE,FALSE,FALSE,FALSE,FALSE,TRUE,FALSE,FALSE,FALSE,FALSE,csv,TRUE,unknown
105,Environment,Climate Outlook Of Jaipur City,TRUE,Climatic details like Temperature and Rainfall statistics of Jaipur City.,"Climate, Temperature, Rainfall",yes,"JDA (2011) Master Development Plan 2025, vol1","Table 3-25, pg.191",JDA,https://jda.rajasthan.gov.in/content/dam/raj/udh/development-authority/jda-jaipur/pdf/MDP/Vol1.pdf,sustainable mobility,,,,,2011,printed table,,Jaipur Development Authority (2018),regional level,region,open,not known,FALSE,FALSE,FALSE,FALSE,FALSE,FALSE,FALSE,FALSE,FALSE,FALSE,FALSE,TRUE,FALSE,FALSE,FALSE,FALSE,FALSE,FALSE,FALSE,FALSE,FALSE,TRUE,FALSE,FALSE,FALSE,printed table,FALSE,unknown
106,Environment,Open Series Map (Scale: 1:50000),TRUE,Open series map image in Scale: 1:50000 based on sheet no. (not georeferenced),"open series, map",yes,Survey of India (2024) Online Maps Portal,,Survey of india,https://onlinemaps.surveyofindia.gov.in/FreeMapSpecification.aspx,,,,,,2011,map image,,India,national level,spatial grid,open,not known,FALSE,FALSE,FALSE,FALSE,FALSE,FALSE,FALSE,FALSE,FALSE,FALSE,FALSE,FALSE,FALSE,FALSE,FALSE,FALSE,FALSE,FALSE,FALSE,FALSE,FALSE,FALSE,FALSE,FALSE,FALSE,printed map,FALSE,unknown
107,Intermediate Public Transport,Intermediate Public Transport Facilities,TRUE,Issues with IPT Facilities,IPT,yes,"L&T Infra Engineering (2022) Comprehensive Traffic and Transportation Study for Jaipur Region, vol1",Figure 3-14 pg 3-52,JDA,Document not yet published,inclusive mobility,Last-mile use of intermediate public transport,,,,2018,pie chart,,Jaipur Development Authority (2018),regional level,region,private,not known,FALSE,FALSE,FALSE,FALSE,FALSE,FALSE,FALSE,FALSE,TRUE,FALSE,FALSE,FALSE,FALSE,FALSE,FALSE,FALSE,FALSE,FALSE,FALSE,FALSE,FALSE,FALSE,TRUE,FALSE,FALSE,chart,FALSE,unknown
108,Land Use,Land Utilization Of Jaipur District,TRUE,Land utilization of different landuse for Jaipur District,"Land Utilization, Land Use, Jaipur District",yes,"JDA (2011) Master Development Plan 2025, vol1","Table 2-5, Chart 2-1, pg.48",JDA,https://jda.rajasthan.gov.in/content/dam/raj/udh/development-authority/jda-jaipur/pdf/MDP/Vol1.pdf,,,,,,2001,"printed table, pie chart",,Jaipur District,district level,district,open,not known,FALSE,FALSE,FALSE,FALSE,FALSE,FALSE,FALSE,FALSE,FALSE,FALSE,FALSE,FALSE,FALSE,FALSE,FALSE,FALSE,FALSE,FALSE,FALSE,FALSE,FALSE,FALSE,FALSE,FALSE,FALSE,printed table,FALSE,unknown
109,Land Use,Base Map,TRUE,"Information about Region Boundary, Contour, Railways, National Highway, State Highway, City Road-Major, City Road-Minor, Unmetalled roads, River Course/Nallah/Waterbody, Walled City","Region Boundary, Infrastructure , Geographical Features, walled city",yes,"JDA (2011) Master Development Plan 2025, website",Mapbook 1,JDA,https://jda.rajasthan.gov.in/content/dam/raj/udh/development-authority/jda-jaipur/pdf/MDP/Mapbook1.pdf,,,,,,2009,pdf,,Jaipur Development Authority (2018),regional level,region,open,not known,FALSE,FALSE,FALSE,FALSE,FALSE,FALSE,FALSE,FALSE,FALSE,FALSE,FALSE,FALSE,FALSE,FALSE,FALSE,FALSE,FALSE,FALSE,FALSE,FALSE,FALSE,FALSE,FALSE,FALSE,FALSE,vector map,FALSE,unknown
110,Land Use,Generalised Existing Land Use Map,TRUE,Generalised existing land use for Jaipur U1 Area.,"Existing Land Use, Jaipur, U1 Area",yes,"JDA (2011) Master Development Plan 2025, website",Mapbook 2,JDA,https://jda.rajasthan.gov.in/content/dam/raj/udh/development-authority/jda-jaipur/pdf/MDP/Mapbook2.pdf,,,,,,2009,pdf,,Jaipur Development Authority (2018),regional level,region,open,not known,FALSE,FALSE,FALSE,FALSE,FALSE,FALSE,FALSE,FALSE,FALSE,FALSE,FALSE,FALSE,FALSE,FALSE,FALSE,FALSE,FALSE,FALSE,FALSE,FALSE,FALSE,FALSE,FALSE,FALSE,FALSE,vector map,FALSE,unknown
111,Land Use,Land Utilization Map,TRUE,Land Utilization of Jaipur Region,"Land Utilization, Land Use, Jaipur Region",yes,"JDA (2011) Master Development Plan 2025, website",Mapbook 3,JDA,https://jda.rajasthan.gov.in/content/dam/raj/udh/development-authority/jda-jaipur/pdf/MDP/Mapbook3.pdf,,,,,,2009,pdf,,Jaipur Development Authority (2018),regional level,region,open,not known,FALSE,FALSE,FALSE,FALSE,FALSE,FALSE,FALSE,FALSE,FALSE,FALSE,FALSE,FALSE,FALSE,FALSE,FALSE,FALSE,FALSE,FALSE,FALSE,FALSE,FALSE,FALSE,FALSE,FALSE,FALSE,vector map,FALSE,unknown
112,Land Use,Land Use Plan,TRUE,Proposed land use plan 2025 for Jaipur U1 Area.,"Proposed land use, U1 area",yes,"JDA (2011) Master Development Plan 2025, website",Mapbook 4,JDA,https://jda.rajasthan.gov.in/content/dam/raj/udh/development-authority/jda-jaipur/pdf/MDP/Mapbook4.pdf,,,,,,2025,pdf,,Jaipur Development Authority (2018),regional level,region,open,not known,FALSE,FALSE,FALSE,FALSE,FALSE,FALSE,FALSE,FALSE,FALSE,FALSE,FALSE,TRUE,FALSE,FALSE,FALSE,FALSE,FALSE,FALSE,FALSE,FALSE,TRUE,FALSE,FALSE,FALSE,FALSE,vector map,FALSE,unknown
113,Private Vehicles,No. Of Households Having Bicycle,TRUE,Number and percentage of households having bicycle.,Bicycle,yes,"Directorate of Census Operations, Rajasthan (2014) Census of India 2011 - Rajasthan - Series 09 - Part XII B - District Census Handbook, Jaipur","Table -9, pg-569","Directorate of Census Operations, Rajasthan",https://censusindia.gov.in/nada/index.php/catalog/1069,inclusive mobility,Walking and cycling,,,,2011,printed table,,Jaipur District,district level,district,open,not known,FALSE,FALSE,FALSE,FALSE,FALSE,FALSE,TRUE,FALSE,FALSE,FALSE,FALSE,FALSE,FALSE,FALSE,FALSE,FALSE,FALSE,FALSE,FALSE,FALSE,FALSE,FALSE,TRUE,FALSE,FALSE,printed table,FALSE,unknown
114,Private Vehicles,No. Of Households Having Scooter/Motorcycle/Moped,TRUE,Number and percentage of households havingScooter/Motorcycle/Moped.,"Scooter, motorcycle, Moped",yes,"Directorate of Census Operations, Rajasthan (2014) Census of India 2011 - Rajasthan - Series 09 - Part XII B - District Census Handbook, Jaipur","Table -9, pg-569","Directorate of Census Operations, Rajasthan",https://censusindia.gov.in/nada/index.php/catalog/1069,sustainable mobility,Reduction of private vehicles,,,,2011,printed table,,Jaipur District,district level,district,open,not known,FALSE,FALSE,FALSE,FALSE,TRUE,FALSE,FALSE,FALSE,FALSE,FALSE,FALSE,FALSE,FALSE,FALSE,FALSE,FALSE,FALSE,FALSE,FALSE,FALSE,FALSE,TRUE,FALSE,FALSE,FALSE,printed table,FALSE,unknown
115,Private Vehicles,No. Of Households Having Car/Jeep/Van,TRUE,Number and percentage of households having Car/Jeep/Van.,"car, Jeep, Van",yes,"Directorate of Census Operations, Rajasthan (2014) Census of India 2011 - Rajasthan - Series 09 - Part XII B - District Census Handbook, Jaipur","Table -9, pg-569","Directorate of Census Operations, Rajasthan",https://censusindia.gov.in/nada/index.php/catalog/1069,sustainable mobility,Reduction of private vehicles,,,,2011,printed table,,Jaipur District,district level,district,open,not known,FALSE,FALSE,FALSE,FALSE,TRUE,FALSE,FALSE,FALSE,FALSE,FALSE,FALSE,FALSE,FALSE,FALSE,FALSE,FALSE,FALSE,FALSE,FALSE,FALSE,FALSE,TRUE,FALSE,FALSE,FALSE,printed table,FALSE,unknown
116,Private Vehicles,Vehicle Registrations Data Jaipur,TRUE,"city name, the no. of registrations of buses, four-wheelers, two-wheelers, Goods Carrier Vehicles, Light Motor Vehicles, and miscellaneous others","vehicle registration, jaipur",yes,"JSCL (2019) Ministry of housing and urban affairs,smart city data catalogue",,"CDO- Ajay Kumar, Jaipur Nagar Nigam",https://smartcities.data.gov.in/catalog/vehicle-registrations-data-jaipur,sustainable mobility,Reduction of private vehicles,,,2015,2018,csv,,Jaipur City,city level,city,open,not known,FALSE,FALSE,FALSE,FALSE,TRUE,FALSE,FALSE,FALSE,FALSE,FALSE,FALSE,FALSE,FALSE,FALSE,FALSE,FALSE,FALSE,FALSE,FALSE,FALSE,FALSE,TRUE,FALSE,FALSE,FALSE,csv,TRUE,unknown
117,Private Vehicles,Vehicle Ownership Information,TRUE,Details of Vehicle Ownership in JMC and JDA,"Vehicle ownership, JMC, JDA",yes,"L&T Infra Engineering (2022) Comprehensive Traffic and Transportation Study for Jaipur Region, vol1",Figure 3-8 pg 3-34,JDA,Document not yet published,sustainable mobility,Reduction of private vehicles,,,,2018,pie chart,,Jaipur City,city level,city,private,not known,FALSE,FALSE,FALSE,FALSE,TRUE,FALSE,FALSE,FALSE,FALSE,FALSE,FALSE,FALSE,FALSE,FALSE,FALSE,FALSE,FALSE,FALSE,FALSE,FALSE,FALSE,TRUE,FALSE,FALSE,FALSE,chart,FALSE,unknown
118,Private Vehicles,Registration Of Vehicles In Jaipur District,TRUE,Registration of Vehicles in Jaipur District in yearly basis from 1990-2007,"Vehicle Registration, Jaipur District",yes,"Master Development Plan 2025 (2011), vol1","Table 2-30, pg. 94","Transport Department, Govt. of Rajasthan",https://jda.rajasthan.gov.in/content/dam/raj/udh/development-authority/jda-jaipur/pdf/MDP/Vol1.pdf,sustainable mobility,Reduction of private vehicles,,,1990,2007,printed table,,Jaipur District,district level,district,open,not known,FALSE,FALSE,FALSE,FALSE,TRUE,FALSE,FALSE,FALSE,FALSE,FALSE,FALSE,FALSE,FALSE,FALSE,FALSE,FALSE,FALSE,FALSE,FALSE,FALSE,FALSE,TRUE,FALSE,FALSE,FALSE,printed table,FALSE,unknown
119,Private Vehicles,Total Number Of Vehicles Registered,TRUE,"Number of registered vehicles in Jaipur from 2010-11 to 2020-21, categorized by different types of vehicles.","Registered vehicles, overview",yes,"Transport Department, Government of Rajasthan (2020-21) STATISTICAL YEAR BOOK","Table 5.5, Table 5.6","RTO, Jaipur",https://transport.rajasthan.gov.in/content/dam/transport/transport-dept/pdf/Statistical%20abstract%202020-21/Transport_Dept_Year_Book.pdf,sustainable mobility,Reduction of private vehicles,,,2010,2021,printed table,Every Year,Jaipur District,district level,district,open,not known,FALSE,FALSE,FALSE,FALSE,TRUE,FALSE,FALSE,FALSE,FALSE,FALSE,FALSE,FALSE,FALSE,FALSE,FALSE,FALSE,FALSE,FALSE,FALSE,FALSE,FALSE,TRUE,FALSE,FALSE,FALSE,printed table,FALSE,Every Year
120,Public Finance,Water Tax: Jaipur,TRUE,Yearly data of water tax on commercial and residential (2013 to 2018),"Water tax, commercial, residential",yes,"JSCL (2019) Ministry of housing and urban affairs,smart city data catalogue",,"CDO- Ajay Kumar, Jaipur Nagar Nigam",https://smartcities.data.gov.in/catalog/water-taxjaipur,,,,,2013,2018,csv,,Jaipur City,city level- water supply,city,open,not known,FALSE,FALSE,FALSE,FALSE,FALSE,FALSE,FALSE,FALSE,FALSE,FALSE,FALSE,TRUE,FALSE,FALSE,FALSE,FALSE,FALSE,FALSE,FALSE,FALSE,TRUE,FALSE,FALSE,FALSE,FALSE,csv,TRUE,unknown
121,Public Finance,Financial Health : Jaipur,TRUE,Yearly municipal's expenditure and revenue,"Expenditure, revenue, municipal area, yearly",yes,"JSCL (2019) Ministry of housing and urban affairs,smart city data catalogue",,"CDO- Ajay Kumar, Jaipur Nagar Nigam",https://smartcities.data.gov.in/catalog/financial-health-jaipur,sustainable transport funding,Transport-related investment,,,2015,2018,csv,,Jaipur Municipal Corporation,regional level,region,open,not known,FALSE,FALSE,FALSE,FALSE,FALSE,FALSE,FALSE,FALSE,FALSE,FALSE,FALSE,FALSE,FALSE,FALSE,FALSE,TRUE,FALSE,FALSE,FALSE,FALSE,FALSE,FALSE,FALSE,FALSE,TRUE,csv,TRUE,unknown
122,Public Finance,Budget For Open Spaces Development For Jaipur,TRUE,Total Municipal Budget (in lakhs) and Municipal budget allocation for open spaces and / or parks (including development & maintenance (in lakhs),Municipal budget,yes,"JSCL (2019) Ministry of housing and urban affairs,smart city data catalogue",,"CDO- Ajay Kumar, Jaipur Nagar Nigam",https://smartcities.data.gov.in/catalog/budget-open-spaces-development-jaipur,sustainable transport funding,Transport-related investment,,,,2018,csv,,Jaipur Municipal Corporation,regional level,region,open,not known,FALSE,FALSE,FALSE,FALSE,FALSE,FALSE,FALSE,FALSE,FALSE,FALSE,FALSE,FALSE,FALSE,FALSE,FALSE,TRUE,FALSE,FALSE,FALSE,FALSE,FALSE,FALSE,FALSE,FALSE,TRUE,csv,TRUE,unknown
123,Public Finance,Vat & Gst Collection For Jaipur,TRUE,Yearly total VAT/GST collection during the year (in INR Cr),VAT/GST Collection,yes,"JSCL (2019) Ministry of housing and urban affairs,smart city data catalogue",,"CDO- Ajay Kumar, Jaipur Nagar Nigam",https://smartcities.data.gov.in/catalog/vat-gst-collection-jaipur,sustainable transport funding,Transport-related investment,,,2014,2018,csv,,Jaipur District,district level,district,open,not known,FALSE,FALSE,FALSE,FALSE,FALSE,FALSE,FALSE,FALSE,FALSE,FALSE,FALSE,FALSE,FALSE,FALSE,FALSE,TRUE,FALSE,FALSE,FALSE,FALSE,FALSE,FALSE,FALSE,FALSE,TRUE,csv,TRUE,unknown
124,Public Safety & Health,Trauma Centres Of Rajasthan,TRUE,"District, trauma centre location, ambulance availability, vehicle no.,and ALS ambulance availability for rajasthan","Trauma/Ambulance Data, Emergency Services",yes,"State Road Safety Cell, Department of Transport and Road Safety, Rajasthan",,"State Road Safety Cell, Department of Transport and Road Safety, Rajasthan",https://roadsafetycell.rkcl.in/pageView/token=d3doM0tvbjVvNmVEbkJRM2YycHVUdz09,,,,,,2023,printed table,,Rajasthan,state level,state,open,not known,FALSE,FALSE,FALSE,FALSE,FALSE,FALSE,FALSE,FALSE,FALSE,FALSE,FALSE,TRUE,FALSE,FALSE,FALSE,FALSE,FALSE,FALSE,FALSE,FALSE,TRUE,FALSE,FALSE,FALSE,FALSE,printed table,FALSE,unknown
125,Public Safety & Health,On Road Crash Scenario Of Rajasthan,TRUE,"summary of road crashes in rajasthan, comparative analysis of road accidents, month wise road accidents,killed and injured, road accident killed and injured according to time,according to road category,percentage share of people killed according to category of road, (summary -2014 to 2023, others -2022 &2023)","Road Accident Statistics, Accident Analysis",yes,"State Road Safety Cell, Department of Transport and Road Safety, Rajasthan",,Rajasthan Knowledge Corporation Limited and State Road Safety Cell,https://roadsafetycell.rkcl.in/pageView/token=TXFXZzE0R0RxVlppTmlNVi9PSFlOUT09,health and safety,Decline in accidents,,,2014,2023,"printed table, graphs & piechart",,Rajasthan,state level,state,open,not known,FALSE,FALSE,FALSE,FALSE,FALSE,TRUE,FALSE,FALSE,FALSE,FALSE,FALSE,FALSE,FALSE,FALSE,FALSE,FALSE,FALSE,FALSE,FALSE,FALSE,FALSE,FALSE,FALSE,TRUE,FALSE,printed table,FALSE,unknown
126,Public Safety & Health,Black Spots Of Rajasthan,TRUE,"black spots identified by the state in the calender years 2022(2019-2020-2021) in NH and SH in the form of Highway no., location, police station, district, and accident in 3 years","Black Spots Data, Highway Accident Records",yes,"State Road Safety Cell, Department of Transport and Road Safety, Rajasthan",,"Transport Department, Govt. of Rajasthan",https://roadsafetycell.rkcl.in/pageView/token=UUp2TU8ySXR4SDB0QklrbFN6Q084UT09,health and safety,Decline in accidents,,,2019,2022,printed table,,Rajasthan,state level,state,open,not known,FALSE,FALSE,FALSE,FALSE,FALSE,TRUE,FALSE,FALSE,FALSE,FALSE,FALSE,FALSE,FALSE,FALSE,FALSE,FALSE,FALSE,FALSE,FALSE,FALSE,FALSE,FALSE,FALSE,TRUE,FALSE,printed table,FALSE,unknown
127,Public Safety & Health,Fatalities By Road Accidents In Jaipur City,TRUE,the number of deaths caused by road accidents in Jaipur City from the year 2010 to 2017. ,"deaths, road accidents, faltalities",yes,Cuts International (n.d.) Jaipur City Mobility Plan,pg. no 8,"Transport Department, Govt. of Rajasthan",Jaipur City Mobility Plan,health and safety,Decline in accidents,,,2010,2017,printed bar graph,,Jaipur Municipal Corporation,regional level,region,open,not known,FALSE,FALSE,FALSE,FALSE,FALSE,TRUE,FALSE,FALSE,FALSE,FALSE,FALSE,FALSE,FALSE,FALSE,FALSE,FALSE,FALSE,FALSE,FALSE,FALSE,FALSE,FALSE,FALSE,TRUE,FALSE,chart,FALSE,unknown
128,Public Safety & Health,Crimes Jaipur,TRUE,This catalog describes the total number of crimes per year in jaipur city,criminal history,yes,"JSCL (2019) Ministry of housing and urban affairs,smart city data catalogue",,"CDO- Ajay Kumar, Jaipur Nagar Nigam",https://smartcities.data.gov.in/catalog/crimes-jaipur,,,,,2014,2018,csv,,Jaipur Municipal Corporation,regional level,region,open,not known,FALSE,FALSE,FALSE,FALSE,FALSE,FALSE,FALSE,FALSE,FALSE,FALSE,FALSE,TRUE,FALSE,FALSE,FALSE,FALSE,FALSE,FALSE,FALSE,FALSE,TRUE,FALSE,FALSE,FALSE,FALSE,csv,TRUE,unknown
129,Public Safety & Health,Mortality Rate Jaipur,TRUE,Total birth rate and death rate yearly,"birth rate, death rate, jaipur",yes,"JSCL (2019) Ministry of housing and urban affairs,smart city data catalogue",,"CDO- Ajay Kumar, Jaipur Nagar Nigam",https://smartcities.data.gov.in/catalog/mortality-rate-jaipur,,,,,2013,2018,csv,,Jaipur Development Authority (2018),regional level,region,open,not known,FALSE,FALSE,FALSE,FALSE,FALSE,FALSE,FALSE,FALSE,FALSE,FALSE,FALSE,TRUE,FALSE,FALSE,FALSE,FALSE,FALSE,FALSE,FALSE,FALSE,TRUE,FALSE,FALSE,FALSE,FALSE,csv,TRUE,unknown
130,Public Safety & Health,Injuries And Fatalities,TRUE,Total number of fatalities and injuries due to traffic accidents yearly data.,"Fatalities, injuries, traffic accidents",yes,"JSCL (2019) Ministry of housing and urban affairs,smart city data catalogue",,"CDO- Ajay Kumar, Jaipur Nagar Nigam",https://smartcities.data.gov.in/catalog/injuries-and-fatalities,health and safety,Decline in accidents,,,2016,2018,csv,,Jaipur Municipal Corporation,regional level,region,open,not known,FALSE,FALSE,FALSE,FALSE,FALSE,TRUE,FALSE,FALSE,FALSE,FALSE,FALSE,FALSE,FALSE,FALSE,FALSE,FALSE,FALSE,FALSE,FALSE,FALSE,FALSE,FALSE,FALSE,TRUE,FALSE,csv,TRUE,unknown
131,Public Safety & Health,Security Surveillance,TRUE,"List of junctions where surveillance cameras are installed
",Surveillance Cameras,no,"L&T Infra Engineering (2022) Comprehensive Traffic and Transportation Study for Jaipur Region, vol2","ANNEXURE - 2-1, pg. 1 of 2-1","Traffic Police, Jaipur",Document not yet published,,,,,,2022,,,,,discrete locations,private,not known,FALSE,FALSE,FALSE,FALSE,FALSE,FALSE,FALSE,FALSE,FALSE,FALSE,FALSE,FALSE,FALSE,FALSE,FALSE,FALSE,FALSE,FALSE,FALSE,FALSE,FALSE,FALSE,FALSE,FALSE,FALSE,,FALSE,unknown
132,Public Safety & Health,Traffic Signals At Junctions,TRUE,List of junctions where traffic signals have been installed in Jaipur city,"Traffic junctions, junctions",yes,"L&T Infra Engineering (2022) Comprehensive Traffic and Transportation Study for Jaipur Region, vol2","ANNEXURE-2-1, pg 1 of 2-1","Traffic Police, Jaipur",Document not yet published,,,,,,2018,printed table,,Jaipur City,city level,city,open,not known,FALSE,FALSE,FALSE,FALSE,FALSE,FALSE,FALSE,FALSE,FALSE,FALSE,FALSE,FALSE,FALSE,FALSE,FALSE,FALSE,FALSE,FALSE,FALSE,FALSE,FALSE,FALSE,FALSE,FALSE,FALSE,printed table,FALSE,unknown
133,Public Safety & Health,Black Spots,TRUE,Accident prone location names in Jaipur,Accidents hotspots,yes,"L&T Infra Engineering (2022) Comprehensive Traffic and Transportation Study for Jaipur Region, vol2","Fig 2-32 (pg 2-56, CMP 2018)",JDA,Document not yet published,health and safety,Decline in accidents,,,,2018,map image,,Jaipur City,city level,city,open,not known,FALSE,FALSE,FALSE,FALSE,FALSE,TRUE,FALSE,FALSE,FALSE,FALSE,FALSE,FALSE,FALSE,FALSE,FALSE,FALSE,FALSE,FALSE,FALSE,FALSE,FALSE,FALSE,FALSE,TRUE,FALSE,printed map,FALSE,unknown
134,Public Safety & Health,Division-Wise Accidents Reports,TRUE,"Accident Report Division wise i.e. East, south, West and North Division",Accident report,yes,"L&T Infra Engineering (2022) Comprehensive Traffic and Transportation Study for Jaipur Region, vol2","Fig 2-31 (pg 2-55, CMP 2018)",JDA,Document not yet published,health and safety,Decline in accidents,,,,2018,bar chart,,Jaipur City,city level,city,open,not known,FALSE,FALSE,FALSE,FALSE,FALSE,TRUE,FALSE,FALSE,FALSE,FALSE,FALSE,FALSE,FALSE,FALSE,FALSE,FALSE,FALSE,FALSE,FALSE,FALSE,FALSE,FALSE,FALSE,TRUE,FALSE,chart,FALSE,unknown
135,Public Safety & Health,On-Road Accidents,TRUE,"Number of Road Accidents, Persons Killed, Persons Injured and Severity of Accidents",Road transportation accidents,yes,"Road Accidents in Rajasthan, Transport Department, Government of Rajasthan","Table 1.2, pg. 17, row no-16","Transport Department, Govt. of Rajasthan",https://www.tourism.rajasthan.gov.in/content/dam/transport/transport-dept/pdf/roadsafty/Road%20Accidents%20in%20Rajasthan%202018.pdf,health and safety,Decline in accidents,,,,2018,printed table,,Jaipur district,district level,district,open,not known,FALSE,FALSE,FALSE,FALSE,FALSE,TRUE,FALSE,FALSE,FALSE,FALSE,FALSE,FALSE,FALSE,FALSE,FALSE,FALSE,FALSE,FALSE,FALSE,FALSE,FALSE,FALSE,FALSE,TRUE,FALSE,printed table,FALSE,unknown
136,Public Safety & Health,On-Road Accidents,TRUE,"Number of Road Accidents, Persons Killed and Persons Injured","Comparative analysis, road accidents",yes,"Road Accidents in Rajasthan, Transport Department, Government of Rajasthan","Table 1:3, pg. 20, row no-16","Transport Department, Govt. of Rajasthan",https://www.tourism.rajasthan.gov.in/content/dam/transport/transport-dept/pdf/roadsafty/Road%20Accidents%20in%20Rajasthan%202018.pdf,health and safety,Decline in accidents,,,2017,2018,printed table,,Jaipur district,district level,district,open,not known,FALSE,FALSE,FALSE,FALSE,FALSE,TRUE,FALSE,FALSE,FALSE,FALSE,FALSE,FALSE,FALSE,FALSE,FALSE,FALSE,FALSE,FALSE,FALSE,FALSE,FALSE,FALSE,FALSE,TRUE,FALSE,printed table,FALSE,unknown
137,Public Transportation,My Safetipin App Audit Score In Jaipur City,TRUE,"ReportID, safetiPinScore,mediaURL, comments, observationDateTime, location of various locations in Jaipur city ","Location Data, safety, women",yes,Indian urban data exchange (2023) IUDX,,JDA,https://catalogue.cos.iudx.org.in/jaipur/dataset/91e116be-03bd-4f3d-a60b-e9db59bf48f0,,,,,,2019,json,,Jaipur Development Authority (2018),regional level,discrete locations,private,not known,FALSE,FALSE,FALSE,FALSE,FALSE,FALSE,FALSE,FALSE,FALSE,FALSE,FALSE,TRUE,FALSE,FALSE,FALSE,FALSE,FALSE,FALSE,FALSE,FALSE,TRUE,FALSE,FALSE,FALSE,FALSE,json,FALSE,unknown
138,Public Transportation,Recommended Mass Transit Corridor For Jaipur City With Phasing,TRUE,Population density for the 2nd phase metro of jaipur,"mass transit, corridor, metro phase 2, density",yes,"Comprehensive Mobility Plan, Urban Transport Sector Assessment Report jaipur",fig 0-2,"egis rail,egis india, feedback infra",https://transport.rajasthan.gov.in/content/dam/transport/metro/Project/DPR%20Phase%20II/CMP%20Executive%20Summary%20Final.pdf,,,,,,2017,map image,,Jaipur Municipal Corporation,regional level,region,open,not known,FALSE,FALSE,FALSE,FALSE,FALSE,FALSE,FALSE,FALSE,FALSE,FALSE,FALSE,FALSE,FALSE,FALSE,FALSE,FALSE,FALSE,FALSE,FALSE,FALSE,FALSE,FALSE,FALSE,FALSE,FALSE,printed map,FALSE,unknown
139,Public Transportation,Jaipur City Bus Routes Description,TRUE,"Street no., route description, number of buses and interval(min) of the operating buses in HIndi"," street no., route description, number of buses, interval, city bus",yes,Jaipur City Transport Services Limited (n.d.),,JCTSL,https://transport.rajasthan.gov.in/content/transportportal/en/jaipur-bus/schedules-maps/bus-routes.html,public transport supply,Public transport accessibility,,,,2024,printed table,,Jaipur Region,regional level,region,open,not known,TRUE,FALSE,FALSE,FALSE,FALSE,FALSE,FALSE,FALSE,FALSE,FALSE,FALSE,FALSE,FALSE,FALSE,FALSE,FALSE,FALSE,TRUE,FALSE,FALSE,FALSE,FALSE,FALSE,FALSE,FALSE,printed table,FALSE,unknown
140,Public Transportation,Public Transport Access Jaipur,TRUE,"Number of AC / Non AC buses, number of bus terminals, number of bus stands, number of bus stops","public tranport, access,jaipur",yes,"JSCL (2019) Ministry of housing and urban affairs,smart city data catalogue",,"CDO- Ajay Kumar, Jaipur Nagar Nigam",https://smartcities.data.gov.in/catalog/publictransportaccessjaipur,public transport supply,Public transport accessibility,,,,2019,csv,,Jaipur Region,regional level,region,open,not known,TRUE,FALSE,FALSE,FALSE,FALSE,FALSE,FALSE,FALSE,FALSE,FALSE,FALSE,FALSE,FALSE,FALSE,FALSE,FALSE,FALSE,TRUE,FALSE,FALSE,FALSE,FALSE,FALSE,FALSE,FALSE,csv,TRUE,unknown
141,Public Transportation,Details Of Average Ridership (2016-17) On Important Sections Served By Jctsl,TRUE,Details of Average ridership for important sections in year 2016-17.,Average ridership,yes,"L&T Infra Engineering (2022) Comprehensive Traffic and Transportation Study for Jaipur Region, vol2","ANNEXURE-2-1, pg 1 of 2-1",JCTSL,Document not yet published,inclusive mobility,Public transport ridership,,,,2017,printed table,,Jaipur City,city level,city,open,not known,FALSE,FALSE,FALSE,FALSE,FALSE,FALSE,FALSE,TRUE,FALSE,FALSE,FALSE,FALSE,FALSE,FALSE,FALSE,FALSE,FALSE,FALSE,FALSE,FALSE,FALSE,FALSE,TRUE,FALSE,FALSE,printed table,FALSE,unknown
142,Public Transportation,Jaipur Metro Stations,TRUE,Finished and proposed map of the number of metro stations and routes in Jaipur City.,"metro stations, routes, proposed, finished",yes,Jaipur Metro Rail Corporation Ltd. (2024),,JMRCL,https://transport.rajasthan.gov.in/content/transportportal/en/metro/PassengerInformation/MetroStations.html,public transport supply,Public transport accessibility,,,,,map image,,Jaipur City,city level,city,open,not known,TRUE,FALSE,FALSE,FALSE,FALSE,FALSE,FALSE,FALSE,FALSE,FALSE,FALSE,FALSE,FALSE,FALSE,FALSE,FALSE,FALSE,TRUE,FALSE,FALSE,FALSE,FALSE,FALSE,FALSE,FALSE,printed map,FALSE,unknown
143,Public Transportation,Route Map Of Jaipur Metro,TRUE,Route Map of Jaipur Metro,"route map, metro, jaipur",yes,Jaipur Metro Rail Corporation Ltd. (2024),,JMRCL,https://transport.rajasthan.gov.in/content/transportportal/en/metro/PassengerInformation/MetroStations.html,public transport supply,Public transport accessibility,,,,2018,map image,,Jaipur City,city level,city,open,not known,TRUE,FALSE,FALSE,FALSE,FALSE,FALSE,FALSE,FALSE,FALSE,FALSE,FALSE,FALSE,FALSE,FALSE,FALSE,FALSE,FALSE,TRUE,FALSE,FALSE,FALSE,FALSE,FALSE,FALSE,FALSE,printed map,FALSE,unknown
144,Public Transportation,Bus Route Map2,TRUE,JCTSL Bus Route Map,"JCTSL, Bus route, map",yes,"L&T Infra Engineering (2022) Comprehensive Traffic and Transportation Study for Jaipur Region, vol1","Figure 2-26, pg. 2-44",JMC,Document not yet published,public transport supply,Public transport accessibility,,,,2018,map image,,Jaipur City,city level,city,private,not known,TRUE,FALSE,FALSE,FALSE,FALSE,FALSE,FALSE,FALSE,FALSE,FALSE,FALSE,FALSE,FALSE,FALSE,FALSE,FALSE,FALSE,TRUE,FALSE,FALSE,FALSE,FALSE,FALSE,FALSE,FALSE,printed map,FALSE,unknown
145,Public Transportation,Bus Route Map1,TRUE,JCTSL Bus Route Map,"JCTSL, Bus route, map",yes,"L&T Infra Engineering (2022) Comprehensive Traffic and Transportation Study for Jaipur Region, vol1","Figure 2-25, pg. 2-43",JDA,Document not yet published,public transport supply,Public transport accessibility,,,,2018,map image,,Jaipur City,city level,city,private,not known,TRUE,FALSE,FALSE,FALSE,FALSE,FALSE,FALSE,FALSE,FALSE,FALSE,FALSE,FALSE,FALSE,FALSE,FALSE,FALSE,FALSE,TRUE,FALSE,FALSE,FALSE,FALSE,FALSE,FALSE,FALSE,printed map,FALSE,unknown
146,Public Transportation,Inter City Public Transport,TRUE,Inter-city passenger traffic demand,"inter city, traffic demand, public transport",yes,"L&T Infra Engineering (2022) Comprehensive Traffic and Transportation Study for Jaipur Region, vol1","Figure 2-21, pg. 2-35","RSRTC, JCTSL",Document not yet published,public transport supply,Public transport accessibility,,,,2018,map image,,Jaipur City,city level,city,private,not known,TRUE,FALSE,FALSE,FALSE,FALSE,FALSE,FALSE,FALSE,FALSE,FALSE,FALSE,FALSE,FALSE,FALSE,FALSE,FALSE,FALSE,TRUE,FALSE,FALSE,FALSE,FALSE,FALSE,FALSE,FALSE,printed map,FALSE,unknown
147,Public Transportation,Intra City Terminal And Depots,TRUE,Intra-city (JCTSL) Bus Terminals and Depots,"intra city, JCTSL, bus terminals, depots, public transport",yes,"L&T Infra Engineering (2022) Comprehensive Traffic and Transportation Study for Jaipur Region, vol1","Figure 2-22, pg. 2-38",JCTSL,Document not yet published,public transport supply,Public transport accessibility,,,,2018,map image,,Jaipur City,city level,city,private,not known,TRUE,FALSE,FALSE,FALSE,FALSE,FALSE,FALSE,FALSE,FALSE,FALSE,FALSE,FALSE,FALSE,FALSE,FALSE,FALSE,FALSE,TRUE,FALSE,FALSE,FALSE,FALSE,FALSE,FALSE,FALSE,printed map,FALSE,unknown
148,Public Transportation,Inter City Terminal And Depots,TRUE,Inter-city (RSRTC) Bus Terminals and Depots,"inter city, RSRTC, nis terminals, depots, ",yes,"L&T Infra Engineering (2022) Comprehensive Traffic and Transportation Study for Jaipur Region, vol1","Figure 2-23, pg. 2-39",RSRTC,Document not yet published,public transport supply,Public transport accessibility,,,,2018,map image,,Jaipur City,city level,city,private,not known,TRUE,FALSE,FALSE,FALSE,FALSE,FALSE,FALSE,FALSE,FALSE,FALSE,FALSE,FALSE,FALSE,FALSE,FALSE,FALSE,FALSE,TRUE,FALSE,FALSE,FALSE,FALSE,FALSE,FALSE,FALSE,printed map,FALSE,unknown
149,Transport Network,Public Transport Road Network,TRUE,Coded Public Transport Network for JDA Region,"public transport, network, JDA",yes ,"L&T Infra Engineering (2022) Comprehensive Traffic and Transportation Study for Jaipur Region, vol1",Figure 6-7 pg 6-15,JDA,Document not yet published,public transport supply,,,,,2022,map image,,JDA Region,city level,city,private,not known,FALSE,FALSE,FALSE,FALSE,FALSE,FALSE,FALSE,FALSE,FALSE,FALSE,FALSE,FALSE,FALSE,FALSE,FALSE,FALSE,FALSE,TRUE,FALSE,FALSE,FALSE,FALSE,FALSE,FALSE,FALSE,printed map,FALSE,unknown
150,Transport Network,Public Transport Road Network,TRUE,Coded Public Transport Network for JMC,"public transport, network, JMC",yes,"L&T Infra Engineering (2022) Comprehensive Traffic and Transportation Study for Jaipur Region, vol1",Figure 6-8 pg 6-15,JDA,Document not yet published,public transport supply,,,,,2022,map image,,JMC Boundary,city level,city,private,not known,FALSE,FALSE,FALSE,FALSE,FALSE,FALSE,FALSE,FALSE,FALSE,FALSE,FALSE,FALSE,FALSE,FALSE,FALSE,FALSE,FALSE,TRUE,FALSE,FALSE,FALSE,FALSE,FALSE,FALSE,FALSE,printed map,FALSE,unknown
151,Public Transportation,Existing Bus Circulation To And From Sindhi Camp Terminal,TRUE,existing bus routes to and from Sindhi Camp Terminal.,"Bus route, sindhi camp",yes,"L&T Infra Engineering (2022) Comprehensive Traffic and Transportation Study for Jaipur Region, vol1","Figure 7-21, Pg. 7-25",JDA,Document not yet published,public transport supply,,,,,2022,map image,,Specific location,city level,city,open,not known,FALSE,FALSE,FALSE,FALSE,FALSE,FALSE,FALSE,FALSE,FALSE,FALSE,FALSE,FALSE,FALSE,FALSE,FALSE,FALSE,FALSE,TRUE,FALSE,FALSE,FALSE,FALSE,FALSE,FALSE,FALSE,printed map,FALSE,unknown
152,Public Transportation,Existing Jctsl Bus Route Coverage,TRUE,Existing and Proposed JCTSL Bus Route Coverage,Bus route JCTSL,yes,"L&T Infra Engineering (2022) Comprehensive Traffic and Transportation Study for Jaipur Region, vol1","Figure 7-59, Pg. 7-85",JDA,Document not yet published,public transport supply,Public transport accessibility,,,,2022,map image,,Jaipur City,city level,city,open,not known,TRUE,FALSE,FALSE,FALSE,FALSE,FALSE,FALSE,FALSE,FALSE,FALSE,FALSE,FALSE,FALSE,FALSE,FALSE,FALSE,FALSE,TRUE,FALSE,FALSE,FALSE,FALSE,FALSE,FALSE,FALSE,printed map,FALSE,unknown
153,Public Transportation,Operational Brts Corridors,TRUE,"Operational BRTS Corridors 
",BRTS Cooridors,yes,"L&T Infra Engineering (2022) Comprehensive Traffic and Transportation Study for Jaipur Region, vol1","Figure 7-70, Pg. 7-111",JDA,Document not yet published,public transport supply,,,,,2022,map image,,Jaipur City,city level,city,open,not known,FALSE,FALSE,FALSE,FALSE,FALSE,FALSE,FALSE,FALSE,FALSE,FALSE,FALSE,FALSE,FALSE,FALSE,FALSE,FALSE,FALSE,TRUE,FALSE,FALSE,FALSE,FALSE,FALSE,FALSE,FALSE,printed map,FALSE,unknown
154,Public Transportation,Passenger Amenities Near Metro Stations,TRUE,"passenger amenities near metro stations like hospitals, cafe & hotels, police stations and others","amenities, hospitals, police station, ",yes,Jaipur Metro Rail Corporation Ltd. (2024),,JMRCL,https://transport.rajasthan.gov.in/content/transportportal/en/metro/PassengerInformation/PASSENGERAMENITIESNEARMETROSTATIONS.html,,,,,,2024,printed table,,Jaipur North Region,regional level,region,open,not known,FALSE,FALSE,FALSE,FALSE,FALSE,FALSE,FALSE,FALSE,FALSE,FALSE,FALSE,TRUE,FALSE,FALSE,FALSE,FALSE,FALSE,FALSE,FALSE,FALSE,TRUE,FALSE,FALSE,FALSE,FALSE,printed table,FALSE,unknown
155,Public Transportation,Buses Jaipur (2015-2017),TRUE,number of buses in Jaipur City,"Buses, Jaipur City",yes,"JSCL (2019) Ministry of housing and urban affairs,smart city data catalogue",,"CDO- Ajay Kumar, Jaipur Nagar Nigam",https://smartcities.data.gov.in/catalog/buses-jaipur,public transport supply,Supply of public transport vehicles,,,2015,2017,,,,,city,open,not known,FALSE,FALSE,FALSE,FALSE,FALSE,FALSE,FALSE,FALSE,FALSE,FALSE,TRUE,FALSE,FALSE,FALSE,FALSE,FALSE,FALSE,TRUE,FALSE,FALSE,FALSE,FALSE,FALSE,FALSE,FALSE,,TRUE,unknown
156,Public Transportation,Earnings From Bus Trips Jaipur,TRUE,earnings from bus trips jaipur,"Buses, trip income",yes,"JSCL (2019) Ministry of housing and urban affairs,smart city data catalogue",,"CDO- Ajay Kumar, Jaipur Nagar Nigam",https://smartcities.data.gov.in/catalog/earningsfrombustripsjaipur,sustainable transport funding,,,,2015,2017,csv,,Jaipur City,city level,city,open,not known,FALSE,FALSE,FALSE,FALSE,FALSE,FALSE,FALSE,FALSE,FALSE,FALSE,FALSE,FALSE,FALSE,FALSE,FALSE,FALSE,FALSE,FALSE,FALSE,FALSE,FALSE,FALSE,FALSE,FALSE,TRUE,,FALSE,unknown
157,Public Transportation,Type Of Approach To Village And Bus Services In Jaipur Region,TRUE,information about the approaches to the village and bus services.,"Bus services, villages",yes,"JDA (2011) Master Development Plan 2025, vol1","Map 3-16, pg. 170",JDA,https://jda.rajasthan.gov.in/content/dam/raj/udh/development-authority/jda-jaipur/pdf/MDP/Vol1.pdf,inclusive mobility,,,,,2001,map image,,Jaipur Region,regional level,region,open,not known,FALSE,FALSE,FALSE,FALSE,FALSE,FALSE,FALSE,FALSE,FALSE,FALSE,FALSE,FALSE,FALSE,FALSE,FALSE,FALSE,FALSE,FALSE,FALSE,FALSE,FALSE,FALSE,TRUE,FALSE,FALSE,printed map,FALSE,unknown
158,Public Transportation,Details Of Bus Routes And Frequency,TRUE,"Bus depot,route, route no., route length, frequency","bus routes, frequency",yes,Wilbur Smith Associates(2010) Traffic and Transportation Study for Detailed Project Report for Proposed Jaipur Metro,"ANNEXURE - 2, pg. 113",Wilbur smith associates,https://www.tourism.rajasthan.gov.in/content/dam/transport/metro/Project/Traffic%20Study%20by%20Wilbur%20Smith%20Associates-2010/Traffic%20and%20Transportation%20Study%20For%20DPR%20For%20Proposed%20Jaipur%20Metro%20Feb%202010.pdf,public transport supply,Public transport accessibility,,,,2009,printed table,,"Jaipur City, specific locations",city level,city,open,not known,TRUE,FALSE,FALSE,FALSE,FALSE,FALSE,FALSE,FALSE,FALSE,FALSE,FALSE,FALSE,FALSE,FALSE,FALSE,FALSE,FALSE,TRUE,FALSE,FALSE,FALSE,FALSE,FALSE,FALSE,FALSE,printed table,FALSE,unknown
159,Public Transportation,Details Of Bus Route Map,TRUE,simplified Bus route along with railway tracks for 01.05.23,bus routes,yes,Jaipur City Transport Services Limited (n.d.),,"Transport Department, Govt. of Rajasthan",https://transport.rajasthan.gov.in/content/dam/transport/jaipurbus/image/Jaipur%20Bus%20Map%20Final_01.05.23.jpg,public transport supply,Public transport accessibility,,,,2023,printed map,,"Jaipur City, specific locations",city level,city,open,not known,TRUE,FALSE,FALSE,FALSE,FALSE,FALSE,FALSE,FALSE,FALSE,FALSE,FALSE,FALSE,FALSE,FALSE,FALSE,FALSE,FALSE,TRUE,FALSE,FALSE,FALSE,FALSE,FALSE,FALSE,FALSE,printed map,FALSE,unknown
160,Public Transportation,Jaipur Metro Time Table,TRUE,Salient feaures of public time table w.e.f. 31.01.2023,time table,yes,Jaipur Metro Rail Corporation Ltd. (2023),,JMRCL,https://transport.rajasthan.gov.in/content/dam/transport/metro/Passenger%20Information/Metro%20time%20Table/Salient%20Features%20of%20Time%20Table%20w.e.f.%2030.01.2023.pdf,,,,,,2023,printed table,,Jaipur North Region,city level,city,open,not known,FALSE,FALSE,FALSE,FALSE,FALSE,FALSE,FALSE,FALSE,FALSE,FALSE,FALSE,TRUE,FALSE,FALSE,FALSE,FALSE,FALSE,FALSE,FALSE,FALSE,TRUE,FALSE,FALSE,FALSE,FALSE,printed table,FALSE,unknown
161,Public Transportation,Parking Rate At Metro Station,TRUE,parking rate at metro station,"parking rate, metro station",yes,Jaipur Metro Rail Corporation Ltd. (2024),,JMRCL,https://transport.rajasthan.gov.in/content/transportportal/en/metro/PassengerInformation/ParkingatMetroStations.html,effective enforcement,Parking management,,,,2024,printed table,,Jaipur North Region,city level,city,open,not known,FALSE,FALSE,FALSE,TRUE,FALSE,FALSE,FALSE,FALSE,FALSE,FALSE,FALSE,FALSE,FALSE,FALSE,FALSE,FALSE,FALSE,FALSE,FALSE,TRUE,FALSE,FALSE,FALSE,FALSE,FALSE,printed table,FALSE,unknown
162,Public Transportation,Jaipur Metro Fare Matrix,TRUE,the Fare structure of metro operations by JMRC dated 11.09.2020,"fare, JMRC",yes,Jaipur Metro Rail Corporation Ltd. (2020),,JMRCL,https://transport.rajasthan.gov.in/content/dam/transport/metro/Passenger%20Information/MetroFares/Notification%20Fare%20structure%20of%20metro%20operation%20by%20JMRC%20dtd_11.09.2020.pdf.pdf,"inclusive mobility, sustainable transport funding",,,,,2024,printed table,,Jaipur North Region,city level,city,open,not known,FALSE,FALSE,FALSE,FALSE,FALSE,FALSE,FALSE,FALSE,FALSE,FALSE,FALSE,FALSE,FALSE,FALSE,FALSE,FALSE,FALSE,FALSE,FALSE,FALSE,FALSE,FALSE,TRUE,FALSE,TRUE,printed table,FALSE,unknown
163,Public Transportation,Jaipur City Bus Fare Matrix,TRUE,"the fares for the AC & Non A/C Buses, women and students according to the distances.","city bus, jaipur, fare matrix",yes,Transport Department Of Rajasthan website,,JCTSL,https://transport.rajasthan.gov.in/content/transportportal/en/jaipur-bus/fares-tickets/fare-chart.html,"sustainable transport funding, inclusive mobility",,,,,2024,printed table,,Jaipur City,city level,city,open,not known,FALSE,FALSE,FALSE,FALSE,FALSE,FALSE,FALSE,FALSE,FALSE,FALSE,FALSE,FALSE,FALSE,FALSE,FALSE,FALSE,FALSE,FALSE,FALSE,FALSE,FALSE,FALSE,TRUE,FALSE,TRUE,printed table,FALSE,unknown
164,Public Transportation,Availability Of Bus Services In Jaipur Region,TRUE,The map provides the regional analysis for availability/non-availability of bus services.,"bus services, regional analysis",yes,"JDA (2011) Master Development Plan 2025, vol1","Map 3-15, pg. 169",JDA,https://jda.rajasthan.gov.in/content/dam/raj/udh/development-authority/jda-jaipur/pdf/MDP/Vol1.pdf,public transport supply,Public transport accessibility,,,,2001,map image,,Jaipur Region,regional level,region,open,not known,TRUE,FALSE,FALSE,FALSE,FALSE,FALSE,FALSE,FALSE,FALSE,FALSE,FALSE,FALSE,FALSE,FALSE,FALSE,FALSE,FALSE,TRUE,FALSE,FALSE,FALSE,FALSE,FALSE,FALSE,FALSE,printed map,FALSE,unknown
165,Public Transportation,Existing Bus Terminals In Jaipur City,TRUE,"Comparison of Existing and Proposed Terminals 
",Terminals,yes,"L&T Infra Engineering (2022) Comprehensive Traffic and Transportation Study for Jaipur Region, vol1","Figure 7-52, Pg. 7-77",JDA,Document not yet published,"public transport supply, effective enforcement",,,,,2022,map image,,Jaipur City,city level,city,private,not known,FALSE,FALSE,FALSE,FALSE,FALSE,FALSE,FALSE,FALSE,FALSE,FALSE,FALSE,FALSE,FALSE,FALSE,FALSE,FALSE,FALSE,TRUE,FALSE,TRUE,FALSE,FALSE,FALSE,FALSE,FALSE,printed map,FALSE,unknown
166,Public Transportation,Existing Inter-City And Intra-City Depots,TRUE,"Existing and proposed Inter-city and Intra-city Depots 
","Depots: inter city, intra city",yes,"L&T Infra Engineering (2022) Comprehensive Traffic and Transportation Study for Jaipur Region, vol1","Figure 7-54, Pg. 7-79",JDA,Document not yet published,"public transport supply, effective enforcement",,,,,2022,map image,,Jaipur City,city level,city,private,not known,FALSE,FALSE,FALSE,FALSE,FALSE,FALSE,FALSE,FALSE,FALSE,FALSE,FALSE,FALSE,FALSE,FALSE,FALSE,FALSE,FALSE,TRUE,FALSE,TRUE,FALSE,FALSE,FALSE,FALSE,FALSE,printed map,FALSE,unknown
167,Resource Use,Electricity Consumption Jaipur,TRUE,"Consumption of electricity for domestic, industrial,commerial, public waterworks and street lights, and other consumptions","domestic, industrial,commerial, public waterworks, street lights, electricity, energy",yes,"JSCL (2019) Ministry of housing and urban affairs,smart city data catalogue",,"CDO- Ajay Kumar, Jaipur Nagar Nigam",https://smartcities.data.gov.in/catalog/electricity-consumption-jaipur,,,,,,2018,csv,,Jaipur Municipal Corporation Greater (2019),regional level,region,open,not known,FALSE,FALSE,FALSE,FALSE,FALSE,FALSE,FALSE,FALSE,FALSE,FALSE,FALSE,TRUE,FALSE,FALSE,FALSE,FALSE,FALSE,FALSE,FALSE,FALSE,TRUE,FALSE,FALSE,FALSE,FALSE,csv,TRUE,unknown
168,Resource Use,Water Consumption Jaipur,TRUE,"Ward wise water supply capacity,domestic water consumption and percentage area of water supply network","Water supply, ward wise",yes,"JSCL (2019) Ministry of housing and urban affairs,smart city data catalogue",,"CDO- Ajay Kumar, Jaipur Nagar Nigam",https://smartcities.data.gov.in/catalog/water-consumption-jaipur,,,,,,2018,csv,,Jaipur Municipal Corporation,regional level,region,open,not known,FALSE,FALSE,FALSE,FALSE,FALSE,FALSE,FALSE,FALSE,FALSE,FALSE,FALSE,TRUE,FALSE,FALSE,FALSE,FALSE,FALSE,FALSE,FALSE,FALSE,TRUE,FALSE,FALSE,FALSE,FALSE,csv,TRUE,unknown
169,Satellite Images,"Satellite Image Cartosat 1 Pan, Stereo (2.5m Spatial Resolution)",TRUE,"Satellite imagery of 2.5m spatial resolution PAN-Ortho Rectified (without GCP), Stereo- RAD Ortho kit with 27.5kmx27.5km swath width","satellite image, CARTOSAT",yes,ISRO (2024) Bhoonidhi,,ISRO,https://bhoonidhi.nrsc.gov.in/bhoonidhi/index.html,,,,,2005,2019,geotiff image,4-5 days (temporal resolution),India,national level,spatial grid,paid,not known,FALSE,FALSE,FALSE,FALSE,FALSE,FALSE,FALSE,FALSE,FALSE,FALSE,FALSE,FALSE,FALSE,FALSE,FALSE,FALSE,FALSE,FALSE,FALSE,FALSE,FALSE,FALSE,FALSE,FALSE,FALSE,geotiff image,FALSE,4-5 days
170,Satellite Images,"Satellite Image Cartosat 1 ,Cartodem (2.5m,10m Spatial Resolution)",TRUE,Satellite imagery of DSM of 10m Posting and 2.5m Posting with swath width 14km x14km  is available,"satellite image, CARTOSAT",yes,ISRO (2024) Bhoonidhi,,ISRO,https://bhoonidhi.nrsc.gov.in/bhoonidhi/index.html,,,,,2005,2019,geotiff image,4-5 days (temporal resolution),India,national level,spatial grid,paid,not known,FALSE,FALSE,FALSE,FALSE,FALSE,FALSE,FALSE,FALSE,FALSE,FALSE,FALSE,FALSE,FALSE,FALSE,FALSE,FALSE,FALSE,FALSE,FALSE,FALSE,FALSE,FALSE,FALSE,FALSE,FALSE,geotiff image,FALSE,4-5 days
171,Satellite Images,"Satellite Image Cartosat 2 Pan, (1m Spatial Resolution)",TRUE,Satellite imagery of GEO Orthokit and Ortho Rectified (without GCP) with swath width of 9.8km x 9.8km is available,"satellite image, CARTOSAT",yes,ISRO (2024) Bhoonidhi,,ISRO,https://bhoonidhi.nrsc.gov.in/bhoonidhi/index.html,,,,,2007,2019,geotiff image,4-5 days (temporal resolution),India,national level,spatial grid,paid,not known,FALSE,FALSE,FALSE,FALSE,FALSE,FALSE,FALSE,FALSE,FALSE,FALSE,FALSE,FALSE,FALSE,FALSE,FALSE,FALSE,FALSE,FALSE,FALSE,FALSE,FALSE,FALSE,FALSE,FALSE,FALSE,geotiff image,FALSE,4-5 days
172,Satellite Images,"Satellite Image Cartosat 2s, Pan, (0.60m Spatial Resolution)",TRUE,Satellite imagery of GEO Orthokit and Ortho Rectified (without GCP) with swath width of 9.8km x 9.8km is available,"satellite image, CARTOSAT",yes,ISRO (2024) Bhoonidhi,,ISRO,https://bhoonidhi.nrsc.gov.in/bhoonidhi/index.html,,,,,2016,2024,geotiff image,4-5 days (temporal resolution),India,national level,spatial grid,paid,not known,FALSE,FALSE,FALSE,FALSE,FALSE,FALSE,FALSE,FALSE,FALSE,FALSE,FALSE,FALSE,FALSE,FALSE,FALSE,FALSE,FALSE,FALSE,FALSE,FALSE,FALSE,FALSE,FALSE,FALSE,FALSE,geotiff image,FALSE,4-5 days
173,Satellite Images,"Satellite Image Cartosat 2s, Mx, (1.60m Spatial Resolution)",TRUE,"Satellite imagery of GEO Orthokit, Ortho Rectified (without GCP),Ortho Mosaic (Min:2, Max : 4 ), and NCC & FCC (Ortho Rectified-without GCP) with swath width of 9.8km x 9.8km is available","satellite image, CARTOSAT",yes,ISRO (2024) Bhoonidhi,,ISRO,https://bhoonidhi.nrsc.gov.in/bhoonidhi/index.html,,,,,2016,2024,geotiff image,4-5 days (temporal resolution),India,national level,spatial grid,paid,not known,FALSE,FALSE,FALSE,FALSE,FALSE,FALSE,FALSE,FALSE,FALSE,FALSE,FALSE,FALSE,FALSE,FALSE,FALSE,FALSE,FALSE,FALSE,FALSE,FALSE,FALSE,FALSE,FALSE,FALSE,FALSE,geotiff image,FALSE,4-5 days
174,Satellite Images,"Satellite Image Cartosat 2s, Pan+Mx, (0.60m Spatial Resolution)",TRUE,"Satellite imagery of Pan-sharpened, Pan-sharpened Mosaic (Min:2, Max:4), and NCC & FCC (Pan-sharpened) with swath width of 9.8km x 9.8km is available","satellite image, CARTOSAT",yes,ISRO (2024) Bhoonidhi,,ISRO,https://bhoonidhi.nrsc.gov.in/bhoonidhi/index.html,,,,,2016,2024,geotiff image,4-5 days (temporal resolution),India,national level,spatial grid,paid,not known,FALSE,FALSE,FALSE,FALSE,FALSE,FALSE,FALSE,FALSE,FALSE,FALSE,FALSE,FALSE,FALSE,FALSE,FALSE,FALSE,FALSE,FALSE,FALSE,FALSE,FALSE,FALSE,FALSE,FALSE,FALSE,geotiff image,FALSE,4-5 days
175,Satellite Images,"Satellite Image Cartosat 3, Pan, (0.28m,0.45m Spatial Resolution)",TRUE,"Satellite imagery of 0.28m- GEO Orthokit, and 0.25m and 0.45m - Ortho Rectified (without GCP) with swath width of 17km x 17 km is available","satellite image, CARTOSAT",yes,ISRO (2024) Bhoonidhi,,ISRO,https://bhoonidhi.nrsc.gov.in/bhoonidhi/index.html,,,,,2019,2024,geotiff image,4-5 days (temporal resolution),India,national level,spatial grid,paid,not known,FALSE,FALSE,FALSE,FALSE,FALSE,FALSE,FALSE,FALSE,FALSE,FALSE,FALSE,FALSE,FALSE,FALSE,FALSE,FALSE,FALSE,FALSE,FALSE,FALSE,FALSE,FALSE,FALSE,FALSE,FALSE,geotiff image,FALSE,4-5 days
176,Satellite Images,"Satellite Image Cartosat 3,Mx (1.10m Spatial Resolution)",TRUE,"Satellite imagery of GEO Orthokit, Ortho Rectified (without GCP) with a swath width of 17km x 17 km and Ortho Rectified (without GCP), NCC & FCC (Ortho Rectified-without GCP) of  swath width of 10km x 10km is available","satellite image, CARTOSAT",yes,ISRO (2024) Bhoonidhi,,ISRO,https://bhoonidhi.nrsc.gov.in/bhoonidhi/index.html,,,,,2019,2024,geotiff image,4-5 days (temporal resolution),India,national level,spatial grid,paid,not known,FALSE,FALSE,FALSE,FALSE,FALSE,FALSE,FALSE,FALSE,FALSE,FALSE,FALSE,FALSE,FALSE,FALSE,FALSE,FALSE,FALSE,FALSE,FALSE,FALSE,FALSE,FALSE,FALSE,FALSE,FALSE,geotiff image,FALSE,4-5 days
177,Satellite Images,"Satellite Image Cartosat 3, Pan+Mx, (0.45m Spatial Resolution)",TRUE,Satellite imagery of Pan-sharpened and NCC & FCC (Pan-sharpened) with swath width of 10km x 10km is available,"satellite image, CARTOSAT",yes,ISRO (2024) Bhoonidhi,,ISRO,https://bhoonidhi.nrsc.gov.in/bhoonidhi/index.html,,,,,2019,2024,geotiff image,4-5 days (temporal resolution),India,national level,spatial grid,paid,not known,FALSE,FALSE,FALSE,FALSE,FALSE,FALSE,FALSE,FALSE,FALSE,FALSE,FALSE,FALSE,FALSE,FALSE,FALSE,FALSE,FALSE,FALSE,FALSE,FALSE,FALSE,FALSE,FALSE,FALSE,FALSE,geotiff image,FALSE,4-5 days
178,Satellite Images,"Satellite Image Risat-1 , [Sar ,Frs1 ,Frs2] (3m-50m Spatial Resolution)",TRUE,"Satellite imagery of Geometrically Terrain Corrected, Single Look Complex, and Multi Look Ground Range  with swath width of 25km x 25km is available","satellite image, CARTOSAT",yes,ISRO (2024) Bhoonidhi,,ISRO,https://bhoonidhi.nrsc.gov.in/bhoonidhi/index.html,,,,,2012,2016,geotiff image,25 days (temporal resolution),India,national level,spatial grid,paid,not known,FALSE,FALSE,FALSE,FALSE,FALSE,FALSE,FALSE,FALSE,FALSE,FALSE,FALSE,FALSE,FALSE,FALSE,FALSE,FALSE,FALSE,FALSE,FALSE,FALSE,FALSE,FALSE,FALSE,FALSE,FALSE,geotiff image,FALSE,25 days
179,Satellite Images,"Satellite Image Eos-04(Or Risat-1a), [Sar ,Frs1 ,Frs2] (3m-50m Spatial Resolution)",TRUE,"Satellite imagery of Geometrically Terrain Corrected, Single Look Complex,Multi Look Ground Range,Covariance, and Polarimetric Decomposed  with swath width of 20km x 25km is available","satellite image, CARTOSAT",yes,ISRO (2024) Bhoonidhi,,ISRO,https://bhoonidhi.nrsc.gov.in/bhoonidhi/index.html,,,,,2022,2024,geotiff image,25 days (temporal resolution),India,national level,spatial grid,paid,not known,FALSE,FALSE,FALSE,FALSE,FALSE,FALSE,FALSE,FALSE,FALSE,FALSE,FALSE,FALSE,FALSE,FALSE,FALSE,FALSE,FALSE,FALSE,FALSE,FALSE,FALSE,FALSE,FALSE,FALSE,FALSE,geotiff image,FALSE,25 days
180,Satellite Images,"Satellite Image Novasar-1,All Modes (6-33 M Spatial Resolution)",TRUE,"Satellite imagery of Geometrically Terrain Corrected, Single Look Complex Slant range, and Multi Look Ground Range with swath width of 13-400km x 13-400km is available","satellite image, CARTOSAT",yes,ISRO (2024) Bhoonidhi,,ISRO,https://bhoonidhi.nrsc.gov.in/bhoonidhi/index.html,,,,,2018,2024,geotiff image,16 days (temporal resolution),India,national level,spatial grid,paid,not known,FALSE,FALSE,FALSE,FALSE,FALSE,FALSE,FALSE,FALSE,FALSE,FALSE,FALSE,FALSE,FALSE,FALSE,FALSE,FALSE,FALSE,FALSE,FALSE,FALSE,FALSE,FALSE,FALSE,FALSE,FALSE,geotiff image,FALSE,16 days
181,Satellite Images,"Satellite Image Kompsat-3/3a ,Pan & Mx(0.5, 2.2m Spatial Resolution)",TRUE,"Satellite imagery of Geo Orthokit,and Bundled with swath width of 15km x 15km is available","satellite image, CARTOSAT",yes,ISRO (2024) Bhoonidhi,,ISRO,https://bhoonidhi.nrsc.gov.in/bhoonidhi/index.html,,,,,2012,2024,geotiff image,3-4 days (temporal resolution),India,national level,spatial grid,paid,not known,FALSE,FALSE,FALSE,FALSE,FALSE,FALSE,FALSE,FALSE,FALSE,FALSE,FALSE,FALSE,FALSE,FALSE,FALSE,FALSE,FALSE,FALSE,FALSE,FALSE,FALSE,FALSE,FALSE,FALSE,FALSE,geotiff image,FALSE,3-4 days
182,Satellite Images,"Satellite Image Resourcesat-1, Liss-3(23.5m),Liss-4(5.8m),Awifs(56m Spatial Resolution)",TRUE,"Satellite imagery of  LISS-3(23.5m spatial resolution, swath width-141 km),LISS-4{5.8m spatial resolution, swath width -[23.9 km (Mx) 70 kms (Mono)]},AWiFS {56m spatial resolution, swath width-[740 km (Combined) 370 km (Each head)]} is available","satellite image, CARTOSAT",yes,ISRO (2024) Bhoonidhi,,ISRO,https://bhoonidhi.nrsc.gov.in/bhoonidhi/index.html,,,,,2003,2024,geotiff image,24 days (temporal resolution),India,national level,spatial grid,open,not known,FALSE,FALSE,FALSE,FALSE,FALSE,FALSE,FALSE,FALSE,FALSE,FALSE,FALSE,FALSE,FALSE,FALSE,FALSE,FALSE,FALSE,FALSE,FALSE,FALSE,FALSE,FALSE,FALSE,FALSE,FALSE,geotiff image,FALSE,24 days
183,Satellite Images,"Satellite Image Resourcesat-2, Liss-3(23.5m),Liss-4(5.8m),Awifs(56m Spatial Resolution)",TRUE,"Satellite imagery of  LISS-3(23.5m spatial resolution, swath width-141 km),LISS-4{5.8m spatial resolution, swath width -[23.9 km (Mx) 70 kms (Mono)]},AWiFS {56m spatial resolution, swath width-[740 km (Combined) 370 km (Each head)]} is available","satellite image, CARTOSAT",yes,ISRO (2024) Bhoonidhi,,ISRO,https://bhoonidhi.nrsc.gov.in/bhoonidhi/index.html,,,,,2011,2024,geotiff image,24 days (temporal resolution),India,national level,spatial grid,open,not known,FALSE,FALSE,FALSE,FALSE,FALSE,FALSE,FALSE,FALSE,FALSE,FALSE,FALSE,FALSE,FALSE,FALSE,FALSE,FALSE,FALSE,FALSE,FALSE,FALSE,FALSE,FALSE,FALSE,FALSE,FALSE,geotiff image,FALSE,24 days
184,Satellite Images,"Satellite Image Resourcesat-2a, Liss-3(23.5m),Liss-4(5.8m),Awifs(56m Spatial Resolution)",TRUE,"Satellite imagery of  LISS-3(23.5m spatial resolution, swath width-141 km),LISS-4{5.8m spatial resolution, swath width -[23.9 km (Mx) 70 kms (Mono)]},AWiFS {56m spatial resolution, swath width-[740 km (Combined) 370 km (Each head)]} is available","satellite image, CARTOSAT",yes,ISRO (2024) Bhoonidhi,,ISRO,https://bhoonidhi.nrsc.gov.in/bhoonidhi/index.html,,,,,2016,2024,geotiff image,24 days (temporal resolution),India,national level,spatial grid,open,not known,FALSE,FALSE,FALSE,FALSE,FALSE,FALSE,FALSE,FALSE,FALSE,FALSE,FALSE,FALSE,FALSE,FALSE,FALSE,FALSE,FALSE,FALSE,FALSE,FALSE,FALSE,FALSE,FALSE,FALSE,FALSE,geotiff image,FALSE,24 days
185,Satellite Images,Satellite Image Sentinel-2 (10m Spatial Resolution),TRUE,"Satellite imagery of MSI(visible,NIR-10m,6 bands at 20 m resolution,3 bands at 60 m resolution)","satellite image, CARTOSAT",yes,Copernicus Browser (2024) Copernicus Browser,,ESA,https://browser.dataspace.copernicus.eu/?zoom=12&lat=27.21685&lng=75.70583&themeId=DEFAULT-THEME&visualizationUrl=U2FsdGVkX19DjWEnO%2ByGm%2Fp%2FJ%2FAPbVIARGIJNH7KDxkU%2F636Z104oNn9O8dXZZQdUM4lcdcJL1YMbRciKqFP%2BNExhtgTISXD%2FgGjojb12Q7t1BEbR%2BzUxvSG36geiWvC&datasetId=S2_L1C_CDAS&fromTime=2023-01-25T00%3A00%3A00.000Z&toTime=2023-01-25T23%3A59%3A59.999Z&layerId=1_TRUE_COLOR&demSource3D=%22MAPZEN%22&cloudCoverage=30&dateMode=SINGLE,,,,,2015,2024,geotiff image,5 days (temporal resolution),India,national level,spatial grid,open,not known,FALSE,FALSE,FALSE,FALSE,FALSE,FALSE,FALSE,FALSE,FALSE,FALSE,FALSE,FALSE,FALSE,FALSE,FALSE,FALSE,FALSE,FALSE,FALSE,FALSE,FALSE,FALSE,FALSE,FALSE,FALSE,geotiff image,FALSE,5 days
186,Satellite Images,"Satellite Image Landsat-1 Or Erts-1 ,Mss- (79m Spatial Resolution)",TRUE,Satellite imagery of (MSS at 79m spatial resolution(RBV)-40m),"satellite image, CARTOSAT",yes,US Geological Survey (2024) USGS Earth Explorer,,NASA,https://earthexplorer.usgs.gov/,,,,,1972,1978,geotiff image,18 days (temporal resolution),India,national level,spatial grid,open,not known,FALSE,FALSE,FALSE,FALSE,FALSE,FALSE,FALSE,FALSE,FALSE,FALSE,FALSE,FALSE,FALSE,FALSE,FALSE,FALSE,FALSE,FALSE,FALSE,FALSE,FALSE,FALSE,FALSE,FALSE,FALSE,geotiff image,FALSE,18 days
187,Satellite Images,"Satellite Image Landsat-2 ,Mss- (79m Spatial Resolution)",TRUE,"Satellite imagery of (MSS at 79m spatial resolution, (RBV)-40m)","satellite image, CARTOSAT",yes,US Geological Survey (2024) USGS Earth Explorer,,NASA,https://earthexplorer.usgs.gov/,,,,,1975,1982,geotiff image,18 days (temporal resolution),India,national level,spatial grid,open,not known,FALSE,FALSE,FALSE,FALSE,FALSE,FALSE,FALSE,FALSE,FALSE,FALSE,FALSE,FALSE,FALSE,FALSE,FALSE,FALSE,FALSE,FALSE,FALSE,FALSE,FALSE,FALSE,FALSE,FALSE,FALSE,geotiff image,FALSE,18 days
188,Satellite Images,"Satellite Image Landsat-3 ,Mss- (79m Spatial Resolution)",TRUE,Satellite imagery of (MSS at 79m spatial resolution(RBV)-40m),"satellite image, CARTOSAT",yes,US Geological Survey (2024) USGS Earth Explorer,,NASA,https://earthexplorer.usgs.gov/,,,,,1978,1983,geotiff image,18 days (temporal resolution),India,national level,spatial grid,open,not known,FALSE,FALSE,FALSE,FALSE,FALSE,FALSE,FALSE,FALSE,FALSE,FALSE,FALSE,FALSE,FALSE,FALSE,FALSE,FALSE,FALSE,FALSE,FALSE,FALSE,FALSE,FALSE,FALSE,FALSE,FALSE,geotiff image,FALSE,18 days
189,Satellite Images,"Satellite Image Landsat-4 ,Mss-(79m) & Tm(30m,120m)",TRUE,"Satellite imagery of spatial resolution 30 meters (TM, VIS/NIR/SWIR), 120 meters (thermal); 79 meters (MSS)","satellite image, CARTOSAT",yes,US Geological Survey (2024) USGS Earth Explorer,,NASA,https://earthexplorer.usgs.gov/,,,,,1982,1993,geotiff image,16 days (temporal resolution),India,national level,spatial grid,open,not known,FALSE,FALSE,FALSE,FALSE,FALSE,FALSE,FALSE,FALSE,FALSE,FALSE,FALSE,FALSE,FALSE,FALSE,FALSE,FALSE,FALSE,FALSE,FALSE,FALSE,FALSE,FALSE,FALSE,FALSE,FALSE,geotiff image,FALSE,16 days
190,Satellite Images,"Satellite Image Landsat-5 ,Mss-(79m) & Tm(30m,120m)",TRUE,"Satellite imagery of spatial resolution 30 meters (TM, VIS/NIR/SWIR), 120 meters (thermal); 79 meters (MSS)","satellite image, CARTOSAT",yes,US Geological Survey (2024) USGS Earth Explorer,,NASA,https://earthexplorer.usgs.gov/,,,,,1984,2013,geotiff image,16 days (temporal resolution),India,national level,spatial grid,open,not known,FALSE,FALSE,FALSE,FALSE,FALSE,FALSE,FALSE,FALSE,FALSE,FALSE,FALSE,FALSE,FALSE,FALSE,FALSE,FALSE,FALSE,FALSE,FALSE,FALSE,FALSE,FALSE,FALSE,FALSE,FALSE,geotiff image,FALSE,16 days
191,Satellite Images,"Satellite Image Landsat-7 ,Etm+(15m,30m,120m)",TRUE,"Satellite imagery of spatial resolution 30 meters (VIS/NIR/SWIR), 60 meters (thermal), 15 meters (panchromatic)","satellite image, CARTOSAT",yes,US Geological Survey (2024) USGS Earth Explorer,,NASA,https://earthexplorer.usgs.gov/,,,,,1999,2017,geotiff image,16 days (temporal resolution),India,national level,spatial grid,open,not known,FALSE,FALSE,FALSE,FALSE,FALSE,FALSE,FALSE,FALSE,FALSE,FALSE,FALSE,FALSE,FALSE,FALSE,FALSE,FALSE,FALSE,FALSE,FALSE,FALSE,FALSE,FALSE,FALSE,FALSE,FALSE,geotiff image,FALSE,16 days
192,Satellite Images,"Satellite Image Landsat-8 ,Pan(15m),Oli (30m) & Tirs(100m)",TRUE,"Satellite imagery of spatial resolution 30 meters (OLI), 100 meters (TIRS), 15 meters (panchromatic)","satellite image, CARTOSAT",yes,US Geological Survey (2024) USGS Earth Explorer,,NASA,https://earthexplorer.usgs.gov/,,,,,2013,2024,geotiff image,16 days (temporal resolution),India,national level,spatial grid,open,not known,FALSE,FALSE,FALSE,FALSE,FALSE,FALSE,FALSE,FALSE,FALSE,FALSE,FALSE,FALSE,FALSE,FALSE,FALSE,FALSE,FALSE,FALSE,FALSE,FALSE,FALSE,FALSE,FALSE,FALSE,FALSE,geotiff image,FALSE,16 days
193,Satellite Images,"Satellite Image Landsat-9 ,Pan(15m),Oli-2 (30m) & Tirs-2 (100m)",TRUE,"Satellite imagery of spatial resolution 30 meters (OLI-2), 100 meters (TIRS-2), 15 meters (panchromatic)","satellite image, CARTOSAT",yes,US Geological Survey (2024) USGS Earth Explorer,,NASA,https://earthexplorer.usgs.gov/,,,,,2021,2024,geotiff image,16 days (temporal resolution),India,national level,spatial grid,open,not known,FALSE,FALSE,FALSE,FALSE,FALSE,FALSE,FALSE,FALSE,FALSE,FALSE,FALSE,FALSE,FALSE,FALSE,FALSE,FALSE,FALSE,FALSE,FALSE,FALSE,FALSE,FALSE,FALSE,FALSE,FALSE,geotiff image,FALSE,16 days
194,Services,"Civic And Other Amenities, 2009",TRUE,"Name of Town, Road length (in kms.), System of drainage( Open, Closed, Both -Open & Closed), Number of latrines(Pit System,Flush/Pour Flush (Water borne),Service,Others), Protected water supply(Source of supply, System of storage with capacity in kilo litres), Fire fighting service, Electrification (Number of connections of Domestic, Industrial, Commercial, Road lighting points, others)","Town Infrastructure, Utility, Services Overview",yes,"Directorate of Census Operations, Rajasthan (2014) Census of India 2011 - Rajasthan - Series 09 - Part XII B - District Census Handbook, Jaipur",Town Statement-III_0812,"Directorate of Census Operations, Rajasthan",https://censusindia.gov.in/nada/index.php/catalog/1069/download/3291/DH_2011_0812-Jaipur.zip,safety and comfort,Coverage of the drainage system,,,,2009,xls,,Jaipur District,district level,district,open,not known,FALSE,FALSE,TRUE,FALSE,FALSE,FALSE,FALSE,FALSE,FALSE,FALSE,FALSE,FALSE,FALSE,FALSE,FALSE,FALSE,FALSE,FALSE,TRUE,FALSE,FALSE,FALSE,FALSE,FALSE,FALSE,xls/xlsx,TRUE,unknown
195,Services,"Medical Facilities, 2009",TRUE,"Name of Town, No. of Medical facilities (with number of beds in brackets) in Hospitals  (Allopathic & Others), Dispensaries / Health Center, Family Welfare Center, Maternity and Child Welfare Center, Maternity Homes,T.B.Hospital/ Clinic,  Nursing Homes, Veterinary Hospital, Mobile Health Clinic and Others etc., Charitable Hospital/Nursing Home  (Numbers), Medicine Shop (Numbers)","Town Health Facilities, Medical, Welfare Services",yes,"Directorate of Census Operations, Rajasthan (2014) Census of India 2011 - Rajasthan - Series 09 - Part XII B - District Census Handbook, Jaipur",Town Statement-IV_0812,"Directorate of Census Operations, Rajasthan",https://censusindia.gov.in/nada/index.php/catalog/1069/download/3291/DH_2011_0812-Jaipur.zip,,,,,,2009,xls,,Jaipur District,district level,district,open,not known,FALSE,FALSE,FALSE,FALSE,FALSE,FALSE,FALSE,FALSE,FALSE,FALSE,FALSE,TRUE,FALSE,FALSE,FALSE,FALSE,FALSE,FALSE,FALSE,FALSE,TRUE,FALSE,FALSE,FALSE,FALSE,xls/xlsx,TRUE,unknown
196,Services,"Educational, Recreational And Cultural Facilities, 2009",TRUE,"Name of Town, Number of Educational Facilities(Primary school, Middle school, Secondary school, Senior Secondary school, Arts/ Science/ Commerce colleges (of degree level and above) , Medical colleges,Engineering colleges, Management Institute/ colleges,Polytechnics, Recognised Shorthand, Typewriting and vocational training institutions,Non-formal Education Center (Sarva Shiksha Abhiyan Center), Special School for Disabled, others ), Number of Social, Recreational and Cultural facilities: No. of Orphanage Home, Working women's hostles, No. of Old Age Home, Stadium, Cinema Theatre, Auditorium/ Community halls, Public libraries and Reading rooms","Town Educational, Social Facilities, Education, Recreation Infrastructure",yes,"Directorate of Census Operations, Rajasthan (2014) Census of India 2011 - Rajasthan - Series 09 - Part XII B - District Census Handbook, Jaipur",Town Statement-V_0812,"Directorate of Census Operations, Rajasthan",https://censusindia.gov.in/nada/index.php/catalog/1069/download/3291/DH_2011_0812-Jaipur.zip,,,,,,2009,xls,,Jaipur District,district level,district,open,not known,FALSE,FALSE,FALSE,FALSE,FALSE,FALSE,FALSE,FALSE,FALSE,FALSE,FALSE,TRUE,FALSE,FALSE,FALSE,FALSE,FALSE,FALSE,FALSE,FALSE,TRUE,FALSE,FALSE,FALSE,FALSE,xls/xlsx,TRUE,unknown
197,Services,"Industry And Banking, 2009",TRUE,"Name of Town, Names of three most important commodities manufactured, Number of banks (Nationalised Bank,Private Commercial Bank,Co-operative Bank), Number of agricultural credit societies, Number of non-agricultural credit societies","Town Manufacturing, Financial Institutions, Banking, Credit Facilities",yes,"Directorate of Census Operations, Rajasthan (2014) Census of India 2011 - Rajasthan - Series 09 - Part XII B - District Census Handbook, Jaipur",Town Statement-VI_0812,"Directorate of Census Operations, Rajasthan",https://censusindia.gov.in/nada/index.php/catalog/1069/download/3291/DH_2011_0812-Jaipur.zip,,,,,,2009,xls,,Jaipur District,district level,district,open,not known,FALSE,FALSE,FALSE,FALSE,FALSE,FALSE,FALSE,FALSE,FALSE,FALSE,FALSE,TRUE,FALSE,FALSE,FALSE,FALSE,FALSE,FALSE,FALSE,FALSE,TRUE,FALSE,FALSE,FALSE,FALSE,xls/xlsx,TRUE,unknown
198,Services,"Civic And Other Amenities In Slums, 2009",TRUE,"Class and name of town, Name of the slum, No. of households (approximate), Population of the Slum (approximate), Paved roads (in kms.), System of drainage( Open, Closed, Both, Nil), Number of latrines, Community, No. of tap points/ public hydrants installed for supply of protected water, Electricity (Number of connections) in Domestic, Road lighting (points) and Others","Slum Infrastructure, Amenities, Slum Living Conditions",yes,"Directorate of Census Operations, Rajasthan (2014) Census of India 2011 - Rajasthan - Series 09 - Part XII B - District Census Handbook, Jaipur",Town Statement-VII_0812,"Directorate of Census Operations, Rajasthan",https://censusindia.gov.in/nada/index.php/catalog/1069/download/3291/DH_2011_0812-Jaipur.zip,safety and comfort,Coverage of the drainage system,,,,2009,xls,,Jaipur District,district level,district,open,not known,FALSE,FALSE,TRUE,FALSE,FALSE,FALSE,FALSE,FALSE,FALSE,FALSE,FALSE,FALSE,FALSE,FALSE,FALSE,FALSE,FALSE,FALSE,TRUE,FALSE,FALSE,FALSE,FALSE,FALSE,FALSE,xls/xlsx,TRUE,unknown
199,Services,Education Facilities In Jaipur Region Villages,TRUE,"Education Facilities in Jaipur Region Villages based on infrastructure, standard and no. of facilities","Education Facilities, Infrastructure, Jaipur Region Villages",yes,"Master Development Plan 2025 (2011), vol1","Table 3-17, pg.153","Directorate of Census Operations, Rajasthan",https://jda.rajasthan.gov.in/content/dam/raj/udh/development-authority/jda-jaipur/pdf/MDP/Vol1.pdf,,,,,,2001,printed table,,Jaipur Region,regional level,region,open,not known,FALSE,FALSE,FALSE,FALSE,FALSE,FALSE,FALSE,FALSE,FALSE,FALSE,FALSE,TRUE,FALSE,FALSE,FALSE,FALSE,FALSE,FALSE,FALSE,FALSE,TRUE,FALSE,FALSE,FALSE,FALSE,printed table,FALSE,unknown
200,Services,Smart Governance,TRUE,"Availability of online services for various domains like taxes, challans,fines, service connections, certificates,licenses, tenders, grievance management, tickets & passes, disclosure of documents in yes and no format","smart governance, ",yes,"JSCL (2019) Ministry of housing and urban affairs,smart city data catalogue",,"CDO- Ajay Kumar, Jaipur Nagar Nigam",https://smartcities.data.gov.in/catalog/digital-availability-jaipur,,,,,,2019,csv,,Jaipur City,city level,city,open,not known,FALSE,FALSE,FALSE,FALSE,FALSE,FALSE,FALSE,FALSE,FALSE,FALSE,FALSE,TRUE,FALSE,FALSE,FALSE,FALSE,FALSE,FALSE,FALSE,FALSE,TRUE,FALSE,FALSE,FALSE,FALSE,csv,TRUE,unknown
201,Services,Cultural Heritage Jaipur,TRUE,"Name of heritage,Nature of heritage (open space, monuments, street etc.),Heritage use, Age of heritage ( In Years) ",Heritage Characteristics,yes,"JSCL (2019) Ministry of housing and urban affairs,smart city data catalogue",,"CDO- Ajay Kumar, Jaipur Nagar Nigam",https://smartcities.data.gov.in/catalog/culturalheritagejaipur,,,,,,2019,csv,,Jaipur Municipal Corporation,regional level,region,open,not known,FALSE,FALSE,FALSE,FALSE,FALSE,FALSE,FALSE,FALSE,FALSE,FALSE,FALSE,TRUE,FALSE,FALSE,FALSE,FALSE,FALSE,FALSE,FALSE,FALSE,TRUE,FALSE,FALSE,FALSE,FALSE,csv,TRUE,unknown
202,Services,Digital Payments Jaipur,TRUE,Total Collection of municipal Amount collected by ticket sale for Bus and Metro Services,"Digital payments, jaipur",yes,"JSCL (2019) Ministry of housing and urban affairs,smart city data catalogue",,"CDO- Ajay Kumar, Jaipur Nagar Nigam",https://smartcities.data.gov.in/catalog/digital-payments-jaipur,,,,,2017,2018,csv,,Jaipur Municipal Corporation,regional level,region,open,not known,FALSE,FALSE,FALSE,FALSE,FALSE,FALSE,FALSE,FALSE,FALSE,FALSE,FALSE,FALSE,FALSE,FALSE,FALSE,FALSE,FALSE,FALSE,FALSE,FALSE,FALSE,FALSE,FALSE,FALSE,FALSE,csv,TRUE,unknown
203,Services,Community Facilities Jaipur,TRUE,"number of ward wise Community Hall / Auditorium / Convention Center / Swimming Pools / Sports Ground / Theatre, Facility Name and capacity","community facilities, jaipur",yes,"JSCL (2019) Ministry of housing and urban affairs,smart city data catalogue",,"CDO- Ajay Kumar, Jaipur Nagar Nigam",https://smartcities.data.gov.in/catalog/community-facilities-jaipur,,,,,,2018,csv,,Jaipur Municipal Corporation,regional level,region,open,not known,FALSE,FALSE,FALSE,FALSE,FALSE,FALSE,FALSE,FALSE,FALSE,FALSE,FALSE,TRUE,FALSE,FALSE,FALSE,FALSE,FALSE,FALSE,FALSE,FALSE,TRUE,FALSE,FALSE,FALSE,FALSE,csv,TRUE,unknown
204,Services,Citizen Facilities Jaipur,TRUE,citizen facilitation centers with average monthly footfalls,"citizen facility, footfall, jaipur",yes,"JSCL (2019) Ministry of housing and urban affairs,smart city data catalogue",,"CDO- Ajay Kumar, Jaipur Nagar Nigam",https://smartcities.data.gov.in/catalog/citizen-facilities-jaipur,,,,,,2018,csv,,Jaipur Municipal Corporation,regional level,region,open,not known,FALSE,FALSE,FALSE,FALSE,FALSE,FALSE,FALSE,FALSE,FALSE,FALSE,FALSE,TRUE,FALSE,FALSE,FALSE,FALSE,FALSE,FALSE,FALSE,FALSE,TRUE,FALSE,FALSE,FALSE,FALSE,csv,TRUE,unknown
205,Services,Availability Of Primary Schools Within Jaipur Region,TRUE,Distribution of primary schools across Jaipur Region.,"primary schools, Jaipur region",yes,"JDA (2011) Master Development Plan 2025, vol1","Map 3-6, pg.160",JDA,https://jda.rajasthan.gov.in/content/dam/raj/udh/development-authority/jda-jaipur/pdf/MDP/Vol1.pdf,,,,,,2001,map image,,Jaipur Region,regional level,region,open,not known,FALSE,FALSE,FALSE,FALSE,FALSE,FALSE,FALSE,FALSE,FALSE,FALSE,FALSE,TRUE,FALSE,FALSE,FALSE,FALSE,FALSE,FALSE,FALSE,FALSE,TRUE,FALSE,FALSE,FALSE,FALSE,printed map,FALSE,unknown
206,Services,Assessment Of Senior Secondary School Availability In Jaipur Region,TRUE,Availability of senior secondary schools in Jaipur Region.,"Senior secondary Schools, Jaipur region",yes,"JDA (2011) Master Development Plan 2025, vol1","Map 3-7, pg. 161",JDA,https://jda.rajasthan.gov.in/content/dam/raj/udh/development-authority/jda-jaipur/pdf/MDP/Vol1.pdf,,,,,,2001,map image,,Jaipur Region,regional level,region,open,not known,FALSE,FALSE,FALSE,FALSE,FALSE,FALSE,FALSE,FALSE,FALSE,FALSE,FALSE,TRUE,FALSE,FALSE,FALSE,FALSE,FALSE,FALSE,FALSE,FALSE,TRUE,FALSE,FALSE,FALSE,FALSE,printed map,FALSE,unknown
207,Services,Assessment Of College Availability In Jaipur Region,TRUE,Accessibility of colleges in Jaipur Region.,"Colleges, Jaipur region",yes,"JDA (2011) Master Development Plan 2025, vol1","Map 3-8, pg. 162",JDA,https://jda.rajasthan.gov.in/content/dam/raj/udh/development-authority/jda-jaipur/pdf/MDP/Vol1.pdf,,,,,,2001,map image,,Jaipur Region,regional level,region,open,not known,FALSE,FALSE,FALSE,FALSE,FALSE,FALSE,FALSE,FALSE,FALSE,FALSE,FALSE,TRUE,FALSE,FALSE,FALSE,FALSE,FALSE,FALSE,FALSE,FALSE,TRUE,FALSE,FALSE,FALSE,FALSE,printed map,FALSE,unknown
208,Services,Assessment Of Health Centre Availability In Jaipur Region,TRUE,Distribution of health centers in Jaipur Region.,"Health centres, Jaipur region",yes,"JDA (2011) Master Development Plan 2025, vol1","Map 3-10, pg.164",JDA,https://jda.rajasthan.gov.in/content/dam/raj/udh/development-authority/jda-jaipur/pdf/MDP/Vol1.pdf,,,,,,2001,map image,,Jaipur Region,regional level,region,open,not known,FALSE,FALSE,FALSE,FALSE,FALSE,FALSE,FALSE,FALSE,FALSE,FALSE,FALSE,TRUE,FALSE,FALSE,FALSE,FALSE,FALSE,FALSE,FALSE,FALSE,TRUE,FALSE,FALSE,FALSE,FALSE,printed map,FALSE,unknown
209,Services,Accessibility To Hospitals In Jaipur Region,TRUE,Accessibility to hospitals in Jaipur Region.,"Hospitals, Jaipur region",yes,"JDA (2011) Master Development Plan 2025, vol1","Map 3-11, pg.165",JDA,https://jda.rajasthan.gov.in/content/dam/raj/udh/development-authority/jda-jaipur/pdf/MDP/Vol1.pdf,,,,,,2001,map image,,Jaipur Region,regional level,region,open,not known,FALSE,FALSE,FALSE,FALSE,FALSE,FALSE,FALSE,FALSE,FALSE,FALSE,FALSE,TRUE,FALSE,FALSE,FALSE,FALSE,FALSE,FALSE,FALSE,FALSE,TRUE,FALSE,FALSE,FALSE,FALSE,printed map,FALSE,unknown
210,Services,Bank Facility In Jaipur Region,TRUE,Locations of banks within Jaipur Region.,"Banks, Jaipur region",yes,"JDA (2011) Master Development Plan 2025, vol1","Map 3-12, pg.166",JDA,https://jda.rajasthan.gov.in/content/dam/raj/udh/development-authority/jda-jaipur/pdf/MDP/Vol1.pdf,,,,,,2001,map image,,Jaipur Region,regional level,region,open,not known,FALSE,FALSE,FALSE,FALSE,FALSE,FALSE,FALSE,FALSE,FALSE,FALSE,FALSE,TRUE,FALSE,FALSE,FALSE,FALSE,FALSE,FALSE,FALSE,FALSE,TRUE,FALSE,FALSE,FALSE,FALSE,printed map,FALSE,unknown
211,Services,Availability Of Credit Banking Facility In Agriculture Productive Areas -Jaipur Region,TRUE,Credit banking facilities in agricultural areas of Jaipur Region.,"Banking facilities, agriculture, Jaipur region",yes,"JDA (2011) Master Development Plan 2025, vol1","Map 3-13, pg. 167",JDA,https://jda.rajasthan.gov.in/content/dam/raj/udh/development-authority/jda-jaipur/pdf/MDP/Vol1.pdf,,,,,,2001,map image,,Jaipur Region,regional level,region,open,not known,FALSE,FALSE,FALSE,FALSE,FALSE,FALSE,FALSE,FALSE,FALSE,FALSE,FALSE,TRUE,FALSE,FALSE,FALSE,FALSE,FALSE,FALSE,FALSE,FALSE,TRUE,FALSE,FALSE,FALSE,FALSE,printed map,FALSE,unknown
212,Services,Availability Of Postal Services In Jaipur Region,TRUE,Availability of postal services in Jaipur Region.,"Postal service, Jaipur region",yes,"JDA (2011) Master Development Plan 2025, vol1","Map 3-14, pg. 168",JDA,https://jda.rajasthan.gov.in/content/dam/raj/udh/development-authority/jda-jaipur/pdf/MDP/Vol1.pdf,,,,,,2001,map image,,Jaipur Region,regional level,region,open,not known,FALSE,FALSE,FALSE,FALSE,FALSE,FALSE,FALSE,FALSE,FALSE,FALSE,FALSE,TRUE,FALSE,FALSE,FALSE,FALSE,FALSE,FALSE,FALSE,FALSE,TRUE,FALSE,FALSE,FALSE,FALSE,printed map,FALSE,unknown
213,Transport Network,Road Network In Rajasthan (Up To 31.03.2022),TRUE,"Road Network in Rajasthan (up to 31.03.2022) with road category, length (km), and percentage  share as the parameters","Road Network, Rajasthan",yes,"State Road Safety Cell, Department of Transport and Road Safety, Rajasthan",,"Public Works Department, Government of Rajasthan",https://roadsafetycell.rkcl.in/pageView/token=Q2twNXhhZk9IaklESkMwMGxoaTgwdz09,"sustainable mobility, effective enforcement, public transport supply",,,,,2022,"printed table, graphs & piechart",,Rajasthan,state level,state,open,not known,FALSE,FALSE,FALSE,FALSE,FALSE,FALSE,FALSE,FALSE,FALSE,FALSE,FALSE,FALSE,FALSE,FALSE,FALSE,FALSE,FALSE,TRUE,FALSE,TRUE,FALSE,TRUE,FALSE,FALSE,FALSE,printed table,FALSE,unknown
214,Transport Network,Regional Road Network Map,TRUE,Regional transport network,"Road network, Regional",yes,"L&T Infra Engineering (2022) Comprehensive Traffic and Transportation Study for Jaipur Region, vol1","Figure 2-1, pg. 2-3",JDA,Document not yet published,"sustainable mobility, effective enforcement, public transport supply",,,,,2018,printed map,,Jaipur Region,regional level,region,private,not known,FALSE,FALSE,FALSE,FALSE,FALSE,FALSE,FALSE,FALSE,FALSE,FALSE,FALSE,FALSE,FALSE,FALSE,FALSE,FALSE,FALSE,TRUE,FALSE,TRUE,FALSE,TRUE,FALSE,FALSE,FALSE,printed map,FALSE,unknown
215,Transport Network,District Road Network-Class 1 & Class 2 Town Connectivity,TRUE,district road network for connectivity of class 1& class 2 towns,District road network,yes,"JDA (2011) Master Development Plan 2025, vol1","Map 2-41, pg.118",JDA,https://jda.rajasthan.gov.in/content/dam/raj/udh/development-authority/jda-jaipur/pdf/MDP/Vol1.pdf,"sustainable mobility, effective enforcement, public transport supply",,,,,2001,map image,,Jaipur District,district level,district,open,not known,FALSE,FALSE,FALSE,FALSE,FALSE,FALSE,FALSE,FALSE,FALSE,FALSE,FALSE,FALSE,FALSE,FALSE,FALSE,FALSE,FALSE,TRUE,FALSE,TRUE,FALSE,TRUE,FALSE,FALSE,FALSE,printed map,FALSE,unknown
216,Transport Network,District Road Network - Class 2 & Class 3 Town Connectivity,TRUE,district road network for connectivity of class 2& class 3 towns,District road network,yes,"JDA (2011) Master Development Plan 2025, vol1","Map 2-42, pg.119",JDA,https://jda.rajasthan.gov.in/content/dam/raj/udh/development-authority/jda-jaipur/pdf/MDP/Vol1.pdf,"sustainable mobility, public transport supply, effective enforcement",,,,,2001,map image,,Jaipur District,district level,district,open,not known,FALSE,FALSE,FALSE,FALSE,FALSE,FALSE,FALSE,FALSE,FALSE,FALSE,FALSE,FALSE,FALSE,FALSE,FALSE,FALSE,FALSE,TRUE,FALSE,TRUE,FALSE,TRUE,FALSE,FALSE,FALSE,printed map,FALSE,unknown
217,Transport Network,District Road Network - Class 3 & Class 4 Town Connectivity,TRUE,district road network for connectivity of class 3& class 4 towns,District road network,yes,"JDA (2011) Master Development Plan 2025, vol1","Map 2-43, pg. 119",JDA,https://jda.rajasthan.gov.in/content/dam/raj/udh/development-authority/jda-jaipur/pdf/MDP/Vol1.pdf,"sustainable mobility, public transport supply, effective enforcement",,,,,2001,map image,,Jaipur District,district level,district,open,not known,FALSE,FALSE,FALSE,FALSE,FALSE,FALSE,FALSE,FALSE,FALSE,FALSE,FALSE,FALSE,FALSE,FALSE,FALSE,FALSE,FALSE,TRUE,FALSE,TRUE,FALSE,TRUE,FALSE,FALSE,FALSE,printed map,FALSE,unknown
218,Transport Network,District Road Network - Class 4 & Class 5 Town Connectivity,TRUE,district road network for connectivity of class 4& class 5 towns,District road network,yes,"JDA (2011) Master Development Plan 2025, vol1","Map 2-44, pg. 120",JDA,https://jda.rajasthan.gov.in/content/dam/raj/udh/development-authority/jda-jaipur/pdf/MDP/Vol1.pdf,"sustainable mobility, public transport supply, effective enforcement",,,,,2001,map image,,Jaipur District,district level,district,open,not known,FALSE,FALSE,FALSE,FALSE,FALSE,FALSE,FALSE,FALSE,FALSE,FALSE,FALSE,FALSE,FALSE,FALSE,FALSE,FALSE,FALSE,TRUE,FALSE,TRUE,FALSE,TRUE,FALSE,FALSE,FALSE,printed map,FALSE,unknown
219,Transport Network,District Road Network Optimum Connectivity,TRUE,"Optimum connectivity of the district over laying the future towns, growth centres, growth foci, focal villages and service villages. Should be used with Table  2-40 (list of the 57 new towns and their class by 2025)",Connectivity map,yes,sustainable mobility,"Map-2-45, pg. 120",JDA,https://jda.rajasthan.gov.in/content/dam/raj/udh/development-authority/jda-jaipur/pdf/MDP/Vol1.pdf,"sustainable mobility, public transport supply, effective enforcement",,,,,2001,map image,,Jaipur District,district level,district,open,not known,FALSE,FALSE,FALSE,FALSE,FALSE,FALSE,FALSE,FALSE,FALSE,FALSE,FALSE,FALSE,FALSE,FALSE,FALSE,FALSE,FALSE,TRUE,FALSE,TRUE,FALSE,TRUE,FALSE,FALSE,FALSE,printed map,FALSE,unknown
220,Transport Network,Road Network,TRUE,Highway Network for JDA Region,"Highway, network, JDA",yes,"L&T Infra Engineering (2022) Comprehensive Traffic and Transportation Study for Jaipur Region, vol1",Figure 6-6 pg 6-14,JDA,Document not yet published,"sustainable mobility, public transport supply, effective enforcement",,,,,2022,map image,,JDA Boundary,city level,city,private,not known,FALSE,FALSE,FALSE,FALSE,FALSE,FALSE,FALSE,FALSE,FALSE,FALSE,FALSE,FALSE,FALSE,FALSE,FALSE,FALSE,FALSE,TRUE,FALSE,TRUE,FALSE,TRUE,FALSE,FALSE,FALSE,printed map,FALSE,unknown
221,Transport Network,Road Network,TRUE,Highway Network for JMC Boundary,"Highway, network, JMC",yes,"L&T Infra Engineering (2022) Comprehensive Traffic and Transportation Study for Jaipur Region, vol1",Figure 6-5 pg 6-13,JDA,Document not yet published,"sustainable mobility, public transport supply, effective enforcement",,,,,2022,map image,,JMC Boundary,city level,city,private,not known,FALSE,FALSE,FALSE,FALSE,FALSE,FALSE,FALSE,FALSE,FALSE,FALSE,FALSE,FALSE,FALSE,FALSE,FALSE,FALSE,FALSE,TRUE,FALSE,TRUE,FALSE,TRUE,FALSE,FALSE,FALSE,printed map,FALSE,unknown
222,Transport Network,Built Heritage And Cultural Trail,TRUE,Significant heritage sites and cultural landmarks in Jaipur.,"Heritage, cultural sites",yes,"JDA (2011) Master Development Plan 2025, vol1","Map 2-37, pg. 113",JDA,https://jda.rajasthan.gov.in/content/dam/raj/udh/development-authority/jda-jaipur/pdf/MDP/Vol1.pdf,,,,,,2001,map image,,Jaipur District,district level,district,open,not known,FALSE,FALSE,FALSE,FALSE,FALSE,FALSE,FALSE,FALSE,FALSE,FALSE,FALSE,TRUE,FALSE,FALSE,FALSE,FALSE,FALSE,FALSE,FALSE,FALSE,TRUE,FALSE,FALSE,FALSE,FALSE,printed map,FALSE,unknown
223,Transport Network,Recreation And Leisure Trail,TRUE,Recreational and leisure areas in Jaipur.,"Recreational, leisure area, Jaipur",yes,"JDA (2011) Master Development Plan 2025, vol1","Map 2-38, pg. 114",JDA,https://jda.rajasthan.gov.in/content/dam/raj/udh/development-authority/jda-jaipur/pdf/MDP/Vol1.pdf,,,,,,2001,map image,,Jaipur District,district level,district,open,not known,FALSE,FALSE,FALSE,FALSE,FALSE,FALSE,FALSE,FALSE,FALSE,FALSE,FALSE,TRUE,FALSE,FALSE,FALSE,FALSE,FALSE,FALSE,FALSE,FALSE,TRUE,FALSE,FALSE,FALSE,FALSE,printed map,FALSE,unknown
224,Transport Network,Religious And Spiritual Trail,TRUE,Religious and spiritual sites in Jaipur.,"Spiritual sites, Jaipur",yes,"JDA (2011) Master Development Plan 2025, vol1","Map 2-39, pg. 115",JDA,https://jda.rajasthan.gov.in/content/dam/raj/udh/development-authority/jda-jaipur/pdf/MDP/Vol1.pdf,,,,,,2001,map image,,Jaipur District,district level,district,open,not known,FALSE,FALSE,FALSE,FALSE,FALSE,FALSE,FALSE,FALSE,FALSE,FALSE,FALSE,TRUE,FALSE,FALSE,FALSE,FALSE,FALSE,FALSE,FALSE,FALSE,TRUE,FALSE,FALSE,FALSE,FALSE,printed map,FALSE,unknown
225,Transport Network,Availability Of Road Markings In Walled City,TRUE,Availability of road markings in the walled city of Jaipur. ,"Road markings, walled city",yes,"L&T Infra Engineering (2022) Comprehensive Traffic and Transportation Study for Jaipur Region, vol1","Figure 7-8, Pg. 7-12",JDA,Document not yet published,effective enforcement,Organised road use,,,,2022,map image,,Walled City,city level,city,private,not known,FALSE,FALSE,FALSE,FALSE,FALSE,FALSE,FALSE,FALSE,FALSE,FALSE,FALSE,FALSE,FALSE,TRUE,FALSE,FALSE,FALSE,FALSE,FALSE,TRUE,FALSE,FALSE,FALSE,FALSE,FALSE,printed map,FALSE,unknown
226,Transport Network,Availability Of Signage In Walled City,TRUE,Availability of Signages in walled city. ,"Singages, walled city",yes,"L&T Infra Engineering (2022) Comprehensive Traffic and Transportation Study for Jaipur Region, vol1","Figure 7-9, Pg. 7-12",JDA,Document not yet published,effective enforcement,Organised road use,,,,2022,map image,,Walled City,city level,city,private,not known,FALSE,FALSE,FALSE,FALSE,FALSE,FALSE,FALSE,FALSE,FALSE,FALSE,FALSE,FALSE,FALSE,TRUE,FALSE,FALSE,FALSE,FALSE,FALSE,TRUE,FALSE,FALSE,FALSE,FALSE,FALSE,printed map,FALSE,unknown
227,Transport Network,Availability Of Footpaths,TRUE,"Availability of Footpaths in Walled City
",Footpaths,yes,"L&T Infra Engineering (2022) Comprehensive Traffic and Transportation Study for Jaipur Region, vol1","Table 3-70, pg. 3-74",JDA,Document not yet published,safety and comfort,Walkability,,,,2022,printed table,,Jaipur City,city level,city,private,not known,FALSE,FALSE,FALSE,FALSE,FALSE,FALSE,FALSE,FALSE,FALSE,TRUE,FALSE,FALSE,FALSE,FALSE,FALSE,FALSE,FALSE,FALSE,TRUE,FALSE,FALSE,FALSE,FALSE,FALSE,FALSE,printed table,FALSE,unknown
228,Transport Network,Right Of Way (Row) Widths,TRUE,"detailed information on the road infrastructure in Jaipur, listing 39 major roads with their respective lengths, right-of-way (ROW), carriage details, and shoulder widths. ","Road Infrastructure, Major roads, ROW",yes,"JDA (2011) Master Development Plan 2025, vol1","Table 4-21, pg.254",DHV Primary Survey,https://jda.rajasthan.gov.in/content/dam/raj/udh/development-authority/jda-jaipur/pdf/MDP/Vol1.pdf,public transport supply,,,,,2007,printed table,,Jaipur Region,regional level,region,open,not known,FALSE,FALSE,FALSE,FALSE,FALSE,FALSE,FALSE,FALSE,FALSE,FALSE,FALSE,FALSE,FALSE,FALSE,FALSE,FALSE,FALSE,TRUE,FALSE,FALSE,FALSE,FALSE,FALSE,FALSE,FALSE,printed table,FALSE,unknown
229,Transport Network,Transport Potential In Villages,TRUE,"transport potential (High, Low, Medium) analysis in Jaipur District. ","Transport potential, villages",yes,"JDA (2011) Master Development Plan 2025, vol1","Map 2-25, pg. 89",JDA,https://jda.rajasthan.gov.in/content/dam/raj/udh/development-authority/jda-jaipur/pdf/MDP/Vol1.pdf,,,,,,2001,map image,,Jaipur District,district level,district,open,not known,FALSE,FALSE,FALSE,FALSE,FALSE,FALSE,FALSE,FALSE,FALSE,FALSE,FALSE,TRUE,FALSE,FALSE,FALSE,FALSE,FALSE,FALSE,FALSE,FALSE,TRUE,FALSE,FALSE,FALSE,FALSE,printed map,FALSE,unknown
230,Transport Network,Encroached Footpaths In Jaipur,TRUE,Encroached Footpaths ,Footpaths,yes,"L&T Infra Engineering (2022) Comprehensive Traffic and Transportation Study for Jaipur Region, vol1","Table 3-61, pg. 3-70",JDA,Document not yet published,effective enforcement,Organised road use,,,,2022,printed table,,Jaipur City,city level,city,private,not known,FALSE,FALSE,FALSE,FALSE,FALSE,FALSE,FALSE,FALSE,FALSE,FALSE,FALSE,FALSE,FALSE,TRUE,FALSE,FALSE,FALSE,FALSE,TRUE,FALSE,FALSE,FALSE,FALSE,FALSE,FALSE,printed table,FALSE,unknown
231,Transport Network,Demarcation Of Traffic Analysis Zones (Taz),TRUE,zone list adopted for travel demand modeling is as same as the zoning adopted,"Travel Demand Modeling, Zoning",yes,"L&T Infra Engineering (2022) Comprehensive Traffic and Transportation Study for Jaipur Region, vol1",Figure 6-4 pg 6-11,JDA,Document not yet published,"public transport supply, sustainable mobility",,,,,2022,map image,,Jaipur region,regional level,region,private,not known,FALSE,FALSE,FALSE,FALSE,FALSE,FALSE,FALSE,FALSE,FALSE,FALSE,FALSE,FALSE,FALSE,FALSE,FALSE,FALSE,FALSE,TRUE,FALSE,FALSE,FALSE,TRUE,FALSE,FALSE,FALSE,printed map,FALSE,unknown
232,Transport Network Assets,Parking Site Locations In Jaipur City,TRUE,"Name, address, and Physical Coordinates of the  parking site locations in Jaipur city.",Parking site,yes,Indian urban data exchange (2023) IUDX,,JDA,https://catalogue.cos.iudx.org.in/jaipur/dataset/5004baa8-a1ca-45f0-b639-4cef1ec6b089,effective enforcement,Parking management,,,,,json,,Jaipur Development Authority (2018),regional level,discrete locations,private,not known,FALSE,FALSE,FALSE,TRUE,FALSE,FALSE,FALSE,FALSE,FALSE,FALSE,FALSE,FALSE,FALSE,FALSE,FALSE,FALSE,FALSE,FALSE,FALSE,TRUE,FALSE,FALSE,FALSE,FALSE,FALSE,json,FALSE,unknown
233,Transport Network Assets,"On-Street Parking Accumalation, Supply And Demand",TRUE,"Parking Accumulation, supply and demand of Parking in the locations, Jauhari Bazaar and the Bapu Bazaar.","parking accumulation, suply, demand, jauhari bazaar, bapu bazaar",yes,Rites (2026) Comprehensive Mobility Plan for Jaipur City - Draft CMP report,"Table 2.61, pg. 2-58",JDA,https://jdaservice.rajasthan.gov.in/pdf/others/Jaipur_CMP_Report_022026.pdf,effective enforcement,Parking management,,,2026,2026,printed table,,Jaipur City,city level,city,open,not known,FALSE,FALSE,FALSE,TRUE,FALSE,FALSE,FALSE,FALSE,FALSE,FALSE,FALSE,FALSE,FALSE,FALSE,FALSE,FALSE,FALSE,FALSE,FALSE,TRUE,FALSE,FALSE,FALSE,FALSE,FALSE,printed table,FALSE,unknown
234,Transport Network Assets,"Off-Street Parking Accumalation, Supply And Demand Projections",TRUE,"Parking Accumulation, supply and demand projections of the Off-Street Parking spaces of different locations.","parking accumulation, suply, demand, off street parking",yes,Management of Parking Spaces in the Walled City of Jaipur ,"Table 2, Table 5, Fig 3",Research Paper,https://old.ccs.in/internship_papers/2011/245_riddhima_management-of-parking-spaces-in-the-walled-city-of-jaipur_second.pdf,effective enforcement,Parking management,,,2011,2011,printed table,,Jaipur City- specific,city level,city,open,not known,FALSE,FALSE,FALSE,TRUE,FALSE,FALSE,FALSE,FALSE,FALSE,FALSE,FALSE,FALSE,FALSE,FALSE,FALSE,FALSE,FALSE,FALSE,FALSE,TRUE,FALSE,FALSE,FALSE,FALSE,FALSE,printed table,FALSE,unknown
235,Transport Network Assets,Smart Pole Locations In Jaipur City,TRUE,"Name, address and Physical Coordinates of the smart pole location in Jaipur city",Smart Pole,yes,Indian urban data exchange (2023) IUDX,,JDA,https://catalogue.cos.iudx.org.in/jaipur/dataset/5004baa8-a1ca-45f0-b639-4cef1ec6b089,,,,,,,json,,Jaipur Development Authority (2018),regional level,discrete locations,private,not known,FALSE,FALSE,FALSE,FALSE,FALSE,FALSE,FALSE,FALSE,FALSE,FALSE,FALSE,TRUE,FALSE,FALSE,FALSE,FALSE,FALSE,FALSE,FALSE,FALSE,TRUE,FALSE,FALSE,FALSE,FALSE,json,FALSE,unknown
236,Transport Network Assets,Ev Charging Stations,TRUE,EV charging locations,EV Charging Stations,yes,Bureau of Energy Efficiency (2024),,BEE,https://evyatra.beeindia.gov.in/public-charging-stations/,,,,,,2024,map image,,Rajasthan,state level,state,open,not known,FALSE,FALSE,FALSE,FALSE,FALSE,FALSE,FALSE,FALSE,FALSE,FALSE,FALSE,TRUE,FALSE,FALSE,FALSE,FALSE,FALSE,FALSE,FALSE,FALSE,TRUE,FALSE,FALSE,FALSE,FALSE,printed map,FALSE,unknown
237,Transport Network Assets,Street Lights Data Jaipur,TRUE,ward wise data of total no. of poles of LED Bulbs/NonLED Bulbs and  Number of street lights / poles per km of road,"Street lighting, ward wise",yes,"JSCL (2019) Ministry of housing and urban affairs,smart city data catalogue",,"CDO- Ajay Kumar, Jaipur Nagar Nigam",https://smartcities.data.gov.in/catalog/street-lights-data-jaipur,,,,,,2018,csv,,Jaipur Municipal Corporation,regional level,region,open,not known,FALSE,FALSE,FALSE,FALSE,FALSE,FALSE,FALSE,FALSE,FALSE,FALSE,FALSE,TRUE,FALSE,FALSE,FALSE,FALSE,FALSE,FALSE,FALSE,FALSE,TRUE,FALSE,FALSE,FALSE,FALSE,csv,TRUE,unknown
238,Transport Network Assets,Level Information From Manhole Sensors In Jaipur City,TRUE,"device id, sludge level and observation Date Time of jaipur city",Sludge Level ,yes,Indian urban data exchange (2023) IUDX,,JDA,https://catalogue.cos.iudx.org.in/jaipur/dataset/e2e88fc3-95b2-4fcf-91d1-7c81a9a461d6,,,,,,2022,json,,Jaipur Development Authority (2018),regional level,city,private,not known,FALSE,FALSE,FALSE,FALSE,FALSE,FALSE,FALSE,FALSE,FALSE,FALSE,FALSE,TRUE,FALSE,FALSE,FALSE,FALSE,FALSE,FALSE,FALSE,FALSE,TRUE,FALSE,FALSE,FALSE,FALSE,json,FALSE,unknown
239,Transport Network Assets,Manhole Sensor Systems Locations In Jaipur City,TRUE,"Name, ID, and Physical Coordinates of the manhole sensor systems in Jaipur City.",Manhole Sensor,yes,Indian urban data exchange (2023) IUDX,,JDA,https://catalogue.cos.iudx.org.in/jaipur/dataset/5004baa8-a1ca-45f0-b639-4cef1ec6b089,,,,,,,json,,Jaipur Development Authority (2018),regional level,discrete locations,private,not known,FALSE,FALSE,FALSE,FALSE,FALSE,FALSE,FALSE,FALSE,FALSE,FALSE,FALSE,TRUE,FALSE,FALSE,FALSE,FALSE,FALSE,FALSE,FALSE,FALSE,TRUE,FALSE,FALSE,FALSE,FALSE,json,FALSE,unknown
240,Transport Network Assets,Vcc System Locations In Jaipur City,TRUE,"Name, ID,address and Physical Coordinates of the Vehicle Classification Camera(VCC)",VCC system,yes,Indian urban data exchange (2023) IUDX,,JDA,https://catalogue.cos.iudx.org.in/jaipur/dataset/5004baa8-a1ca-45f0-b639-4cef1ec6b089,"effective enforcement, sustainable mobility",,,,,,json,,Jaipur Development Authority (2018),regional level,discrete locations,private,not known,FALSE,FALSE,FALSE,FALSE,FALSE,FALSE,FALSE,FALSE,FALSE,FALSE,FALSE,FALSE,FALSE,FALSE,FALSE,FALSE,FALSE,FALSE,FALSE,TRUE,FALSE,TRUE,FALSE,FALSE,FALSE,json,FALSE,unknown
241,Transport Network Assets,Anpr Camera Locations In Jaipur City,TRUE,"Name,ID, device count, address, and Physical Coordinates of the ANPR Camera locations in Jaipur city",ANPR Camera,yes,Indian urban data exchange (2023) IUDX,,JDA,https://catalogue.cos.iudx.org.in/jaipur/dataset/5004baa8-a1ca-45f0-b639-4cef1ec6b089,effective enforcement,,,,,,json,,Jaipur Development Authority (2018),regional level,discrete locations,private,not known,FALSE,FALSE,FALSE,FALSE,FALSE,FALSE,FALSE,FALSE,FALSE,FALSE,FALSE,FALSE,FALSE,FALSE,FALSE,FALSE,FALSE,FALSE,FALSE,TRUE,FALSE,FALSE,FALSE,FALSE,FALSE,json,FALSE,unknown
242,Transport Network Assets,Environment Sensor Locations In Jaipur City,TRUE,"Name, address, and Physical Coordinates of the environment sensor in Jaipur city",Environment Sensor,yes,Indian urban data exchange (2023) IUDX,,JDA,https://catalogue.cos.iudx.org.in/jaipur/dataset/5004baa8-a1ca-45f0-b639-4cef1ec6b089,,,,,,,json,,Jaipur Development Authority (2018),regional level,discrete locations,private,not known,FALSE,FALSE,FALSE,FALSE,FALSE,FALSE,FALSE,FALSE,FALSE,FALSE,FALSE,TRUE,FALSE,FALSE,FALSE,FALSE,FALSE,FALSE,FALSE,FALSE,TRUE,FALSE,FALSE,FALSE,FALSE,json,FALSE,unknown
243,Transport Statistics,Transport Annual Report 2022-23,TRUE,annual administrative report for the year (2022-23),Administrative Report,yes,Annual administrative report (2022-23),,"Department of transport and road safety, Rajasthan",https://transport.rajasthan.gov.in/content/dam/transport/transport-dept/pdf/Statistical-abstract2022-23/prashasnik%20prativedan%202022-23.pdf,"sustainable mobility, health and safety","Reduction of private vehicles, Motor vehicle traffic reduction, Decline in accidents",,,2022,2023,printed table,yearly,Rajasthan,state level,state,open,not known,FALSE,FALSE,FALSE,FALSE,TRUE,TRUE,FALSE,FALSE,FALSE,FALSE,FALSE,FALSE,FALSE,FALSE,FALSE,FALSE,TRUE,FALSE,FALSE,FALSE,FALSE,TRUE,FALSE,TRUE,FALSE,printed table,FALSE,yearly
244,Transport Statistics,Transport Dept Yearbook 2020-21,TRUE,"general information,routes and highways, permit and licences, revenue collection, vehicle statistics,road accidents, pollution control, enforcement, and miscellaneous data for Rajasthan(2020-21)","highway, vcehicle statistics permit, license, revenue",yes,"Transport Department, Government of Rajasthan (2020-21) STATISTICAL YEAR BOOK",,"Transport Department, Govt. of Rajasthan",https://transport.rajasthan.gov.in/content/dam/transport/transport-dept/pdf/Statistical%20abstract%202020-21/Transport_Dept_Year_Book.pdf,"sustainable mobility, health and safety","Reduction of private vehicles, Motor vehicle traffic reduction, Decline in accidents",,,2020,2021,printed table,yearly,Rajasthan,state level,state,open,not known,FALSE,FALSE,FALSE,FALSE,TRUE,TRUE,FALSE,FALSE,FALSE,FALSE,FALSE,FALSE,FALSE,FALSE,FALSE,FALSE,TRUE,FALSE,FALSE,FALSE,FALSE,TRUE,FALSE,TRUE,FALSE,printed table,FALSE,yearly
245,Transport Statistics,Transport Dept Yearbook 2019-20,TRUE,"general information,routes and highways, permit and licences, revenue collection, vehicle statistics,road accidents, pollution control, enforcement, and miscellaneous data for Rajasthan(2019-20)","Rajasthan Transport, Traffic Infrastructure Statistics",yes,"Transport Department, Government of Rajasthan (2019-20) STATISTICAL YEAR BOOK",,"Transport Department, Govt. of Rajasthan",https://transport.rajasthan.gov.in/content/dam/transport/transport-dept/pdf/statistical2015-16/Transport%20Dept.%20Statistical%20Year%20Book.pdf,"sustainable mobility, health and safety","Reduction of private vehicles, Motor vehicle traffic reduction, Decline in accidents",,,2019,2020,printed table,yearly,Rajasthan,state level,state,open,not known,FALSE,FALSE,FALSE,FALSE,TRUE,TRUE,FALSE,FALSE,FALSE,FALSE,FALSE,FALSE,FALSE,FALSE,FALSE,FALSE,TRUE,FALSE,FALSE,FALSE,FALSE,TRUE,FALSE,TRUE,FALSE,printed table,FALSE,yearly
246,Transport Statistics,Transport Dept Yearbook 2018-19,TRUE,"general information,routes and highways, permit and licences, revenue collection, vehicle statistics,road accidents, pollution control, enforcement, and miscellaneous data for Rajasthan(2019-20)","Transport Overview, Traffic and Infrastructure",yes,"Transport Department, Government of Rajasthan (2018-19) STATISTICAL ABSTRACT",,"Transport Department, Govt. of Rajasthan",https://transport.rajasthan.gov.in/content/dam/transport/transport-dept/pdf/statistical-abstract2018-19/Trasport%20Department%20Abstract%20Book%2018-19.pdf,"sustainable mobility, health and safety","Reduction of private vehicles, Motor vehicle traffic reduction, Decline in accidents",,,2018,2019,printed table,yearly,Rajasthan,state level,state,open,not known,FALSE,FALSE,FALSE,FALSE,TRUE,TRUE,FALSE,FALSE,FALSE,FALSE,FALSE,FALSE,FALSE,FALSE,FALSE,FALSE,TRUE,FALSE,FALSE,FALSE,FALSE,TRUE,FALSE,TRUE,FALSE,printed table,FALSE,yearly
247,Transport Statistics,Transport Annual Progress Report,TRUE,annual progress report from 2015-16 to 2021-22 in hindi,Transport Report,yes,"Transport Department, Government of Rajasthan (n.d.), Transport Anuual Progress Report",,"Transport Department, Govt. of Rajasthan",https://transport.rajasthan.gov.in/content/transportportal/en/transport/organisation/AnnualProgressReport.html.html#annualProgressReport,"sustainable mobility, health and safety","Reduction of private vehicles, Motor vehicle traffic reduction, Decline in accidents",,,2015,2022,printed table,yearly,Rajasthan,state level,state,open,not known,FALSE,FALSE,FALSE,FALSE,TRUE,TRUE,FALSE,FALSE,FALSE,FALSE,FALSE,FALSE,FALSE,FALSE,FALSE,FALSE,TRUE,FALSE,FALSE,FALSE,FALSE,TRUE,FALSE,TRUE,FALSE,printed table,FALSE,yearly
249,Travel Demand,Transportation Of Goods Vehicle Movement,TRUE,Routes opted by the goods vehicles within the JDA are presented in this map.,"Goods vehicle, JDA",yes,"L&T Infra Engineering (2022) Comprehensive Traffic and Transportation Study for Jaipur Region, vol1","Fig. 2-29, Pg. 2-53",JDA,Document not yet published,sustainable mobility,Motor vehicle traffic reduction,,,,2018,map image,,Jaipur Development Authority (2018),regional level,region,private,not known,FALSE,FALSE,FALSE,FALSE,FALSE,FALSE,FALSE,FALSE,FALSE,FALSE,FALSE,FALSE,FALSE,FALSE,FALSE,FALSE,TRUE,FALSE,FALSE,FALSE,FALSE,TRUE,FALSE,FALSE,FALSE,printed map,FALSE,unknown
250,Travel Demand,Classified Traffic Volume Counts,TRUE,Location-wise Traffic (PCUs) and Share (%) at Outer Cordon Location,"PCUs, outer cordon",yes,"L&T Infra Engineering (2022) Comprehensive Traffic and Transportation Study for Jaipur Region, vol1","Figure 3-1, p.g 3-6",JDA,Document not yet published,sustainable mobility,Motor vehicle traffic reduction,,,,2018,map image,,Jaipur City,city level,city,private,not known,FALSE,FALSE,FALSE,FALSE,FALSE,FALSE,FALSE,FALSE,FALSE,FALSE,FALSE,FALSE,FALSE,FALSE,FALSE,FALSE,TRUE,FALSE,FALSE,FALSE,FALSE,TRUE,FALSE,FALSE,FALSE,printed map,FALSE,unknown
251,Travel Demand,Peak Hour Traffic Characteristics,TRUE,Peak hour traffic and its share in the daily traffic at inner cordon locations.,"Peak hour traffic, daily traffic",yes,"L&T Infra Engineering (2022) Comprehensive Traffic and Transportation Study for Jaipur Region, vol1","Table 3-8, p.g 3-11",JDA,Document not yet published,sustainable mobility,Motor vehicle traffic reduction,,,,2018,printed table,,Jaipur City,city level,city,private,not known,FALSE,FALSE,FALSE,FALSE,FALSE,FALSE,FALSE,FALSE,FALSE,FALSE,FALSE,FALSE,FALSE,FALSE,FALSE,FALSE,TRUE,FALSE,FALSE,FALSE,FALSE,TRUE,FALSE,FALSE,FALSE,printed table,FALSE,unknown
252,Travel Demand,Traffic Composition,TRUE,Road-wise traffic composition at inner cordon locations,Traffic composition,yes,"L&T Infra Engineering (2022) Comprehensive Traffic and Transportation Study for Jaipur Region, vol1",Table 3-9 pg no-3-12,JDA,Document not yet published,sustainable mobility,Motor vehicle traffic reduction,,,,2018,printed table,,Jaipur City,city level,city,private,not known,FALSE,FALSE,FALSE,FALSE,FALSE,FALSE,FALSE,FALSE,FALSE,FALSE,FALSE,FALSE,FALSE,FALSE,FALSE,FALSE,TRUE,FALSE,FALSE,FALSE,FALSE,TRUE,FALSE,FALSE,FALSE,printed table,FALSE,unknown
253,Travel Demand,Traffic Volume,TRUE,"Screen-line volume counts have been carried out at 68 locations across river and railway line
crossings along east-west and north-south corridor.","Screen-Line Volume Counts, Crossings
",yes,"L&T Infra Engineering (2022) Comprehensive Traffic and Transportation Study for Jaipur Region, vol1",Figure3-5 pg 3-14,JDA,Document not yet published,sustainable mobility,Motor vehicle traffic reduction,,,,2018,map image,,Jaipur City,city level,city,private,not known,FALSE,FALSE,FALSE,FALSE,FALSE,FALSE,FALSE,FALSE,FALSE,FALSE,FALSE,FALSE,FALSE,FALSE,FALSE,FALSE,TRUE,FALSE,FALSE,FALSE,FALSE,TRUE,FALSE,FALSE,FALSE,printed map,FALSE,unknown
254,Travel Demand,Origin and Destination (O-D) Survey,TRUE,O-D sample size collected at outer cordon locations,"Oring & destination, outer cordon locations",yes,"L&T Infra Engineering (2022) Comprehensive Traffic and Transportation Study for Jaipur Region, vol1",Table 3-13 pg 3-17,JDA,Document not yet published,sustainable mobility,Motor vehicle traffic reduction,,,,2018,printed table,,Jaipur City,city level,city,private,not known,FALSE,FALSE,FALSE,FALSE,FALSE,FALSE,FALSE,FALSE,FALSE,FALSE,FALSE,FALSE,FALSE,FALSE,FALSE,FALSE,TRUE,FALSE,FALSE,FALSE,FALSE,TRUE,FALSE,FALSE,FALSE,printed table,FALSE,unknown
255,Travel Demand,Passenger Travel Count,TRUE,Jaipur metro ridership data  since JUn-2015,"travel count, ridership",yes,Jaipur Metro Rail Corporation Ltd. (2024),,JMRCL,https://transport.rajasthan.gov.in/content/transportportal/en/metro/PassengerInformation/passenger-travelled-count.html,inclusive mobility,Public transport ridership,,,2015,2024,printed table,Monthly,Jaipur North Region,city level,city,open,not known,FALSE,FALSE,FALSE,FALSE,FALSE,FALSE,FALSE,TRUE,FALSE,FALSE,FALSE,FALSE,FALSE,FALSE,FALSE,FALSE,FALSE,FALSE,FALSE,FALSE,FALSE,FALSE,TRUE,FALSE,FALSE,printed table,FALSE,Monthly
256,Travel Demand,Screen Line Traffic Movement ‚Äì 16 Hours & 24 Hours With Screenline Location Map,TRUE,"Screen line location and traffic movement towards North,south,east,west with the number of vehicles and PCUs","screenline, traffic, PCU",yes,Wilbur Smith Associates(2010) Traffic and Transportation Study for Detailed Project Report for Proposed Jaipur Metro,"Table 2-3, Table 2-4,  Figure 2.8",Wilbur smith associates,https://transport.rajasthan.gov.in/content/dam/transport/metro/Project/Traffic%20Study%20by%20Wilbur%20Smith%20Associates-2010/Traffic%20and%20Transportation%20Study%20For%20DPR%20For%20Proposed%20Jaipur%20Metro%20Feb%202010.pdf,sustainable mobility,Motor vehicle traffic reduction,,,,2009,"printed table, map image",,"Jaipur City, specific locations",city level,city,open,not known,FALSE,FALSE,FALSE,FALSE,FALSE,FALSE,FALSE,FALSE,FALSE,FALSE,FALSE,FALSE,FALSE,FALSE,FALSE,FALSE,TRUE,FALSE,FALSE,FALSE,FALSE,TRUE,FALSE,FALSE,FALSE,printed table,FALSE,unknown
257,Travel Demand,Peak Hour Traffic At Screen Line Locations,TRUE,"Peak Hour Traffic at Screen Line Locations with peak PCU,Daily PCU, peak hour factor in %","peak hour traffic, PCU",yes,Wilbur Smith Associates(2010) Traffic and Transportation Study for Detailed Project Report for Proposed Jaipur Metro,Table 2-5,Wilbur smith associates,https://www.tourism.rajasthan.gov.in/content/dam/transport/metro/Project/Traffic%20Study%20by%20Wilbur%20Smith%20Associates-2010/Traffic%20and%20Transportation%20Study%20For%20DPR%20For%20Proposed%20Jaipur%20Metro%20Feb%202010.pdf,sustainable mobility,Motor vehicle traffic reduction,,,,2009,printed table,,"Jaipur City, specific locations",city level,city,open,not known,FALSE,FALSE,FALSE,FALSE,FALSE,FALSE,FALSE,FALSE,FALSE,FALSE,FALSE,FALSE,FALSE,FALSE,FALSE,FALSE,TRUE,FALSE,FALSE,FALSE,FALSE,TRUE,FALSE,FALSE,FALSE,printed table,FALSE,unknown
258,Travel Demand,Midblock Traffic Movement - 16 Hours & 24 Hours With Midblock Location Map,TRUE,"Midblock traffic location and traffic movement towards North,south,east,west with the number of vehicles and PCUs",midblock traffic ,yes,Wilbur Smith Associates(2010) Traffic and Transportation Study for Detailed Project Report for Proposed Jaipur Metro,"Table 2.6, Table 2.7, Figure 2.10",Wilbur smith associates,https://www.tourism.rajasthan.gov.in/content/dam/transport/metro/Project/Traffic%20Study%20by%20Wilbur%20Smith%20Associates-2010/Traffic%20and%20Transportation%20Study%20For%20DPR%20For%20Proposed%20Jaipur%20Metro%20Feb%202010.pdf,sustainable mobility,Motor vehicle traffic reduction,,,,2009,"printed table, map image",,"Jaipur City, specific locations",city level,city,open,not known,FALSE,FALSE,FALSE,FALSE,FALSE,FALSE,FALSE,FALSE,FALSE,FALSE,FALSE,FALSE,FALSE,FALSE,FALSE,FALSE,TRUE,FALSE,FALSE,FALSE,FALSE,TRUE,FALSE,FALSE,FALSE,printed table,FALSE,unknown
259,Travel Demand,Peak Hour Traffic At Midblock Locations,TRUE,"Peak Hour Traffic at Midblock Locations with peak PCU,Daily PCU, peak hour factor in %","peak hour traffic, Midblock",yes,Wilbur Smith Associates(2010) Traffic and Transportation Study for Detailed Project Report for Proposed Jaipur Metro,Table 2.8,Wilbur smith associates,https://www.tourism.rajasthan.gov.in/content/dam/transport/metro/Project/Traffic%20Study%20by%20Wilbur%20Smith%20Associates-2010/Traffic%20and%20Transportation%20Study%20For%20DPR%20For%20Proposed%20Jaipur%20Metro%20Feb%202010.pdf,sustainable mobility,Motor vehicle traffic reduction,,,,2009,printed table,,"Jaipur City, specific locations",city level,city,open,not known,FALSE,FALSE,FALSE,FALSE,FALSE,FALSE,FALSE,FALSE,FALSE,FALSE,FALSE,FALSE,FALSE,FALSE,FALSE,FALSE,TRUE,FALSE,FALSE,FALSE,FALSE,TRUE,FALSE,FALSE,FALSE,printed table,FALSE,unknown
260,Travel Demand,Outer Cordon Traffic Movement - 24 Hours With Outer Cordon Location Map,TRUE,Outer Cordon Traffic location and traffic movement inbound and outbound with the number of vehicles and PCUs,"traffic location, traffic movement, outer cordon ",yes,Wilbur Smith Associates(2010) Traffic and Transportation Study for Detailed Project Report for Proposed Jaipur Metro,"Table 2.9, Figure 2.11",Wilbur smith associates,https://www.tourism.rajasthan.gov.in/content/dam/transport/metro/Project/Traffic%20Study%20by%20Wilbur%20Smith%20Associates-2010/Traffic%20and%20Transportation%20Study%20For%20DPR%20For%20Proposed%20Jaipur%20Metro%20Feb%202010.pdf,sustainable mobility,Motor vehicle traffic reduction,,,,2009,"printed table, map image",,"Jaipur City, specific locations",city level,city,open,not known,FALSE,FALSE,FALSE,FALSE,FALSE,FALSE,FALSE,FALSE,FALSE,FALSE,FALSE,FALSE,FALSE,FALSE,FALSE,FALSE,TRUE,FALSE,FALSE,FALSE,FALSE,TRUE,FALSE,FALSE,FALSE,printed table,FALSE,unknown
261,Travel Demand,Peak Hour Traffic - Outer Cordon,TRUE,"Peak Hour Traffic - Outer Cordon Locations with peak PCU, Daily PCU, and peak hour factor in %","peak hour traffic, peak hour factor, outer cordon, PCU",yes,Wilbur Smith Associates(2010) Traffic and Transportation Study for Detailed Project Report for Proposed Jaipur Metro,Table 2.10,Wilbur smith associates,https://www.tourism.rajasthan.gov.in/content/dam/transport/metro/Project/Traffic%20Study%20by%20Wilbur%20Smith%20Associates-2010/Traffic%20and%20Transportation%20Study%20For%20DPR%20For%20Proposed%20Jaipur%20Metro%20Feb%202010.pdf,sustainable mobility,Motor vehicle traffic reduction,,,,2009,printed table,,"Jaipur City, specific locations",city level,city,open,not known,FALSE,FALSE,FALSE,FALSE,FALSE,FALSE,FALSE,FALSE,FALSE,FALSE,FALSE,FALSE,FALSE,FALSE,FALSE,FALSE,TRUE,FALSE,FALSE,FALSE,FALSE,TRUE,FALSE,FALSE,FALSE,printed table,FALSE,unknown
262,Travel Demand,Speed And Delay: Peak Passengers Per Hour Per Direction (Pphpd) ‚Äì Major Corridors:,TRUE,"Location of rods, rail network and the journey speed and  PPHPD on Major corridors","road, rail network, journey speed, PPHPD",yes,Wilbur Smith Associates(2010) Traffic and Transportation Study for Detailed Project Report for Proposed Jaipur Metro,"Figure 2.13, Figure 2.14",Wilbur smith associates,https://www.tourism.rajasthan.gov.in/content/dam/transport/metro/Project/Traffic%20Study%20by%20Wilbur%20Smith%20Associates-2010/Traffic%20and%20Transportation%20Study%20For%20DPR%20For%20Proposed%20Jaipur%20Metro%20Feb%202010.pdf,sustainable mobility,Motor vehicle traffic reduction,,,,2009,map image,,"Jaipur City, specific locations",city level,city,open,not known,FALSE,FALSE,FALSE,FALSE,FALSE,FALSE,FALSE,FALSE,FALSE,FALSE,FALSE,FALSE,FALSE,FALSE,FALSE,FALSE,TRUE,FALSE,FALSE,FALSE,FALSE,TRUE,FALSE,FALSE,FALSE,printed map,FALSE,unknown
263,Travel Demand,"Travel Characteristics : Daily Trips,Hourly Distribution,Mode Share, Average Trip Length, And Trip Length Distribution",TRUE,"Daily trips,Hourly Distribution,Mode Share, Average Trip Length, and Trip length distribution graphs and tables ","daily trips, hourly distribution, mode share, average trip length, trip length distribution",yes,Wilbur Smith Associates(2010) Traffic and Transportation Study for Detailed Project Report for Proposed Jaipur Metro,"Table 2.11,Table 2.12, Figure 2.15, Figure 2.16 ",Wilbur smith associates,https://www.tourism.rajasthan.gov.in/content/dam/transport/metro/Project/Traffic%20Study%20by%20Wilbur%20Smith%20Associates-2010/Traffic%20and%20Transportation%20Study%20For%20DPR%20For%20Proposed%20Jaipur%20Metro%20Feb%202010.pdf,"sustainable mobility, inclusive mobility",Motor vehicle traffic reduction,,,,2009,"printed table, printed graph",,"Jaipur City, specific locations",city level,city,open,not known,FALSE,FALSE,FALSE,FALSE,FALSE,FALSE,FALSE,FALSE,FALSE,FALSE,FALSE,FALSE,FALSE,FALSE,FALSE,FALSE,TRUE,FALSE,FALSE,FALSE,FALSE,TRUE,TRUE,FALSE,FALSE,printed table,FALSE,unknown
264,Travel Demand,Peak Hour Traffic Composition At Screen Line Locations,TRUE,"location, passenger,goods and slow moving vehicles traffic composition with further classification like standard bus,mofussil bus, other bus, cars, two wheeler etc.","traffic composition, screen line",yes,Wilbur Smith Associates(2010) Traffic and Transportation Study for Detailed Project Report for Proposed Jaipur Metro,"ANNEXURE - 2, pg. 116",Wilbur smith associates,https://www.tourism.rajasthan.gov.in/content/dam/transport/metro/Project/Traffic%20Study%20by%20Wilbur%20Smith%20Associates-2010/Traffic%20and%20Transportation%20Study%20For%20DPR%20For%20Proposed%20Jaipur%20Metro%20Feb%202010.pdf,"sustainable mobility, inclusive mobility",Motor vehicle traffic reduction,,,,2009,printed table,,"Jaipur City, specific locations",city level,city,open,not known,FALSE,FALSE,FALSE,FALSE,FALSE,FALSE,FALSE,FALSE,FALSE,FALSE,FALSE,FALSE,FALSE,FALSE,FALSE,FALSE,TRUE,FALSE,FALSE,FALSE,FALSE,TRUE,TRUE,FALSE,FALSE,printed table,FALSE,unknown
265,Travel Demand,Peak Hour Traffic Composition At Midblock Locations,TRUE,"location, passenger,goods and slow moving vehicles traffic composition with further classification like standard bus,mofussil bus, other bus, cars, two wheeler etc.","traffic composition, midblock",yes,Wilbur Smith Associates(2010) Traffic and Transportation Study for Detailed Project Report for Proposed Jaipur Metro,"ANNEXURE - 2, pg. 120",Wilbur smith associates,https://www.tourism.rajasthan.gov.in/content/dam/transport/metro/Project/Traffic%20Study%20by%20Wilbur%20Smith%20Associates-2010/Traffic%20and%20Transportation%20Study%20For%20DPR%20For%20Proposed%20Jaipur%20Metro%20Feb%202010.pdf,"sustainable mobility, inclusive mobility",Motor vehicle traffic reduction,,,,2009,printed table,,"Jaipur City, specific locations",city level,city,open,not known,FALSE,FALSE,FALSE,FALSE,FALSE,FALSE,FALSE,FALSE,FALSE,FALSE,FALSE,FALSE,FALSE,FALSE,FALSE,FALSE,TRUE,FALSE,FALSE,FALSE,FALSE,TRUE,TRUE,FALSE,FALSE,printed table,FALSE,unknown
266,Travel Demand,Peak Hour Traffic Composition At Cordon Locations,TRUE,"location, passenger,goods and slow moving vehicles traffic composition with further classification like standard bus,mofussil bus, other bus, cars, two wheeler etc.","traffic composition, cordon locations",yes,Wilbur Smith Associates(2010) Traffic and Transportation Study for Detailed Project Report for Proposed Jaipur Metro,"ANNEXURE - 2, pg. 122",Wilbur smith associates,https://www.tourism.rajasthan.gov.in/content/dam/transport/metro/Project/Traffic%20Study%20by%20Wilbur%20Smith%20Associates-2010/Traffic%20and%20Transportation%20Study%20For%20DPR%20For%20Proposed%20Jaipur%20Metro%20Feb%202010.pdf,"sustainable mobility, inclusive mobility",Motor vehicle traffic reduction,,,,2009,printed table,,"Jaipur City, specific locations",city level,city,open,not known,FALSE,FALSE,FALSE,FALSE,FALSE,FALSE,FALSE,FALSE,FALSE,FALSE,FALSE,FALSE,FALSE,FALSE,FALSE,FALSE,TRUE,FALSE,FALSE,FALSE,FALSE,TRUE,TRUE,FALSE,FALSE,printed table,FALSE,unknown
267,Travel Demand,Journey Purpose At Outer Cordon (%),TRUE,"purpose in % in mode(2 wheeler,car,auto,taxi) for work, business, education, social & recreation, tourism, others","journey purpose, outer cordon,",yes,Wilbur Smith Associates(2010) Traffic and Transportation Study for Detailed Project Report for Proposed Jaipur Metro,"ANNEXURE - 2, pg. 124",Wilbur smith associates,https://www.tourism.rajasthan.gov.in/content/dam/transport/metro/Project/Traffic%20Study%20by%20Wilbur%20Smith%20Associates-2010/Traffic%20and%20Transportation%20Study%20For%20DPR%20For%20Proposed%20Jaipur%20Metro%20Feb%202010.pdf,"sustainable mobility, inclusive mobility",Motor vehicle traffic reduction,,,,2009,printed table,,"Jaipur City, specific locations",city level,city,open,not known,FALSE,FALSE,FALSE,FALSE,FALSE,FALSE,FALSE,FALSE,FALSE,FALSE,FALSE,FALSE,FALSE,FALSE,FALSE,FALSE,TRUE,FALSE,FALSE,FALSE,FALSE,TRUE,TRUE,FALSE,FALSE,printed table,FALSE,unknown
268,Travel Demand,Peak Hour Passenger Count Data,TRUE,"location, direction, no. of alighting passengers, no. of boarding passengers and total passenger","peak hour, passenger count, location, direction, alighting, boarding",yes,Wilbur Smith Associates(2010) Traffic and Transportation Study for Detailed Project Report for Proposed Jaipur Metro,"ANNEXURE - 2, pg. 124",Wilbur smith associates,https://www.tourism.rajasthan.gov.in/content/dam/transport/metro/Project/Traffic%20Study%20by%20Wilbur%20Smith%20Associates-2010/Traffic%20and%20Transportation%20Study%20For%20DPR%20For%20Proposed%20Jaipur%20Metro%20Feb%202010.pdf,inclusive mobility,Public transport ridership,,,,2009,printed table,,"Jaipur City, specific locations",city level,city,open,not known,FALSE,FALSE,FALSE,FALSE,FALSE,FALSE,FALSE,TRUE,FALSE,FALSE,FALSE,FALSE,FALSE,FALSE,FALSE,FALSE,FALSE,FALSE,FALSE,FALSE,FALSE,FALSE,TRUE,FALSE,FALSE,printed table,FALSE,unknown
269,Travel Demand,Average Occupancy,TRUE,"location, direction and average occupancy data",occupancy rate,yes,Traffic Study by Wilbur Smith Associates-2010,"ANNEXURE - 2, pg. 125",Wilbur smith associates,https://www.tourism.rajasthan.gov.in/content/dam/transport/metro/Project/Traffic%20Study%20by%20Wilbur%20Smith%20Associates-2010/Traffic%20and%20Transportation%20Study%20For%20DPR%20For%20Proposed%20Jaipur%20Metro%20Feb%202010.pdf,"sustainable mobility, inclusive mobility","Motor vehicle traffic reduction, Public transport ridership",,,,2009,printed table,,"Jaipur City, specific locations",city level,city,open,not known,FALSE,FALSE,FALSE,FALSE,FALSE,FALSE,FALSE,TRUE,FALSE,FALSE,FALSE,FALSE,FALSE,FALSE,FALSE,FALSE,TRUE,FALSE,FALSE,FALSE,FALSE,TRUE,TRUE,FALSE,FALSE,printed table,FALSE,unknown
270,Travel Demand,Speed And Delay,TRUE,"corridor name, direction(towards), distance(km), average total time(sec), average delay(sec), average journey speed(kmph), running speed(kmph) data","corridor, direction, distance, average total time, average delay, average journey speed, running speed",yes,Wilbur Smith Associates(2010) Traffic and Transportation Study for Detailed Project Report for Proposed Jaipur Metro,"ANNEXURE - 2, pg. 126",Wilbur smith associates,https://www.tourism.rajasthan.gov.in/content/dam/transport/metro/Project/Traffic%20Study%20by%20Wilbur%20Smith%20Associates-2010/Traffic%20and%20Transportation%20Study%20For%20DPR%20For%20Proposed%20Jaipur%20Metro%20Feb%202010.pdf,sustainable mobility,Motor vehicle traffic reduction,,,,2009,printed table,,"Jaipur City, specific locations",city level,city,open,not known,FALSE,FALSE,FALSE,FALSE,FALSE,FALSE,FALSE,FALSE,FALSE,FALSE,FALSE,FALSE,FALSE,FALSE,FALSE,FALSE,TRUE,FALSE,FALSE,FALSE,FALSE,TRUE,FALSE,FALSE,FALSE,printed table,FALSE,unknown
271,Travel Demand,Mode Distribution In Jaipur (Including Walk),TRUE,mode distribution with mode and total trips in %,"mode distribution, total trips, walk",yes,"JMRCL(2018) Comprehensive Mobility Plan - Urban Transport Sector Assessment Report for Jaipur City",Table 0-1 (Egis survey),"egis rail,egis india, feedback infra",https://transport.rajasthan.gov.in/content/dam/transport/metro/Project/DPR%20Phase%20II/CMP%20Executive%20Summary%20Final.pdf,"inclusive mobility, sustainable mobility","Walking and cycling, Public transport ridership, Last-mile use of intermediate public transport, Motor vehicle traffic reduction",,,,2017,printed table,,"Jaipur City, specific locations",city level,city,open,not known,FALSE,FALSE,FALSE,FALSE,FALSE,FALSE,TRUE,TRUE,TRUE,FALSE,FALSE,FALSE,FALSE,FALSE,FALSE,FALSE,TRUE,FALSE,FALSE,FALSE,FALSE,TRUE,TRUE,FALSE,FALSE,printed table,FALSE,unknown
272,Travel Demand,Total Mechanized Trips Base Year 2017,TRUE,"mode of transport, trips in lakhs and share in %","mechanized trips, base year, trips, mode of transport",yes,"JMRCL(2018) Comprehensive Mobility Plan - Urban Transport Sector Assessment Report for Jaipur City",Table 0-2 (Estimate by Egis survey),"egis rail,egis india, feedback infra",https://transport.rajasthan.gov.in/content/dam/transport/metro/Project/DPR%20Phase%20II/CMP%20Executive%20Summary%20Final.pdf,inclusive mobility,Public transport ridership,,,,2017,printed table,,"Jaipur City, specific locations",city level,city,open,not known,FALSE,FALSE,FALSE,FALSE,FALSE,FALSE,FALSE,TRUE,FALSE,FALSE,FALSE,FALSE,FALSE,FALSE,FALSE,FALSE,FALSE,FALSE,FALSE,FALSE,FALSE,FALSE,TRUE,FALSE,FALSE,printed table,FALSE,unknown
273,Travel Demand,Average Trip Length By Various Modes,TRUE,"mode, homebased,non-home based trips, avg. trip length(km)","mode, homebased trips, nonhome based trips, trip length",yes,"JMRCL(2018) Comprehensive Mobility Plan - Urban Transport Sector Assessment Report for Jaipur City",Table 0-3 ( Egis survey),"egis rail,egis india, feedback infra",https://transport.rajasthan.gov.in/content/dam/transport/metro/Project/DPR%20Phase%20II/CMP%20Executive%20Summary%20Final.pdf,"sustainable mobility, inclusive mobility","Motor vehicle traffic reduction, Walking and cycling, Public transport ridership, Last-mile use of intermediate public transport",,,,2017,printed table,,"Jaipur City, specific locations",city level,city,open,not known,FALSE,FALSE,FALSE,FALSE,FALSE,FALSE,TRUE,TRUE,TRUE,FALSE,FALSE,FALSE,FALSE,FALSE,FALSE,FALSE,TRUE,FALSE,FALSE,FALSE,FALSE,TRUE,TRUE,FALSE,FALSE,printed table,FALSE,unknown
274,Travel Demand,Modal Share Of Transport,TRUE,Percentage of people who used different modes of transportation in 2009 and 2018.,Modal share,yes,CMP ppt (n.d),pg. 29,JDA,https://cdn.cseindia.org/userfiles/comprehensive_mobility.pdf,"sustainable mobility, inclusive mobility","Motor vehicle traffic reduction, Walking and cycling, Public transport ridership, Last-mile use of intermediate public transport",,,2009,2009,printed table,,Jaipur City,city level,city,open,not known,FALSE,FALSE,FALSE,FALSE,FALSE,FALSE,TRUE,TRUE,TRUE,FALSE,FALSE,FALSE,FALSE,FALSE,FALSE,FALSE,TRUE,FALSE,FALSE,FALSE,FALSE,TRUE,TRUE,FALSE,FALSE,printed table,FALSE,unknown
275,Travel Demand,Public Transport Mode Jaipur,TRUE,Public transport mode share data ,Public mode share,yes,"JSCL (2019) Ministry of housing and urban affairs,smart city data catalogue",,"CDO- Ajay Kumar, Jaipur Nagar Nigam",https://smartcities.data.gov.in/catalog/publictransportmodejaipur,"sustainable mobility, inclusive mobility","Walking and cycling, Public transport ridership, Last-mile use of intermediate public transport, Motor vehicle traffic reduction",,,2015,2018,csv,,Jaipur City,city level,city,open,not known,FALSE,FALSE,FALSE,FALSE,FALSE,FALSE,TRUE,TRUE,TRUE,FALSE,FALSE,FALSE,FALSE,FALSE,FALSE,FALSE,TRUE,FALSE,FALSE,FALSE,FALSE,TRUE,TRUE,FALSE,FALSE,csv,TRUE,unknown
276,Urban Development,Dmic Corridor Along With Its Influence Zone,TRUE,DMIC corridor along with its influence zone,"DMIC Corridor, Influence Zone",yes,"JDA (2011) Master Development Plan 2025, vol1","Map 2-12, pg.63",JDA,https://jda.rajasthan.gov.in/content/dam/raj/udh/development-authority/jda-jaipur/pdf/MDP/Vol1.pdf,,,,,,2001,map image,,Jaipur Region,regional level,region,open,not known,FALSE,FALSE,FALSE,FALSE,FALSE,FALSE,FALSE,FALSE,FALSE,FALSE,FALSE,TRUE,FALSE,FALSE,FALSE,FALSE,FALSE,FALSE,FALSE,FALSE,TRUE,FALSE,FALSE,FALSE,FALSE,printed map,FALSE,unknown
277,Urban Development,Growth Nodes By 2025 Jaipur District,TRUE,Projections of key growth areas in Jaipur District by 2025.,"key growth area, Jaipur district, 2025",yes,"JDA (2011) Master Development Plan 2025, vol1","Map 2-47, pg. 124",JDA,https://jda.rajasthan.gov.in/content/dam/raj/udh/development-authority/jda-jaipur/pdf/MDP/Vol1.pdf,,,,,,2001,map image,,Jaipur District,district level,district,open,not known,FALSE,FALSE,FALSE,FALSE,FALSE,FALSE,FALSE,FALSE,FALSE,FALSE,FALSE,TRUE,FALSE,FALSE,FALSE,FALSE,FALSE,FALSE,FALSE,FALSE,TRUE,FALSE,FALSE,FALSE,FALSE,printed map,FALSE,unknown
278,Urban Development,Jaipur Region-2025,TRUE,Jaipur Region by 2025.,Jaipur region 2025,yes,"JDA (2011) Master Development Plan 2025, vol1","Map 3-1, pg. 128",JDA,https://jda.rajasthan.gov.in/content/dam/raj/udh/development-authority/jda-jaipur/pdf/MDP/Vol1.pdf,,,,,,2011,map image,,Jaipur Region,regional level,region,open,not known,FALSE,FALSE,FALSE,FALSE,FALSE,FALSE,FALSE,FALSE,FALSE,FALSE,FALSE,TRUE,FALSE,FALSE,FALSE,FALSE,FALSE,FALSE,FALSE,FALSE,TRUE,FALSE,FALSE,FALSE,FALSE,printed map,FALSE,unknown
279,Urban Development,Satellite Towns And Growth Centers In Jaipur Region,TRUE,Satellite towns and growth centers are proposed in the Jaipur Region,"Satellite towns, growth centres, jaipur region",yes,"L&T Infra Engineering (2022) Comprehensive Traffic and Transportation Study for Jaipur Region, vol1",Table 6-2 Pg 6-5,JDA,Document not yet published,,,,,,2018,printed table,,Jaipur Region,regional level,region,private,not known,FALSE,FALSE,FALSE,FALSE,FALSE,FALSE,FALSE,FALSE,FALSE,FALSE,FALSE,TRUE,FALSE,FALSE,FALSE,FALSE,FALSE,FALSE,FALSE,FALSE,TRUE,FALSE,FALSE,FALSE,FALSE,printed table,FALSE,unknown
280,Urban Development,Growth Direction Of Jaipur Region,TRUE,Availability of the expansion trajectory of Jaipur region,"Trajectory, Jaipur region",yes,"L&T Infra Engineering (2022) Comprehensive Traffic and Transportation Study for Jaipur Region, vol1",Figure 6-2 pg 6-4,JDA,Document not yet published,,,,,,2018,map image,,Jaipur District,district level,district,private,not known,FALSE,FALSE,FALSE,FALSE,FALSE,FALSE,FALSE,FALSE,FALSE,FALSE,FALSE,TRUE,FALSE,FALSE,FALSE,FALSE,FALSE,FALSE,FALSE,FALSE,TRUE,FALSE,FALSE,FALSE,FALSE,printed map,FALSE,unknown
281,Urban Development,Existing Development Area Boundary Of Jaipur Region,TRUE,Map outlining the boundaries of existing development areas in Jaipur Region.,"Boundaries, Jaipur region",yes,"JDA (2011) Master Development Plan 2025, vol1","Map 4-1, pg. 216",JDA,https://jda.rajasthan.gov.in/content/dam/raj/udh/development-authority/jda-jaipur/pdf/MDP/Vol1.pdf,,,,,,2011,map image,,Jaipur Region,regional level,region,open,not known,FALSE,FALSE,FALSE,FALSE,FALSE,FALSE,FALSE,FALSE,FALSE,FALSE,FALSE,TRUE,FALSE,FALSE,FALSE,FALSE,FALSE,FALSE,FALSE,FALSE,TRUE,FALSE,FALSE,FALSE,FALSE,printed map,FALSE,unknown
282,Waste Management,Solid Waste Disposal Data Jaipur,TRUE,"Disposal/SLF sites, type of waste,distance from city centre,operation since and quantity(TPD) in Jaipur City.","solid waste, jaipur, TPD",yes,"JSCL (2019) Ministry of housing and urban affairs,smart city data catalogue",,"CDO- Ajay Kumar, Jaipur Nagar Nigam",https://smartcities.data.gov.in/catalog/solidwastedisposaldatajaipur,,,,,,2018,csv,,Jaipur City,city level,city,open,not known,FALSE,FALSE,FALSE,FALSE,FALSE,FALSE,FALSE,FALSE,FALSE,FALSE,FALSE,TRUE,FALSE,FALSE,FALSE,FALSE,FALSE,FALSE,FALSE,FALSE,TRUE,FALSE,FALSE,FALSE,FALSE,csv,TRUE,unknown
283,Waste Management,Public Toilets Jaipur,TRUE,Sewage network and details the spread of public toilets available within an area based on ward in the city,"public toilets, ward, area, jaipur, location",yes,"JSCL (2019) Ministry of housing and urban affairs,smart city data catalogue",,"CDO- Ajay Kumar, Jaipur Nagar Nigam",https://smartcities.data.gov.in/catalog/public-toilets-jaipur,,,,,,2018,csv,,Jaipur City,city level,city,open,not known,FALSE,FALSE,FALSE,FALSE,FALSE,FALSE,FALSE,FALSE,FALSE,FALSE,FALSE,TRUE,FALSE,FALSE,FALSE,FALSE,FALSE,FALSE,FALSE,FALSE,TRUE,FALSE,FALSE,FALSE,FALSE,csv,TRUE,unknown
284,Waste Management,Solid Waste D2d Collection Jaipur,TRUE,Ward wise total door to door solid waste collection,"solid waste collection, door to door, jaipur",yes,"JSCL (2019) Ministry of housing and urban affairs,smart city data catalogue",,"CDO- Ajay Kumar, Jaipur Nagar Nigam",https://smartcities.data.gov.in/catalog/solidwasted2dcollectionjaipur,,,,,,2018,csv,,Jaipur City,city level,city,open,not known,FALSE,FALSE,FALSE,FALSE,FALSE,FALSE,FALSE,FALSE,FALSE,FALSE,FALSE,TRUE,FALSE,FALSE,FALSE,FALSE,FALSE,FALSE,FALSE,FALSE,TRUE,FALSE,FALSE,FALSE,FALSE,csv,TRUE,unknown
285,Waste Management,Solid Waste Processing Jaipur,TRUE,"Type of Waste, Quantity, Process technology, Plant location (address), Plant capacity (TPD), Waste to Energy initiative (Y/N), Power generated by Waste-to-Energy initiative (in MW)","solid waste, processing, capacity, jaipur, plant",yes,"JSCL (2019) Ministry of housing and urban affairs,smart city data catalogue",,"CDO- Ajay Kumar, Jaipur Nagar Nigam",https://smartcities.data.gov.in/catalog/solid-waste-processing-jaipur,,,,,,2018,csv,,Jaipur City,city level,city,open,not known,FALSE,FALSE,FALSE,FALSE,FALSE,FALSE,FALSE,FALSE,FALSE,FALSE,FALSE,TRUE,FALSE,FALSE,FALSE,FALSE,FALSE,FALSE,FALSE,FALSE,TRUE,FALSE,FALSE,FALSE,FALSE,csv,TRUE,unknown
286,Waste Management,Solid Waste Collection Vehicle Jaipur,TRUE,Types of waste collection vehicle used in different wards of jaipur city,"vehicle, waste collection, Jaipur city",yes,"JSCL (2019) Ministry of housing and urban affairs,smart city data catalogue",,"CDO- Ajay Kumar, Jaipur Nagar Nigam",https://smartcities.data.gov.in/catalog/solidwastecollectionvehiclejaipur,,,,,,2018,csv,,Jaipur City,city level,city,open,not known,FALSE,FALSE,FALSE,FALSE,FALSE,FALSE,FALSE,FALSE,FALSE,FALSE,FALSE,TRUE,FALSE,FALSE,FALSE,FALSE,FALSE,FALSE,FALSE,FALSE,TRUE,FALSE,FALSE,FALSE,FALSE,csv,TRUE,unknown
287,Waste Management,Door To Door Collection Of Solid Waste In Jaipur,TRUE,Total no. of households and establishments covered through doorstep collection ward wise,"Doorstep collection, ward wise",yes,"JSCL (2019) Ministry of housing and urban affairs,smart city data catalogue",,"CDO- Ajay Kumar, Jaipur Nagar Nigam",https://smartcities.data.gov.in/catalog/door-door-collection-solid-waste-jaipur,,,,,,2018,csv,,Jaipur City,city level,city,open,not known,FALSE,FALSE,FALSE,FALSE,FALSE,FALSE,FALSE,FALSE,FALSE,FALSE,FALSE,TRUE,FALSE,FALSE,FALSE,FALSE,FALSE,FALSE,FALSE,FALSE,TRUE,FALSE,FALSE,FALSE,FALSE,csv,TRUE,unknown
288,Waste Management,Solid Waste Segregation Jaipur,TRUE,Total no. of ward wise No. of Households with waste segregation,"Waste segregation, ward wise",yes,"JSCL (2019) Ministry of housing and urban affairs,smart city data catalogue",,"CDO- Ajay Kumar, Jaipur Nagar Nigam",https://smartcities.data.gov.in/catalog/solidwastesegregationjaipur,,,,,,2018,csv,,Jaipur City,city level,city,open,not known,FALSE,FALSE,FALSE,FALSE,FALSE,FALSE,FALSE,FALSE,FALSE,FALSE,FALSE,TRUE,FALSE,FALSE,FALSE,FALSE,FALSE,FALSE,FALSE,FALSE,TRUE,FALSE,FALSE,FALSE,FALSE,csv,TRUE,unknown
289,Waste Management,Waste Management Revenue Expenditure Data Jaipur,TRUE,Annual expenditure and revenue generated (in lakhs) in waste management.,"Expenditure, Revenue",yes,"JSCL (2019) Ministry of housing and urban affairs,smart city data catalogue",,"CDO- Ajay Kumar, Jaipur Nagar Nigam",https://smartcities.data.gov.in/catalog/waste-management-revenue-expenditure-data-jaipur,,,,,2015,2018,csv,,Jaipur City,city level,city,open,not known,FALSE,FALSE,FALSE,FALSE,FALSE,FALSE,FALSE,FALSE,FALSE,FALSE,FALSE,TRUE,FALSE,FALSE,FALSE,FALSE,FALSE,FALSE,FALSE,FALSE,TRUE,FALSE,FALSE,FALSE,FALSE,csv,TRUE,unknown
290,Public Transportation,Buses in Jaipur,TRUE,Number of buses in Jaipur,,yes,Transport Department Of Rajasthan (2026),n/a,"Transport Department, Govt. of Rajasthan",https://transport.rajasthan.gov.in/content/transportportal/en/jaipur-bus.html,public transport supply,Supply of public transport vehicles,,,,2025,csv,,Jaipur City,city level,city,open,not known,FALSE,FALSE,FALSE,FALSE,FALSE,FALSE,FALSE,FALSE,FALSE,FALSE,TRUE,FALSE,FALSE,FALSE,FALSE,FALSE,FALSE,TRUE,FALSE,FALSE,FALSE,FALSE,FALSE,FALSE,FALSE,,FALSE,unknown
291,Private Vehicles,No of registered vehicles in Jaipur city,TRUE,Number of registered two-wheelers and cars in Jaipur city,"transport report, modal shares, vehicle registrations",yes,"Mehta, S (2019) Assessment of Urban Mobility in Jaipur using the Sustainable Urban Transport Index (SUTI)","Table 1, pg.11",United Nations Economic and Social Commission for Asia and the Pacific,https://www.unescap.org/sites/default/files/Jaipur%2C%20India.pdf,sustainable mobility,Reduction of private vehicles,,,2010,2017,printed table,yearly,Jaipur ,city level,city,open,not known,FALSE,FALSE,FALSE,FALSE,TRUE,FALSE,FALSE,FALSE,FALSE,FALSE,FALSE,FALSE,FALSE,FALSE,FALSE,FALSE,FALSE,FALSE,FALSE,FALSE,FALSE,TRUE,FALSE,FALSE,FALSE,printed table,FALSE,unknown
292,Public Safety & Health,Road Accidents,TRUE,Total number of road accidents per year,"road accidents, fatalities, injuries",yes,Rites (2026) Comprehensive Mobility Plan for Jaipur City - Draft CMP report,"Table 2.7, pg. 2-12",JDA,https://jdaservice.rajasthan.gov.in/pdf/others/Jaipur_CMP_Report_022026.pdf,health and safety,Decline in accidents,,,2019,2022,printed table,,Jaipur Municipal Corporation,city level,city,open,not known,FALSE,FALSE,FALSE,FALSE,FALSE,TRUE,FALSE,FALSE,FALSE,FALSE,FALSE,FALSE,FALSE,FALSE,FALSE,FALSE,FALSE,FALSE,FALSE,FALSE,FALSE,FALSE,FALSE,TRUE,FALSE,printed table,TRUE,unknown