id,title,description,keywords,sector,group,jurisdiction,frequency,granularity__spatial,granularity__temporal,date__earliest,date__latest,access_type,format,provider,reference,url,access_method
17,Administrative Boundary Database,"Georeferenced Administrative Boundary Database with Entire country Upto Taluk level with HQ, Entire country Upto Distt. level with HQ, State Upto Taluk level with HQ, State Upto Distt. level with HQ  Scale of 1:1M","administrative, taluka, georeferenced",Administrative Context,,India,unknown,cd block / town,one-time,,2023,open,shapefile,Survey of india,"Survey of India (2024) Online Maps Portal, NA",https://onlinemaps.surveyofindia.gov.in/Digital_Product_Show.aspx,Go to source URL
15,Administrative Setup Jaipur,"Name of Panchayat samiti, No. of Gram Panchayat, No. of Villages , Tehsil(s) or (No. of Villages) and Census Towns
","Panchayat Samit, No. of Gram Panchayats, census towns",Administrative Context,Census handbook,Jaipur District,unknown,district,one-time,,2011,open,printed table,"Directorate of Census Operations, Rajasthan","Directorate of Census Operations, Rajasthan (2014) Census of India 2011 - Rajasthan - Series 09 - Part XII B - District Census Handbook, Jaipur, pg. 12",https://censusindia.gov.in/nada/index.php/catalog/1069/download/3290/DH_2011_0812_PART_B_DCHB_JAIPUR.pdf,Go to source URL
16,Cadastal Map,Boundary for individual plots based on ownership. ,cadastal map,Administrative Context,,Rajasthan,unknown,state,one-time,,2024,open,printed map,"Bhunaksha, rajasthan","Bhunaksha, NA",https://bhunaksha.rajasthan.gov.in/,Go to source URL
3,Evolution Of Jaipur Urban Extent,Growth of Jaipur's urban area over time,"Growth, Urban Area, Jaipur",Administrative Context,L&T Infra Engineering Transport Study,City level,unknown,region,one-time,1989,2014,private,printed map,JDA,"L&T Infra Engineering (2022) Comprehensive Traffic and Transportation Study for Jaipur Region, vol1, Figure 6-1, Pg 6-2",Document not yet published,Not currently available
2,Gram Panchayat Of Jaipur Region,Boundaries for Gram Panchayats in Jaipur Region.,"Gram panchayat, boundaries, Jaipur Region",Administrative Context,master plan map,Jaipur Urban Area (2018),unknown,region,one-time,,2011,open,printed map,JDA,"JDA (2011) Master Development Plan 2025, vol1, Map 3-3, pg. 131",https://jda.rajasthan.gov.in/content/dam/raj/udh/development-authority/jda-jaipur/pdf/MDP/Vol1.pdf,Go to source URL
11,Jda Base Map,"Base map of JDA region, Jaipur","Base Map, JDA",Administrative Context,master plan map,Jaipur Development Authority (2018),unknown,region,one-time,,2019,open,printed map,JDA,"JDA (2009) Key Maps, NA",https://jda.rajasthan.gov.in/content/raj/udh/jda---jaipur/en/town-planning/key-maps.html,Go to source URL
10,Jda Zonal Plan,"Zonal Plan of JDA region, Jaipur dated 2018","Zonal Boundary, JDA",Administrative Context,master plan map,Jaipur Development Authority (2018),unknown,region,one-time,,2018,open,printed map,JDA,"JDA (2018) Zonal Development Plan, NA",https://jda.rajasthan.gov.in/content/raj/udh/jda---jaipur/en/town-planning/zonal-development-plan.html,Go to source URL
5,"List Of Existing Towns With Present Population, Future Population And Their Class By 2025","List of existing town with present population, future population and their class by 2025 should be used with Map 2-45 Optimum Connectivity of future towns.","Existing Towns, Population (Present and Future), Optimum Connectivity",Administrative Context,master plan data,Jaipur District,unknown,district,one-time,,2001,open,printed table,JDA,"JDA (2011) Master Development Plan 2025, vol1, Table 2-39, pg. 121",https://jda.rajasthan.gov.in/content/dam/raj/udh/development-authority/jda-jaipur/pdf/MDP/Vol1.pdf,Go to source URL
13,Nagar Nigam Jaipur Greater Map,Nagar Nigam Jaipur Greater Map,Nagar Nigam Jaipur Greater Map,Administrative Context,master plan map,Nagar Nigam Jaipur Greater (2019),unknown,region,one-time,,2019,open,printed map,JDA,"JDA (2011) Key Maps, NA",https://jda.rajasthan.gov.in/content/raj/udh/jda---jaipur/en/town-planning/key-maps.html,Go to source URL
14,Nagar Nigam Jaipur Heritage Map,Nagar Nigam Jaipur Heritage Map,Nagar Nigam Jaipur Heritage Map,Administrative Context,master plan map,Nagar Nigam Jaipur Heritage (2019),unknown,region,one-time,,2019,open,printed map,JDA,"JDA (2011) Key Maps, NA",https://jda.rajasthan.gov.in/content/raj/udh/jda---jaipur/en/town-planning/key-maps.html,Go to source URL
6,Population Density Map Of Jaipur Region,Population density for Jaipur Region.,"Population density, Jaipur Region",Administrative Context,L&T Infra Engineering Transport Study,Jaipur District,unknown,district,one-time,,2011,private,printed map,JDA,"L&T Infra Engineering (2022) Comprehensive Traffic and Transportation Study for Jaipur Region, vol1, Figure 2-8, pg.2-12",Document not yet published,Not currently available
7,Population Density Of Jmc And Satellite Towns,Population density of JMC and Satellite Towns.,"Population density, JMC, Sattelite towns",Administrative Context,L&T Infra Engineering Transport Study,Jaipur Region ,unknown,region,one-time,,2018,private,printed map,JDA,"L&T Infra Engineering (2022) Comprehensive Traffic and Transportation Study for Jaipur Region, vol1, Figure 2-6, pg. 2-10",Document not yet published,Not currently available
1,Villages In Jaipur Region,Names of villages in Jaipur Region.,"Villages, Jaipur Region,",Administrative Context,master plan map,Jaipur District,unknown,district,one-time,,2011,open,printed map,JDA,"JDA (2011) Master Development Plan 2025, vol1, Heading 2.8, map on pg no. 109",https://jda.rajasthan.gov.in/content/dam/raj/udh/development-authority/jda-jaipur/pdf/MDP/Vol1.pdf,Go to source URL
12,Walled City Jaipur,Map of Jaipur Walled City,Wall city jaipur,Administrative Context,master plan map,Jaipur Wall City (1987),unknown,region,one-time,,2019,open,printed map,JDA,"JDA (1987) Key Maps, NA",https://jda.rajasthan.gov.in/content/raj/udh/jda---jaipur/en/town-planning/key-maps.html,Go to source URL
8,Ward Wise Population Density Of Jmc,Ward wise population density of JMC area.,"Wardwise Population, JMC area",Administrative Context,L&T Infra Engineering Transport Study,Jaipur Municipal Corporation,unknown,region,one-time,,2011,private,printed map,JDA,"L&T Infra Engineering (2022) Comprehensive Traffic and Transportation Study for Jaipur Region, vol1, Figure 2-7, pg. 2-11",Document not yet published,Not currently available
4,Zones And Wards In Jaipur,Boundaries for zones and wards in Jaipur (as per census 2001),"Boundaries, Zones & Wards, Census 2001",Administrative Context,master plan map,Jaipur District,unknown,district,one-time,,2001,open,printed map,JDA,"JDA (2011) Master Development Plan 2025, vol1, Map 3-2, pg. 130",https://jda.rajasthan.gov.in/content/dam/raj/udh/development-authority/jda-jaipur/pdf/MDP/Vol1.pdf,Go to source URL
9,Zoning Map- Jaipur District,Zoning and growth nodes in Jaipur District.,"Ecosensitive, Agriculture Dominant, Urban, Rural
Zoning and Growth Nodes",Administrative Context,master plan map,Jaipur District,unknown,district,one-time,,2011,open,printed map,JDA,"JDA (2011) Master Development Plan 2025, vol1, Map 2-35, pg no. 110",https://jda.rajasthan.gov.in/content/dam/raj/udh/development-authority/jda-jaipur/pdf/MDP/Vol1.pdf,Go to source URL
24,Age-Wise Population And Sex Distribution,"Age groups,male and female distribution","Age Groups, Gender Distribution",Demographic Profile,,Jaipur District,unknown,district,one-time,,2001,open,printed table,"Directorate of Census Operations, Rajasthan","JDA (2011) Master Development Plan 2025, vol1, Table 2-9, pg.56",https://jda.rajasthan.gov.in/content/dam/raj/udh/development-authority/jda-jaipur/pdf/MDP/Vol1.pdf,Go to source URL
64,"Decadal Change In Population Of Tahsils By Residence, 2001-2011","Tahsil, Population (2001 and 2011), Percentage decadal variation 2001-2011,  Percentage urban population","Population change, tehsils data",Demographic Profile,Census handbook,Jaipur District,unknown,district,one-time,,2011,open,xls/xlsx,"Directorate of Census Operations, Rajasthan","Directorate of Census Operations, Rajasthan (2014) Census of India 2011 - Rajasthan - Series 09 - Part XII B - District Census Handbook, Jaipur, T01_0812",https://censusindia.gov.in/nada/index.php/catalog/1069/download/3291/DH_2011_0812-Jaipur.zip,Go to source URL
23,Decadal Growth Rate In Jaipur Region,Decadal population growth rate in JMC and Sattelite towns,"Decadal Growth Rate, Population, JMC, Satellite Towns",Demographic Profile,L&T Infra Engineering Transport Study,JMC+Satellite towns,unknown,city,one-time,1991,2011,private,printed table,JDA,"L&T Infra Engineering (2022) Comprehensive Traffic and Transportation Study for Jaipur Region, vol1, Table 6-5 pg 6-7",Document not yet published,Not currently available
25,Decadal Sex Ratio Of Jaipur District,Sex ratio of Jaipur district(1961-2001),"sex ratio, Jaipur district",Demographic Profile,,Jaipur District,unknown,district,one-time,1961,2001,open,printed table,"Directorate of Census Operations, Rajasthan","JDA (2011) Master Development Plan 2025, vol1, Table 2-10, pg. 56",https://jda.rajasthan.gov.in/content/dam/raj/udh/development-authority/jda-jaipur/pdf/MDP/Vol1.pdf,Go to source URL
29,Demographic and Socio-Economic District Profile,"Summary of the census of jaipur district like Number of Villages,Number of Towns ,  Number of Households, Population , Percentage Urban Population, Decadal Population Growth 2001-2011 , Area (in sq Km.), Density of Population (Persons per sq Km.), Sex Ratio , Literates , Scheduled Castes, Scheduled Tribes, Workers and Non-Workers, and Category of Workers (Main & Marginal), ","Census data, Population Statistics, Urban and Rural Distribution, Demographic Information, Socio-Economic Indicators",Demographic Profile,Census handbook,Jaipur District,unknown,district,one-time,,2011,open,printed table,"Directorate of Census Operations, Rajasthan","Directorate of Census Operations, Rajasthan (2014) Census of India 2011 - Rajasthan - Series 09 - Part XII B - District Census Handbook, Jaipur, pg. 14-15",https://censusindia.gov.in/nada/index.php/catalog/1069/download/3290/DH_2011_0812_PART_B_DCHB_JAIPUR.pdf,Go to source URL
87,Economic activity by sex,"Name of town, Persons/ Males/ Females, Total population, Total workers (main + marginal workers), Category of workers: Cultivators, Agricultural labourers, Household industry workers, Other workers in Number & Percentage","economic activity, gender, sex",Demographic Profile,Census handbook,Jaipur District,unknown,cd block / town,one-time,,2011,open,xls/xlsx,"Directorate of Census Operations, Rajasthan","Directorate of Census Operations, Rajasthan (2014) Census of India 2011 - Rajasthan - Series 09 - Part XII B - District Census Handbook, Jaipur, T35_0812",https://censusindia.gov.in/nada/index.php/catalog/1069/download/3291/DH_2011_0812-Jaipur.zip,Go to source URL
21,Existing Gross Density Within Wards Of Jaipur Region (2011*),Gross density within wards of Jaipur for 2011. ,"Gross Density, Wards, Jaipur 2011",Demographic Profile,master plan map,Jaipur Municipal Corporation Greater (2019),unknown,region,one-time,,2011,open,printed map,JDA,"JDA (2011) Master Development Plan 2025, vol1, Map 4-6, pg. 219",https://jda.rajasthan.gov.in/content/dam/raj/udh/development-authority/jda-jaipur/pdf/MDP/Vol1.pdf,Go to source URL
20,Gross Density Within Wards Of Jaipur Region- Census 2001,Gross density within wards of Jaipur Region for 2001.,"Gross Density, Wards, Jaipur Region 2001",Demographic Profile,master plan map,Jaipur Municipal Corporation Greater (2019),unknown,region,one-time,,2001,open,printed map,JDA,"JDA (2011) Master Development Plan 2025, vol1, Map 4-5, pg.219",https://jda.rajasthan.gov.in/content/dam/raj/udh/development-authority/jda-jaipur/pdf/MDP/Vol1.pdf,Go to source URL
77,"Literacy, Total And By Sex Or Scheduled Caste","Name  of town, Number of literates and illiterates, Literacy rate and Gap in male-female literacy rate ","literacy, gender, sex, caste",Demographic Profile,Census handbook,Jaipur District,unknown,cd block / town,one-time,,2011,open,xls/xlsx,"Directorate of Census Operations, Rajasthan","Directorate of Census Operations, Rajasthan (2014) Census of India 2011 - Rajasthan - Series 09 - Part XII B - District Census Handbook, Jaipur, T23_0812",https://censusindia.gov.in/nada/index.php/catalog/1069/download/3291/DH_2011_0812-Jaipur.zip,Go to source URL
84,"Main, marginal and non-workers by sex","Name of  town, Persons/ Males/ Females, Total population, Main workers, Marginal workers and Non workers (Number & Percentage)","workers, gender, sex",Demographic Profile,Census handbook,Jaipur District,unknown,cd block / town,one-time,,2011,open,xls/xlsx,"Directorate of Census Operations, Rajasthan","Directorate of Census Operations, Rajasthan (2014) Census of India 2011 - Rajasthan - Series 09 - Part XII B - District Census Handbook, Jaipur, T32_0812",https://censusindia.gov.in/nada/index.php/catalog/1069/download/3291/DH_2011_0812-Jaipur.zip,Go to source URL
19,Major Settlements Within The Jaipur Region,"Satellite towns located under JDA region, their classification and population based on Census 2001.","Satellite Towns, JDA Region, Census 2001",Demographic Profile,,Jaipur Region,unknown,region,one-time,,2011,open,printed table,JDA,"JDA (2011) Master Development Plan 2025, vol1, Table 3-2, pg. 133",https://jda.rajasthan.gov.in/content/dam/raj/udh/development-authority/jda-jaipur/pdf/MDP/Vol1.pdf,Go to source URL
72,"Number And Percentage Of Scheduled Castes And Scheduled Tribes Population In Sub-Districts, 2011","Name of Sub-District, Total/ Rural/ Urban, Total population, Total scheduled castes population, Total scheduled tribes population, Percentage of scheduled castes population to total population, Percentage of scheduled tribes population to total population","Scheduled Castes/tribes, Sub-district Demographics",Demographic Profile,Census handbook,Jaipur District,unknown,district,one-time,,2011,open,xls/xlsx,"Directorate of Census Operations, Rajasthan","Directorate of Census Operations, Rajasthan (2014) Census of India 2011 - Rajasthan - Series 09 - Part XII B - District Census Handbook, Jaipur, T13_0812",https://censusindia.gov.in/nada/index.php/catalog/1069/download/3291/DH_2011_0812-Jaipur.zip,Go to source URL
73,"Number And Percentage Of Scheduled Castes And Scheduled Tribes Population In Towns, 2011","Name of town, Total Population, Total scheduled castes population, Total scheduled tribes population, Percentage of scheduled castes population to total population, Percentage of scheduled tribes population to total population","Town Caste, Tribe Population, Urban Demographics",Demographic Profile,Census handbook,Jaipur District,unknown,district,one-time,,2011,open,xls/xlsx,"Directorate of Census Operations, Rajasthan","Directorate of Census Operations, Rajasthan (2014) Census of India 2011 - Rajasthan - Series 09 - Part XII B - District Census Handbook, Jaipur, T17_0812",https://censusindia.gov.in/nada/index.php/catalog/1069/download/3291/DH_2011_0812-Jaipur.zip,Go to source URL
22,Past Trends Of Population In Jaipur Region,Past Trends of Population in JMC and Satellite Towns,"Past Trends, Population, JMC, Satellite Towns",Demographic Profile,L&T Infra Engineering Transport Study,JMC+Satellite towns,unknown,city,one-time,1991,2011,private,printed table,JDA,"L&T Infra Engineering (2022) Comprehensive Traffic and Transportation Study for Jaipur Region, vol1, Table 6-3, pg 6-6",Document not yet published,Not currently available
28,Population And Households,"Jaipur city zone name, wardname, ward no., Area (in sq km), Total Population (in thousands)","population, households",Demographic Profile,Smartcities.gov.in data,Jaipur City,unknown,ward,one-time,,2011,open,csv,"CDO- Ajay Kumar, Jaipur Nagar Nigam","Ministry of housing and urban affairs,smart city data catalogue, NA",https://smartcities.data.gov.in/catalog/demographic-profile-jaipur,Go to source URL
89,"Proportion Of Slum Population In Towns, 2011","Name of the town having slum, Total population , Slum population, Percentage of slum population to total population","Town Slum Statistics, Slum Population Percentage",Demographic Profile,Census handbook,Jaipur District,unknown,district,one-time,,2011,open,xls/xlsx,"Directorate of Census Operations, Rajasthan","Directorate of Census Operations, Rajasthan (2014) Census of India 2011 - Rajasthan - Series 09 - Part XII B - District Census Handbook, Jaipur, T44_0812",https://censusindia.gov.in/nada/index.php/catalog/1069/download/3291/DH_2011_0812-Jaipur.zip,Go to source URL
26,Registered Voters,"Jaipur city zone name, wardname, ward no., Total no. of registered voters, No. of votes polled in the last municipal election, No. of Polling Stations / booths",voters,Demographic Profile,Smartcities.gov.in data,Jaipur City,unknown,ward,one-time,,2019,open,csv,"CDO- Ajay Kumar, Jaipur Nagar Nigam","Ministry of housing and urban affairs,smart city data catalogue, NA",https://smartcities.data.gov.in/catalog/registered-voters-jaipur,Go to source URL
88,"Schools/ Colleges Per 10,000 Population In Towns, 2011","Name of the town, Type of educational institution (Approx. numbers) of Primary, Middle, Secondary / matriculation, Senior secondary, and College","Town Educational Institutions, School and College Distribution",Demographic Profile,Census handbook,Jaipur District,unknown,district,one-time,,2011,open,xls/xlsx,"Directorate of Census Operations, Rajasthan","Directorate of Census Operations, Rajasthan (2014) Census of India 2011 - Rajasthan - Series 09 - Part XII B - District Census Handbook, Jaipur, T42_0812",https://censusindia.gov.in/nada/index.php/catalog/1069/download/3291/DH_2011_0812-Jaipur.zip,Go to source URL
30,Socio-economic Characteristics,"Location code number, District/ CD Block/Town, Total/Rural/Urban, Area in Square Kilometre, Number of households, Total population (including institutional and houseless population in persons,male,female), Population in the age-group 0-6, Scheduled Castes population, Scheduled Tribes population,and Literates","age, sex, literacy, workforce, occupation, employment, industry",Demographic Profile,Census handbook,Jaipur District,unknown,cd block / town,one-time,,2011,open,printed table,"Directorate of Census Operations, Rajasthan","Directorate of Census Operations, Rajasthan (2014) Census of India 2011 - Rajasthan - Series 09 - Part XII B - District Census Handbook, Jaipur, pg. 24-25, pg. 30-31",https://censusindia.gov.in/nada/index.php/catalog/1069/download/3290/DH_2011_0812_PART_B_DCHB_JAIPUR.pdf,Go to source URL
31,Socio-economic Characteristics- industrial category of main workers,"Location code number, District/ CD Block/Town, Total/Rural/Urban for Total workers (Persons, Males, Females), Main worker(Persons, Males, Females), Cultivators, Agricultural labourers, Household industry workers, Other workers","age, sex, literacy, workforce, occupation, employment, industry",Demographic Profile,Census handbook,Jaipur District,unknown,cd block / town,one-time,,2011,open,printed table,"Directorate of Census Operations, Rajasthan","Directorate of Census Operations, Rajasthan (2014) Census of India 2011 - Rajasthan - Series 09 - Part XII B - District Census Handbook, Jaipur, pg. 26-27, pg. 32-33",https://censusindia.gov.in/nada/index.php/catalog/1069/download/3290/DH_2011_0812_PART_B_DCHB_JAIPUR.pdf,Go to source URL
32,Socio-economic Characteristics- industrial category of marginal workers,"Location code number, District/ CD Block/Town, Total/Rural/Urban for Marginal workers(Persons, Males, Females), Cultivators, Agricultural labourers, Household industry workers, Other workers, and Non-workers.","age, sex, literacy, workforce, occupation, employment, industry",Demographic Profile,Census handbook,Jaipur District,unknown,cd block / town,one-time,,2011,open,printed table,"Directorate of Census Operations, Rajasthan","Directorate of Census Operations, Rajasthan (2014) Census of India 2011 - Rajasthan - Series 09 - Part XII B - District Census Handbook, Jaipur, pg. 28-29, pg. 34-35",https://censusindia.gov.in/nada/index.php/catalog/1069/download/3290/DH_2011_0812_PART_B_DCHB_JAIPUR.pdf,Go to source URL
90,Status And Growth History Of Towns In Jaipur,"Class, name and civic status of town, Location Code No., Name of Taluk/ Tahsil/ Police Station/Islands etc., Name of CD block, Area(sq. Km.), Number of households including houseless households (2011 Census), Scheduled Castes Population (2011 Census), Scheduled Tribes Population (2011 Census), Status and Growth History(1901-2011), Density        (2011 Census) and Sex ratio","Town Demographic, Census and Civic Information",Demographic Profile,Census handbook,Jaipur District,unknown,district,one-time,,2009,open,xls/xlsx,"Directorate of Census Operations, Rajasthan","Directorate of Census Operations, Rajasthan (2014) Census of India 2011 - Rajasthan - Series 09 - Part XII B - District Census Handbook, Jaipur, Town Statement-I_0812",https://censusindia.gov.in/nada/index.php/catalog/1069/download/3291/DH_2011_0812-Jaipur.zip,Go to source URL
33,Total Sc And St Population - Urban Block Wise,"Location Code, Name of Town, Name of Ward, Boundaries of Urban Block /EB Number, Total Population, Scheduled Castes Population, Scheduled Tribes Population","Urban Block Boundaries, Town and Ward Data, Population Statistics, Scheduled Castes and Tribes, Location Code Information",Demographic Profile,Census handbook,Jaipur District,unknown,district,one-time,,2011,open,printed table,"Directorate of Census Operations, Rajasthan","Directorate of Census Operations, Rajasthan (2014) Census of India 2011 - Rajasthan - Series 09 - Part XII B - District Census Handbook, Jaipur, pg. 38-189",https://censusindia.gov.in/nada/index.php/catalog/1069/download/3290/DH_2011_0812_PART_B_DCHB_JAIPUR.pdf,Go to source URL
63,Urban Pca-Ward Wise Data,"Location code number, Name of Town/ward, Area in Km,Number of households, Total population (including institutional and houseless population), Population in the age-group 0-6, Literates,SC population, ST population, literates","Town/Ward Statistics, Population, Area, SC/ST Demographics",Demographic Profile,Census handbook,Jaipur District,unknown,district,one-time,,2011,open,printed table,"Directorate of Census Operations, Rajasthan","Directorate of Census Operations, Rajasthan (2014) Census of India 2011 - Rajasthan - Series 09 - Part XII B - District Census Handbook, Jaipur, pg.540-551",https://censusindia.gov.in/nada/index.php/catalog/1069/download/3290/DH_2011_0812_PART_B_DCHB_JAIPUR.pdf,Go to source URL
68,sex ratio,"Sex ratio of towns, 2011","gender, sex, sex ratio",Demographic Profile,Census handbook,Jaipur District,unknown,cd block / town,one-time,,2011,open,xls/xlsx,"Directorate of Census Operations, Rajasthan","Directorate of Census Operations, Rajasthan (2014) Census of India 2011 - Rajasthan - Series 09 - Part XII B - District Census Handbook, Jaipur, T08_0812",https://censusindia.gov.in/nada/index.php/catalog/1069/download/3291/DH_2011_0812-Jaipur.zip,Go to source URL
74,sex ratio among scheduled castes and tribes,"Name of town, Scheduled castes sex ratio, Scheduled tribes sex ratio","gender, sex, sex ratio",Demographic Profile,Census handbook,Jaipur District,unknown,cd block / town,one-time,,2011,open,xls/xlsx,"Directorate of Census Operations, Rajasthan","Directorate of Census Operations, Rajasthan (2014) Census of India 2011 - Rajasthan - Series 09 - Part XII B - District Census Handbook, Jaipur, T19_0812",https://censusindia.gov.in/nada/index.php/catalog/1069/download/3291/DH_2011_0812-Jaipur.zip,Go to source URL
71,sex ratio of ages 0-6,"Sex ratio of  population in the age group 0-6 of towns, 2011","gender, sex, sex ratio",Demographic Profile,Census handbook,Jaipur District,unknown,cd block / town,one-time,,2011,open,xls/xlsx,"Directorate of Census Operations, Rajasthan","Directorate of Census Operations, Rajasthan (2014) Census of India 2011 - Rajasthan - Series 09 - Part XII B - District Census Handbook, Jaipur, T12_0812",https://censusindia.gov.in/nada/index.php/catalog/1069/download/3291/DH_2011_0812-Jaipur.zip,Go to source URL
98,Industrial Areas Of Riico In Jaipur Region,RIICO industrial zones in Jaipur Region.,"RIICO, Jaipure region",Economy,master plan map,Jaipur Region,unknown,region,one-time,,2001,open,printed map,JDA,"JDA (2011) Master Development Plan 2025, vol1, Map 3-4, pg. 143",https://jda.rajasthan.gov.in/content/dam/raj/udh/development-authority/jda-jaipur/pdf/MDP/Vol1.pdf,Go to source URL
95,Market Economies,Annual Income (Rs. in lacs) Main Market /Sub Market from 1999-2000 to 2006-07- Jaipur region,"Annual Income, Main Market/Sub Market, Jaipur Region",Economy,,Jaipur Region,unknown,region,one-time,1999,2007,open,printed table,"Office, Krishi Upaj Mandi, Jaipur.","JDA (2011) Master Development Plan 2025, vol1, Table 3-10, pg.148",https://jda.rajasthan.gov.in/content/dam/raj/udh/development-authority/jda-jaipur/pdf/MDP/Vol1.pdf,Go to source URL
93,Occupational Structure,"Derived occupational structure from Primary Census Abstract, Census of India, 2001
","Occupational Structure
",Economy,,Jaipur District,unknown,district,one-time,,2001,open,printed table,"Directorate of Census Operations, Rajasthan","JDA (2011) Master Development Plan 2025, vol1, Table 2-12, pg.59",https://jda.rajasthan.gov.in/content/dam/raj/udh/development-authority/jda-jaipur/pdf/MDP/Vol1.pdf,Go to source URL
97,Proposed Tourism Circuits In The Jaipur District,Proposed tourism circuits in Jaipur District ,"Tourism, Jaipur district",Economy,master plan map,Jaipur District,unknown,district,one-time,,2001,open,printed map,JDA,"JDA (2011) Master Development Plan 2025, vol1, Map 2-36 , pg. 112",https://jda.rajasthan.gov.in/content/dam/raj/udh/development-authority/jda-jaipur/pdf/MDP/Vol1.pdf,Go to source URL
96,Socio-Economic Potential,"A socio economic potential map has been arrived at based upon the economic and facility & service potential in the villages. 
",Economic facility,Economy,master plan map,Jaipur District,unknown,district,one-time,,2001,open,printed map,JDA,"JDA (2011) Master Development Plan 2025, vol1, Map 2-17 (pg. 69)",https://jda.rajasthan.gov.in/content/dam/raj/udh/development-authority/jda-jaipur/pdf/MDP/Vol1.pdf,Go to source URL
99,Tourist Arrivals,Location-wise Tourist Arrival Statistics (in million),"Tourist  Statistics, Location-wise",Economy,L&T Infra Engineering Transport Study,Jaipur Region,unknown,region,one-time,,2016,private,printed table,"Office of statistics, Department of Tourism, Rajasthan","L&T Infra Engineering (2022) Comprehensive Traffic and Transportation Study for Jaipur Region, vol1, Table 2-11, p.g 2-25",Document not yet published,Not currently available
94,Workers Profile,"Work Force Participation Rate, Jaipur District, 2001","Work force, Jaipur district",Economy,,Jaipur District,unknown,district,one-time,,2001,open,printed table,"Directorate of Census Operations, Rajasthan","JDA (2011) Master Development Plan 2025, vol1, Table 2-13, Table 2-14, Table 2-15, pg.60-61",https://jda.rajasthan.gov.in/content/dam/raj/udh/development-authority/jda-jaipur/pdf/MDP/Vol1.pdf,Go to source URL
103,Air Quality (Cpcb),"PM2.5,PM10,NO,NO2,NOx, NH3,SO2, CO, Ozone,Benzene, Toluene, Xylene, O Xylene, Eth-Benzene, MP-Xylene, AT, RH,WS,WD,RF,TOT-RF, SR,BP, VWS for 1day,8hours, 1 hour and 15min time stamps","Air quality, CPCB, PM2.5, PM10, NO2, CO, O3",Environment,,Jaipur Region,Every 15 min,discrete locations,one-time,2017,2023,open,csv,CPCB,"Cental Pollution Control Board (2024) Central Control Room for Air Quality Management, NA",https://airquality.cpcb.gov.in/ccr/#/caaqm-dashboard-all/caaqm-landing/caaqm-data-repository,Go to source URL
101,Air Quality Index (Caaqms),"Levels of PM2.5, PM10, NO2, CO, O3","Air Quality Index, CAAQMS, PM2.5, PM10, NO2, CO, O3",Environment,,CAAQMS Station,Every Year,discrete locations,one-time,2017,2020,open,xls/xlsx,RSPCB,"Rajasthan State Pollution Control Board (2024), NA",https://environment.rajasthan.gov.in/content/environment/en/rajasthan-state-pollution-control-board/EnvironmentalReport/DownloadableAirQualityIndexCAAQMS.html,Go to source URL
105,Climate Outlook Of Jaipur City,Climatic details like Temperature and Rainfall statistics of Jaipur City.,"Climate, Temperature, Rainfall",Environment,master plan data,Jaipur Development Authority (2018),unknown,region,one-time,,2011,open,printed table,JDA,"JDA (2011) Master Development Plan 2025, vol1, Table 3-25, pg.191",https://jda.rajasthan.gov.in/content/dam/raj/udh/development-authority/jda-jaipur/pdf/MDP/Vol1.pdf,Go to source URL
104,Natural Landscape Jaipur,"Area of natural features like lake,forest,ecologically sensitve area of JDA region","Natural Feature, JDA region",Environment,Smartcities.gov.in data,Jaipur Development Authority (2018),unknown,region,one-time,,2019,open,csv,"CDO- Ajay Kumar, Jaipur Nagar Nigam","JSCL (2019) Ministry of housing and urban affairs,smart city data catalogue, NA",https://smartcities.data.gov.in/catalog/natural-landscape-jaipur,Go to source URL
102,Noise Quality Bulletin Of Rajasthan State,Decibel levels in different zones,"Noise quality, Rajasthan, decibel levels",Environment,,Jaipur Region,Every Month,discrete locations,one-time,Jan-24,2024,open,printed table,RSPCB,"Rajasthan State Pollution Control Board (2024), NA",https://environment.rajasthan.gov.in/content/environment/en/rajasthan-state-pollution-control-board/NoiseQualityBulletin.html,Go to source URL
106,Open Series Map (Scale: 1:50000),Open series map image in Scale: 1:50000 based on sheet no. (not georeferenced),"open series, map",Environment,,India,unknown,spatial grid,one-time,,2011,open,printed map,Survey of india,"Survey of India (2024) Online Maps Portal, NA",https://onlinemaps.surveyofindia.gov.in/FreeMapSpecification.aspx,Go to source URL
100,"Physical Aspects And Location Of Towns, 2009","Name of town, Physical aspects(Rainfall & Temperature), Name of and road distance (in kms.) from (State HQ, District HQ, Sub-Division/ Taluk/ Tahsil / Police station/ Development  Block/ Island HQ, Nearest city with population of one lakh and more, Nearest city with population of five lakh and more) Railway station and Bus route","Transport Information, Town Connectivity, Climate",Environment,Census handbook,Jaipur District,unknown,district,one-time,,2009,open,xls/xlsx,"Directorate of Census Operations, Rajasthan","Directorate of Census Operations, Rajasthan (2014) Census of India 2011 - Rajasthan - Series 09 - Part XII B - District Census Handbook, Jaipur, Town Statement-II_0812",https://censusindia.gov.in/nada/index.php/catalog/1069/download/3291/DH_2011_0812-Jaipur.zip,Go to source URL
107,Intermediate Public Transport Facilities,Issues with IPT Facilities,IPT,Intermediate Public Transport,L&T Infra Engineering Transport Study,Jaipur Development Authority (2018),unknown,region,one-time,,2018,private,chart,JDA,"L&T Infra Engineering (2022) Comprehensive Traffic and Transportation Study for Jaipur Region, vol1, Figure 3-14 pg 3-52",Document not yet published,Not currently available
109,Base Map,"Information about Region Boundary, Contour, Railways, National Highway, State Highway, City Road-Major, City Road-Minor, Unmetalled roads, River Course/Nallah/Waterbody, Walled City","Region Boundary, Infrastructure , Geographical Features, walled city",Land Use,master plan map,Jaipur Development Authority (2018),unknown,region,one-time,,2009,open,vector map,JDA,"JDA (2011) Master Development Plan 2025, website, Mapbook 1",https://jda.rajasthan.gov.in/content/dam/raj/udh/development-authority/jda-jaipur/pdf/MDP/Mapbook1.pdf,Go to source URL
110,Generalised Existing Land Use Map,Generalised existing land use for Jaipur U1 Area.,"Existing Land Use, Jaipur, U1 Area",Land Use,master plan map,Jaipur Development Authority (2018),unknown,region,one-time,,2009,open,vector map,JDA,"JDA (2011) Master Development Plan 2025, website, Mapbook 2",https://jda.rajasthan.gov.in/content/dam/raj/udh/development-authority/jda-jaipur/pdf/MDP/Mapbook2.pdf,Go to source URL
112,Land Use Plan,Proposed land use plan 2025 for Jaipur U1 Area.,"Proposed land use, U1 area",Land Use,master plan map,Jaipur Development Authority (2018),unknown,region,one-time,,2025,open,vector map,JDA,"JDA (2011) Master Development Plan 2025, website, Mapbook 4",https://jda.rajasthan.gov.in/content/dam/raj/udh/development-authority/jda-jaipur/pdf/MDP/Mapbook4.pdf,Go to source URL
111,Land Utilization Map,Land Utilization of Jaipur Region,"Land Utilization, Land Use, Jaipur Region",Land Use,master plan map,Jaipur Development Authority (2018),unknown,region,one-time,,2009,open,vector map,JDA,"JDA (2011) Master Development Plan 2025, website, Mapbook 3",https://jda.rajasthan.gov.in/content/dam/raj/udh/development-authority/jda-jaipur/pdf/MDP/Mapbook3.pdf,Go to source URL
108,Land Utilization Of Jaipur District,Land utilization of different landuse for Jaipur District,"Land Utilization, Land Use, Jaipur District",Land Use,,Jaipur District,unknown,district,one-time,,2001,open,printed table,JDA,"JDA (2011) Master Development Plan 2025, vol1, Table 2-5, Chart 2-1, pg.48",https://jda.rajasthan.gov.in/content/dam/raj/udh/development-authority/jda-jaipur/pdf/MDP/Vol1.pdf,Go to source URL
291,No of registered vehicles in Jaipur city,Number of registered two-wheelers and cars in Jaipur city,"transport report, modal shares, vehicle registrations",Private Vehicles,,Jaipur ,unknown,city,one-time,2010,2017,open,printed table,United Nations Economic and Social Commission for Asia and the Pacific,"Mehta, S (2019) Assessment of Urban Mobility in Jaipur using the Sustainable Urban Transport Index (SUTI), Table 1, pg.11",https://www.unescap.org/sites/default/files/Jaipur%2C%20India.pdf,Go to source URL
113,No. Of Households Having Bicycle,Number and percentage of households having bicycle.,Bicycle,Private Vehicles,Census handbook,Jaipur District,unknown,district,one-time,,2011,open,printed table,"Directorate of Census Operations, Rajasthan","Directorate of Census Operations, Rajasthan (2014) Census of India 2011 - Rajasthan - Series 09 - Part XII B - District Census Handbook, Jaipur, Table -9, pg-569",https://censusindia.gov.in/nada/index.php/catalog/1069,Go to source URL
115,No. Of Households Having Car/Jeep/Van,Number and percentage of households having Car/Jeep/Van.,"car, Jeep, Van",Private Vehicles,Census handbook,Jaipur District,unknown,district,one-time,,2011,open,printed table,"Directorate of Census Operations, Rajasthan","Directorate of Census Operations, Rajasthan (2014) Census of India 2011 - Rajasthan - Series 09 - Part XII B - District Census Handbook, Jaipur, Table -9, pg-569",https://censusindia.gov.in/nada/index.php/catalog/1069,Go to source URL
114,No. Of Households Having Scooter/Motorcycle/Moped,Number and percentage of households havingScooter/Motorcycle/Moped.,"Scooter, motorcycle, Moped",Private Vehicles,Census handbook,Jaipur District,unknown,district,one-time,,2011,open,printed table,"Directorate of Census Operations, Rajasthan","Directorate of Census Operations, Rajasthan (2014) Census of India 2011 - Rajasthan - Series 09 - Part XII B - District Census Handbook, Jaipur, Table -9, pg-569",https://censusindia.gov.in/nada/index.php/catalog/1069,Go to source URL
118,Registration Of Vehicles In Jaipur District,Registration of Vehicles in Jaipur District in yearly basis from 1990-2007,"Vehicle Registration, Jaipur District",Private Vehicles,,Jaipur District,unknown,district,one-time,1990,2007,open,printed table,"Transport Department, Govt. of Rajasthan","Master Development Plan 2025 (2011), vol1, Table 2-30, pg. 94",https://jda.rajasthan.gov.in/content/dam/raj/udh/development-authority/jda-jaipur/pdf/MDP/Vol1.pdf,Go to source URL
119,Total Number Of Vehicles Registered,"Number of registered vehicles in Jaipur from 2010-11 to 2020-21, categorized by different types of vehicles.","Registered vehicles, overview",Private Vehicles,,Jaipur District,Every Year,district,one-time,2010,2021,open,printed table,"RTO, Jaipur","Transport Department, Government of Rajasthan (2020-21) STATISTICAL YEAR BOOK, Table 5.5, Table 5.6",https://transport.rajasthan.gov.in/content/dam/transport/transport-dept/pdf/Statistical%20abstract%202020-21/Transport_Dept_Year_Book.pdf,Go to source URL
117,Vehicle Ownership Information,Details of Vehicle Ownership in JMC and JDA,"Vehicle ownership, JMC, JDA",Private Vehicles,L&T Infra Engineering Transport Study,Jaipur City,unknown,city,one-time,,2018,private,chart,JDA,"L&T Infra Engineering (2022) Comprehensive Traffic and Transportation Study for Jaipur Region, vol1, Figure 3-8 pg 3-34",Document not yet published,Not currently available
116,Vehicle Registrations Data Jaipur,"city name, the no. of registrations of buses, four-wheelers, two-wheelers, Goods Carrier Vehicles, Light Motor Vehicles, and miscellaneous others","vehicle registration, jaipur",Private Vehicles,Smartcities.gov.in data,Jaipur City,unknown,city,one-time,2015,2018,open,csv,"CDO- Ajay Kumar, Jaipur Nagar Nigam","JSCL (2019) Ministry of housing and urban affairs,smart city data catalogue, NA",https://smartcities.data.gov.in/catalog/vehicle-registrations-data-jaipur,Go to source URL
122,Budget For Open Spaces Development For Jaipur,Total Municipal Budget (in lakhs) and Municipal budget allocation for open spaces and / or parks (including development & maintenance (in lakhs),Municipal budget,Public Finance,Smartcities.gov.in data,Jaipur Municipal Corporation,unknown,region,one-time,,2018,open,csv,"CDO- Ajay Kumar, Jaipur Nagar Nigam","JSCL (2019) Ministry of housing and urban affairs,smart city data catalogue, NA",https://smartcities.data.gov.in/catalog/budget-open-spaces-development-jaipur,Go to source URL
121,Financial Health : Jaipur,Yearly municipal's expenditure and revenue,"Expenditure, revenue, municipal area, yearly",Public Finance,Smartcities.gov.in data,Jaipur Municipal Corporation,unknown,region,one-time,2015,2018,open,csv,"CDO- Ajay Kumar, Jaipur Nagar Nigam","JSCL (2019) Ministry of housing and urban affairs,smart city data catalogue, NA",https://smartcities.data.gov.in/catalog/financial-health-jaipur,Go to source URL
123,Vat & Gst Collection For Jaipur,Yearly total VAT/GST collection during the year (in INR Cr),VAT/GST Collection,Public Finance,Smartcities.gov.in data,Jaipur District,unknown,district,one-time,2014,2018,open,csv,"CDO- Ajay Kumar, Jaipur Nagar Nigam","JSCL (2019) Ministry of housing and urban affairs,smart city data catalogue, NA",https://smartcities.data.gov.in/catalog/vat-gst-collection-jaipur,Go to source URL
120,Water Tax: Jaipur,Yearly data of water tax on commercial and residential (2013 to 2018),"Water tax, commercial, residential",Public Finance,Smartcities.gov.in data,Jaipur City,unknown,city,one-time,2013,2018,open,csv,"CDO- Ajay Kumar, Jaipur Nagar Nigam","JSCL (2019) Ministry of housing and urban affairs,smart city data catalogue, NA",https://smartcities.data.gov.in/catalog/water-taxjaipur,Go to source URL
133,Black Spots,Accident prone location names in Jaipur,Accidents hotspots,Public Safety & Health,L&T Infra Engineering Transport Study,Jaipur City,unknown,city,one-time,,2018,open,printed map,JDA,"L&T Infra Engineering (2022) Comprehensive Traffic and Transportation Study for Jaipur Region, vol2, Fig 2-32 (pg 2-56, CMP 2018)",Document not yet published,Not currently available
126,Black Spots Of Rajasthan,"black spots identified by the state in the calender years 2022(2019-2020-2021) in NH and SH in the form of Highway no., location, police station, district, and accident in 3 years","Black Spots Data, Highway Accident Records",Public Safety & Health,,Rajasthan,unknown,state,one-time,2019,2022,open,printed table,"Transport Department, Govt. of Rajasthan","State Road Safety Cell, Department of Transport and Road Safety, Rajasthan, NA",https://roadsafetycell.rkcl.in/pageView/token=UUp2TU8ySXR4SDB0QklrbFN6Q084UT09,Go to source URL
128,Crimes Jaipur,This catalog describes the total number of crimes per year in jaipur city,criminal history,Public Safety & Health,Smartcities.gov.in data,Jaipur Municipal Corporation,unknown,region,one-time,2014,2018,open,csv,"CDO- Ajay Kumar, Jaipur Nagar Nigam","JSCL (2019) Ministry of housing and urban affairs,smart city data catalogue, NA",https://smartcities.data.gov.in/catalog/crimes-jaipur,Go to source URL
134,Division-Wise Accidents Reports,"Accident Report Division wise i.e. East, south, West and North Division",Accident report,Public Safety & Health,L&T Infra Engineering Transport Study,Jaipur City,unknown,city,one-time,,2018,open,chart,JDA,"L&T Infra Engineering (2022) Comprehensive Traffic and Transportation Study for Jaipur Region, vol2, Fig 2-31 (pg 2-55, CMP 2018)",Document not yet published,Not currently available
127,Fatalities By Road Accidents In Jaipur City,the number of deaths caused by road accidents in Jaipur City from the year 2010 to 2017. ,"deaths, road accidents, faltalities",Public Safety & Health,,Jaipur Municipal Corporation,unknown,region,one-time,2010,2017,open,chart,"Transport Department, Govt. of Rajasthan","Cuts International (n.d.) Jaipur City Mobility Plan, pg. no 8",Jaipur City Mobility Plan,Not currently available
130,Injuries And Fatalities,Total number of fatalities and injuries due to traffic accidents yearly data.,"Fatalities, injuries, traffic accidents",Public Safety & Health,Smartcities.gov.in data,Jaipur Municipal Corporation,unknown,region,one-time,2016,2018,open,csv,"CDO- Ajay Kumar, Jaipur Nagar Nigam","JSCL (2019) Ministry of housing and urban affairs,smart city data catalogue, NA",https://smartcities.data.gov.in/catalog/injuries-and-fatalities,Go to source URL
129,Mortality Rate Jaipur,Total birth rate and death rate yearly,"birth rate, death rate, jaipur",Public Safety & Health,Smartcities.gov.in data,Jaipur Development Authority (2018),unknown,region,one-time,2013,2018,open,csv,"CDO- Ajay Kumar, Jaipur Nagar Nigam","JSCL (2019) Ministry of housing and urban affairs,smart city data catalogue, NA",https://smartcities.data.gov.in/catalog/mortality-rate-jaipur,Go to source URL
125,On Road Crash Scenario Of Rajasthan,"summary of road crashes in rajasthan, comparative analysis of road accidents, month wise road accidents,killed and injured, road accident killed and injured according to time,according to road category,percentage share of people killed according to category of road, (summary -2014 to 2023, others -2022 &2023)","Road Accident Statistics, Accident Analysis",Public Safety & Health,,Rajasthan,unknown,state,one-time,2014,2023,open,printed table,Rajasthan Knowledge Corporation Limited and State Road Safety Cell,"State Road Safety Cell, Department of Transport and Road Safety, Rajasthan, NA",https://roadsafetycell.rkcl.in/pageView/token=TXFXZzE0R0RxVlppTmlNVi9PSFlOUT09,Go to source URL
135,On-Road Accidents,"Number of Road Accidents, Persons Killed, Persons Injured and Severity of Accidents",Road transportation accidents,Public Safety & Health,,Jaipur district,unknown,district,one-time,,2018,open,printed table,"Transport Department, Govt. of Rajasthan","Road Accidents in Rajasthan, Transport Department, Government of Rajasthan, Table 1.2, pg. 17, row no-16",https://www.tourism.rajasthan.gov.in/content/dam/transport/transport-dept/pdf/roadsafty/Road%20Accidents%20in%20Rajasthan%202018.pdf,Go to source URL
136,On-Road Accidents,"Number of Road Accidents, Persons Killed and Persons Injured","Comparative analysis, road accidents",Public Safety & Health,,Jaipur district,unknown,district,one-time,2017,2018,open,printed table,"Transport Department, Govt. of Rajasthan","Road Accidents in Rajasthan, Transport Department, Government of Rajasthan, Table 1:3, pg. 20, row no-16",https://www.tourism.rajasthan.gov.in/content/dam/transport/transport-dept/pdf/roadsafty/Road%20Accidents%20in%20Rajasthan%202018.pdf,Go to source URL
292,Road Accidents,Total number of road accidents per year,"road accidents, fatalities, injuries",Public Safety & Health,,Jaipur Municipal Corporation,unknown,city,one-time,2019,2022,open,printed table,JDA,"Rites (2026) Comprehensive Mobility Plan for Jaipur City - Draft CMP report, Table 2.7, pg. 2-12",https://jdaservice.rajasthan.gov.in/pdf/others/Jaipur_CMP_Report_022026.pdf,Go to source URL
131,Security Surveillance,"List of junctions where surveillance cameras are installed
",Surveillance Cameras,Public Safety & Health,L&T Infra Engineering Transport Study,,unknown,discrete locations,one-time,,2022,private,,"Traffic Police, Jaipur","L&T Infra Engineering (2022) Comprehensive Traffic and Transportation Study for Jaipur Region, vol2, ANNEXURE - 2-1, pg. 1 of 2-1",Document not yet published,Not currently available
132,Traffic Signals At Junctions,List of junctions where traffic signals have been installed in Jaipur city,"Traffic junctions, junctions",Public Safety & Health,L&T Infra Engineering Transport Study,Jaipur City,unknown,city,one-time,,2018,open,printed table,"Traffic Police, Jaipur","L&T Infra Engineering (2022) Comprehensive Traffic and Transportation Study for Jaipur Region, vol2, ANNEXURE-2-1, pg 1 of 2-1",Document not yet published,Not currently available
124,Trauma Centres Of Rajasthan,"District, trauma centre location, ambulance availability, vehicle no.,and ALS ambulance availability for rajasthan","Trauma/Ambulance Data, Emergency Services",Public Safety & Health,,Rajasthan,unknown,state,one-time,,2023,open,printed table,"State Road Safety Cell, Department of Transport and Road Safety, Rajasthan","State Road Safety Cell, Department of Transport and Road Safety, Rajasthan, NA",https://roadsafetycell.rkcl.in/pageView/token=d3doM0tvbjVvNmVEbkJRM2YycHVUdz09,Go to source URL
164,Availability Of Bus Services In Jaipur Region,The map provides the regional analysis for availability/non-availability of bus services.,"bus services, regional analysis",Public Transportation,master plan map,Jaipur Region,unknown,region,one-time,,2001,open,printed map,JDA,"JDA (2011) Master Development Plan 2025, vol1, Map 3-15, pg. 169",https://jda.rajasthan.gov.in/content/dam/raj/udh/development-authority/jda-jaipur/pdf/MDP/Vol1.pdf,Go to source URL
145,Bus Route Map1,JCTSL Bus Route Map,"JCTSL, Bus route, map",Public Transportation,L&T Infra Engineering Transport Study,Jaipur City,unknown,city,one-time,,2018,private,printed map,JDA,"L&T Infra Engineering (2022) Comprehensive Traffic and Transportation Study for Jaipur Region, vol1, Figure 2-25, pg. 2-43",Document not yet published,Not currently available
144,Bus Route Map2,JCTSL Bus Route Map,"JCTSL, Bus route, map",Public Transportation,L&T Infra Engineering Transport Study,Jaipur City,unknown,city,one-time,,2018,private,printed map,JMC,"L&T Infra Engineering (2022) Comprehensive Traffic and Transportation Study for Jaipur Region, vol1, Figure 2-26, pg. 2-44",Document not yet published,Not currently available
155,Buses Jaipur (2015-2017),number of buses in Jaipur City,"Buses, Jaipur City",Public Transportation,Smartcities.gov.in data,,unknown,city,one-time,2015,2017,open,,"CDO- Ajay Kumar, Jaipur Nagar Nigam","JSCL (2019) Ministry of housing and urban affairs,smart city data catalogue, NA",https://smartcities.data.gov.in/catalog/buses-jaipur,Go to source URL
290,Buses in Jaipur,Number of buses in Jaipur,,Public Transportation,,Jaipur City,unknown,city,one-time,,2025,open,,"Transport Department, Govt. of Rajasthan","Transport Department Of Rajasthan (2026), n/a",https://transport.rajasthan.gov.in/content/transportportal/en/jaipur-bus.html,Go to source URL
141,Details Of Average Ridership (2016-17) On Important Sections Served By Jctsl,Details of Average ridership for important sections in year 2016-17.,Average ridership,Public Transportation,L&T Infra Engineering Transport Study,Jaipur City,unknown,city,one-time,,2017,open,printed table,JCTSL,"L&T Infra Engineering (2022) Comprehensive Traffic and Transportation Study for Jaipur Region, vol2, ANNEXURE-2-1, pg 1 of 2-1",Document not yet published,Not currently available
159,Details Of Bus Route Map,simplified Bus route along with railway tracks for 01.05.23,bus routes,Public Transportation,,"Jaipur City, specific locations",unknown,city,one-time,,2023,open,printed map,"Transport Department, Govt. of Rajasthan","Jaipur City Transport Services Limited (n.d.), NA",https://transport.rajasthan.gov.in/content/dam/transport/jaipurbus/image/Jaipur%20Bus%20Map%20Final_01.05.23.jpg,Go to source URL
158,Details Of Bus Routes And Frequency,"Bus depot,route, route no., route length, frequency","bus routes, frequency",Public Transportation,,"Jaipur City, specific locations",unknown,city,one-time,,2009,open,printed table,Wilbur smith associates,"Wilbur Smith Associates(2010) Traffic and Transportation Study for Detailed Project Report for Proposed Jaipur Metro, ANNEXURE - 2, pg. 113",https://www.tourism.rajasthan.gov.in/content/dam/transport/metro/Project/Traffic%20Study%20by%20Wilbur%20Smith%20Associates-2010/Traffic%20and%20Transportation%20Study%20For%20DPR%20For%20Proposed%20Jaipur%20Metro%20Feb%202010.pdf,Go to source URL
156,Earnings From Bus Trips Jaipur,earnings from bus trips jaipur,"Buses, trip income",Public Transportation,Smartcities.gov.in data,Jaipur City,unknown,city,one-time,2015,2017,open,,"CDO- Ajay Kumar, Jaipur Nagar Nigam","JSCL (2019) Ministry of housing and urban affairs,smart city data catalogue, NA",https://smartcities.data.gov.in/catalog/earningsfrombustripsjaipur,Go to source URL
151,Existing Bus Circulation To And From Sindhi Camp Terminal,existing bus routes to and from Sindhi Camp Terminal.,"Bus route, sindhi camp",Public Transportation,L&T Infra Engineering Transport Study,Specific location,unknown,city,one-time,,2022,open,printed map,JDA,"L&T Infra Engineering (2022) Comprehensive Traffic and Transportation Study for Jaipur Region, vol1, Figure 7-21, Pg. 7-25",Document not yet published,Not currently available
165,Existing Bus Terminals In Jaipur City,"Comparison of Existing and Proposed Terminals 
",Terminals,Public Transportation,L&T Infra Engineering Transport Study,Jaipur City,unknown,city,one-time,,2022,private,printed map,JDA,"L&T Infra Engineering (2022) Comprehensive Traffic and Transportation Study for Jaipur Region, vol1, Figure 7-52, Pg. 7-77",Document not yet published,Not currently available
166,Existing Inter-City And Intra-City Depots,"Existing and proposed Inter-city and Intra-city Depots 
","Depots: inter city, intra city",Public Transportation,L&T Infra Engineering Transport Study,Jaipur City,unknown,city,one-time,,2022,private,printed map,JDA,"L&T Infra Engineering (2022) Comprehensive Traffic and Transportation Study for Jaipur Region, vol1, Figure 7-54, Pg. 7-79",Document not yet published,Not currently available
152,Existing Jctsl Bus Route Coverage,Existing and Proposed JCTSL Bus Route Coverage,Bus route JCTSL,Public Transportation,L&T Infra Engineering Transport Study,Jaipur City,unknown,city,one-time,,2022,open,printed map,JDA,"L&T Infra Engineering (2022) Comprehensive Traffic and Transportation Study for Jaipur Region, vol1, Figure 7-59, Pg. 7-85",Document not yet published,Not currently available
146,Inter City Public Transport,Inter-city passenger traffic demand,"inter city, traffic demand, public transport",Public Transportation,L&T Infra Engineering Transport Study,Jaipur City,unknown,city,one-time,,2018,private,printed map,"RSRTC, JCTSL","L&T Infra Engineering (2022) Comprehensive Traffic and Transportation Study for Jaipur Region, vol1, Figure 2-21, pg. 2-35",Document not yet published,Not currently available
148,Inter City Terminal And Depots,Inter-city (RSRTC) Bus Terminals and Depots,"inter city, RSRTC, nis terminals, depots, ",Public Transportation,L&T Infra Engineering Transport Study,Jaipur City,unknown,city,one-time,,2018,private,printed map,RSRTC,"L&T Infra Engineering (2022) Comprehensive Traffic and Transportation Study for Jaipur Region, vol1, Figure 2-23, pg. 2-39",Document not yet published,Not currently available
147,Intra City Terminal And Depots,Intra-city (JCTSL) Bus Terminals and Depots,"intra city, JCTSL, bus terminals, depots, public transport",Public Transportation,L&T Infra Engineering Transport Study,Jaipur City,unknown,city,one-time,,2018,private,printed map,JCTSL,"L&T Infra Engineering (2022) Comprehensive Traffic and Transportation Study for Jaipur Region, vol1, Figure 2-22, pg. 2-38",Document not yet published,Not currently available
163,Jaipur City Bus Fare Matrix,"the fares for the AC & Non A/C Buses, women and students according to the distances.","city bus, jaipur, fare matrix",Public Transportation,,Jaipur City,unknown,city,one-time,,2024,open,printed table,JCTSL,"Transport Department Of Rajasthan website, NA",https://transport.rajasthan.gov.in/content/transportportal/en/jaipur-bus/fares-tickets/fare-chart.html,Go to source URL
139,Jaipur City Bus Routes Description,"Street no., route description, number of buses and interval(min) of the operating buses in HIndi"," street no., route description, number of buses, interval, city bus",Public Transportation,,Jaipur Region,unknown,region,one-time,,2024,open,printed table,JCTSL,"Jaipur City Transport Services Limited (n.d.), NA",https://transport.rajasthan.gov.in/content/transportportal/en/jaipur-bus/schedules-maps/bus-routes.html,Go to source URL
162,Jaipur Metro Fare Matrix,the Fare structure of metro operations by JMRC dated 11.09.2020,"fare, JMRC",Public Transportation,,Jaipur North Region,unknown,city,one-time,,2024,open,printed table,JMRCL,"Jaipur Metro Rail Corporation Ltd. (2020), NA",https://transport.rajasthan.gov.in/content/dam/transport/metro/Passenger%20Information/MetroFares/Notification%20Fare%20structure%20of%20metro%20operation%20by%20JMRC%20dtd_11.09.2020.pdf.pdf,Go to source URL
142,Jaipur Metro Stations,Finished and proposed map of the number of metro stations and routes in Jaipur City.,"metro stations, routes, proposed, finished",Public Transportation,,Jaipur City,unknown,city,one-time,,,open,printed map,JMRCL,"Jaipur Metro Rail Corporation Ltd. (2024), NA",https://transport.rajasthan.gov.in/content/transportportal/en/metro/PassengerInformation/MetroStations.html,Go to source URL
160,Jaipur Metro Time Table,Salient feaures of public time table w.e.f. 31.01.2023,time table,Public Transportation,,Jaipur North Region,unknown,city,one-time,,2023,open,printed table,JMRCL,"Jaipur Metro Rail Corporation Ltd. (2023), NA",https://transport.rajasthan.gov.in/content/dam/transport/metro/Passenger%20Information/Metro%20time%20Table/Salient%20Features%20of%20Time%20Table%20w.e.f.%2030.01.2023.pdf,Go to source URL
137,My Safetipin App Audit Score In Jaipur City,"ReportID, safetiPinScore,mediaURL, comments, observationDateTime, location of various locations in Jaipur city ","Location Data, safety, women",Public Transportation,MoHUA IUDX data,Jaipur Development Authority (2018),unknown,discrete locations,one-time,,2019,private,json,JDA,"Indian urban data exchange (2023) IUDX, NA",https://catalogue.cos.iudx.org.in/jaipur/dataset/91e116be-03bd-4f3d-a60b-e9db59bf48f0,Go to source URL
153,Operational Brts Corridors,"Operational BRTS Corridors 
",BRTS Cooridors,Public Transportation,L&T Infra Engineering Transport Study,Jaipur City,unknown,city,one-time,,2022,open,printed map,JDA,"L&T Infra Engineering (2022) Comprehensive Traffic and Transportation Study for Jaipur Region, vol1, Figure 7-70, Pg. 7-111",Document not yet published,Not currently available
161,Parking Rate At Metro Station,parking rate at metro station,"parking rate, metro station",Public Transportation,,Jaipur North Region,unknown,city,one-time,,2024,open,printed table,JMRCL,"Jaipur Metro Rail Corporation Ltd. (2024), NA",https://transport.rajasthan.gov.in/content/transportportal/en/metro/PassengerInformation/ParkingatMetroStations.html,Go to source URL
154,Passenger Amenities Near Metro Stations,"passenger amenities near metro stations like hospitals, cafe & hotels, police stations and others","amenities, hospitals, police station, ",Public Transportation,,Jaipur North Region,unknown,region,one-time,,2024,open,printed table,JMRCL,"Jaipur Metro Rail Corporation Ltd. (2024), NA",https://transport.rajasthan.gov.in/content/transportportal/en/metro/PassengerInformation/PASSENGERAMENITIESNEARMETROSTATIONS.html,Go to source URL
140,Public Transport Access Jaipur,"Number of AC / Non AC buses, number of bus terminals, number of bus stands, number of bus stops","public tranport, access,jaipur",Public Transportation,Smartcities.gov.in data,Jaipur Region,unknown,region,one-time,,2019,open,csv,"CDO- Ajay Kumar, Jaipur Nagar Nigam","JSCL (2019) Ministry of housing and urban affairs,smart city data catalogue, NA",https://smartcities.data.gov.in/catalog/publictransportaccessjaipur,Go to source URL
138,Recommended Mass Transit Corridor For Jaipur City With Phasing,Population density for the 2nd phase metro of jaipur,"mass transit, corridor, metro phase 2, density",Public Transportation,,Jaipur Municipal Corporation,unknown,region,one-time,,2017,open,printed map,"egis rail,egis india, feedback infra","Comprehensive Mobility Plan, Urban Transport Sector Assessment Report jaipur, fig 0-2",https://transport.rajasthan.gov.in/content/dam/transport/metro/Project/DPR%20Phase%20II/CMP%20Executive%20Summary%20Final.pdf,Go to source URL
143,Route Map Of Jaipur Metro,Route Map of Jaipur Metro,"route map, metro, jaipur",Public Transportation,,Jaipur City,unknown,city,one-time,,2018,open,printed map,JMRCL,"Jaipur Metro Rail Corporation Ltd. (2024), NA",https://transport.rajasthan.gov.in/content/transportportal/en/metro/PassengerInformation/MetroStations.html,Go to source URL
157,Type Of Approach To Village And Bus Services In Jaipur Region,information about the approaches to the village and bus services.,"Bus services, villages",Public Transportation,master plan map,Jaipur Region,unknown,region,one-time,,2001,open,printed map,JDA,"JDA (2011) Master Development Plan 2025, vol1, Map 3-16, pg. 170",https://jda.rajasthan.gov.in/content/dam/raj/udh/development-authority/jda-jaipur/pdf/MDP/Vol1.pdf,Go to source URL
167,Electricity Consumption Jaipur,"Consumption of electricity for domestic, industrial,commerial, public waterworks and street lights, and other consumptions","domestic, industrial,commerial, public waterworks, street lights, electricity, energy",Resource Use,Smartcities.gov.in data,Jaipur Municipal Corporation Greater (2019),unknown,region,one-time,,2018,open,csv,"CDO- Ajay Kumar, Jaipur Nagar Nigam","JSCL (2019) Ministry of housing and urban affairs,smart city data catalogue, NA",https://smartcities.data.gov.in/catalog/electricity-consumption-jaipur,Go to source URL
168,Water Consumption Jaipur,"Ward wise water supply capacity,domestic water consumption and percentage area of water supply network","Water supply, ward wise",Resource Use,Smartcities.gov.in data,Jaipur Municipal Corporation,unknown,region,one-time,,2018,open,csv,"CDO- Ajay Kumar, Jaipur Nagar Nigam","JSCL (2019) Ministry of housing and urban affairs,smart city data catalogue, NA",https://smartcities.data.gov.in/catalog/water-consumption-jaipur,Go to source URL
170,"Satellite Image Cartosat 1 ,Cartodem (2.5m,10m Spatial Resolution)",Satellite imagery of DSM of 10m Posting and 2.5m Posting with swath width 14km x14km  is available,"satellite image, CARTOSAT",Satellite Images,Cartosat,India,4-5 days,spatial grid,one-time,2005,2019,paid,geotiff image,ISRO,"ISRO (2024) Bhoonidhi, NA",https://bhoonidhi.nrsc.gov.in/bhoonidhi/index.html,Go to source URL
169,"Satellite Image Cartosat 1 Pan, Stereo (2.5m Spatial Resolution)","Satellite imagery of 2.5m spatial resolution PAN-Ortho Rectified (without GCP), Stereo- RAD Ortho kit with 27.5kmx27.5km swath width","satellite image, CARTOSAT",Satellite Images,Cartosat,India,4-5 days,spatial grid,one-time,2005,2019,paid,geotiff image,ISRO,"ISRO (2024) Bhoonidhi, NA",https://bhoonidhi.nrsc.gov.in/bhoonidhi/index.html,Go to source URL
171,"Satellite Image Cartosat 2 Pan, (1m Spatial Resolution)",Satellite imagery of GEO Orthokit and Ortho Rectified (without GCP) with swath width of 9.8km x 9.8km is available,"satellite image, CARTOSAT",Satellite Images,Cartosat,India,4-5 days,spatial grid,one-time,2007,2019,paid,geotiff image,ISRO,"ISRO (2024) Bhoonidhi, NA",https://bhoonidhi.nrsc.gov.in/bhoonidhi/index.html,Go to source URL
173,"Satellite Image Cartosat 2s, Mx, (1.60m Spatial Resolution)","Satellite imagery of GEO Orthokit, Ortho Rectified (without GCP),Ortho Mosaic (Min:2, Max : 4 ), and NCC & FCC (Ortho Rectified-without GCP) with swath width of 9.8km x 9.8km is available","satellite image, CARTOSAT",Satellite Images,Cartosat,India,4-5 days,spatial grid,one-time,2016,2024,paid,geotiff image,ISRO,"ISRO (2024) Bhoonidhi, NA",https://bhoonidhi.nrsc.gov.in/bhoonidhi/index.html,Go to source URL
174,"Satellite Image Cartosat 2s, Pan+Mx, (0.60m Spatial Resolution)","Satellite imagery of Pan-sharpened, Pan-sharpened Mosaic (Min:2, Max:4), and NCC & FCC (Pan-sharpened) with swath width of 9.8km x 9.8km is available","satellite image, CARTOSAT",Satellite Images,Cartosat,India,4-5 days,spatial grid,one-time,2016,2024,paid,geotiff image,ISRO,"ISRO (2024) Bhoonidhi, NA",https://bhoonidhi.nrsc.gov.in/bhoonidhi/index.html,Go to source URL
172,"Satellite Image Cartosat 2s, Pan, (0.60m Spatial Resolution)",Satellite imagery of GEO Orthokit and Ortho Rectified (without GCP) with swath width of 9.8km x 9.8km is available,"satellite image, CARTOSAT",Satellite Images,Cartosat,India,4-5 days,spatial grid,one-time,2016,2024,paid,geotiff image,ISRO,"ISRO (2024) Bhoonidhi, NA",https://bhoonidhi.nrsc.gov.in/bhoonidhi/index.html,Go to source URL
177,"Satellite Image Cartosat 3, Pan+Mx, (0.45m Spatial Resolution)",Satellite imagery of Pan-sharpened and NCC & FCC (Pan-sharpened) with swath width of 10km x 10km is available,"satellite image, CARTOSAT",Satellite Images,Cartosat,India,4-5 days,spatial grid,one-time,2019,2024,paid,geotiff image,ISRO,"ISRO (2024) Bhoonidhi, NA",https://bhoonidhi.nrsc.gov.in/bhoonidhi/index.html,Go to source URL
175,"Satellite Image Cartosat 3, Pan, (0.28m,0.45m Spatial Resolution)","Satellite imagery of 0.28m- GEO Orthokit, and 0.25m and 0.45m - Ortho Rectified (without GCP) with swath width of 17km x 17 km is available","satellite image, CARTOSAT",Satellite Images,Cartosat,India,4-5 days,spatial grid,one-time,2019,2024,paid,geotiff image,ISRO,"ISRO (2024) Bhoonidhi, NA",https://bhoonidhi.nrsc.gov.in/bhoonidhi/index.html,Go to source URL
176,"Satellite Image Cartosat 3,Mx (1.10m Spatial Resolution)","Satellite imagery of GEO Orthokit, Ortho Rectified (without GCP) with a swath width of 17km x 17 km and Ortho Rectified (without GCP), NCC & FCC (Ortho Rectified-without GCP) of  swath width of 10km x 10km is available","satellite image, CARTOSAT",Satellite Images,Cartosat,India,4-5 days,spatial grid,one-time,2019,2024,paid,geotiff image,ISRO,"ISRO (2024) Bhoonidhi, NA",https://bhoonidhi.nrsc.gov.in/bhoonidhi/index.html,Go to source URL
179,"Satellite Image Eos-04(Or Risat-1a), [Sar ,Frs1 ,Frs2] (3m-50m Spatial Resolution)","Satellite imagery of Geometrically Terrain Corrected, Single Look Complex,Multi Look Ground Range,Covariance, and Polarimetric Decomposed  with swath width of 20km x 25km is available","satellite image, CARTOSAT",Satellite Images,,India,25 days,spatial grid,one-time,2022,2024,paid,geotiff image,ISRO,"ISRO (2024) Bhoonidhi, NA",https://bhoonidhi.nrsc.gov.in/bhoonidhi/index.html,Go to source URL
181,"Satellite Image Kompsat-3/3a ,Pan & Mx(0.5, 2.2m Spatial Resolution)","Satellite imagery of Geo Orthokit,and Bundled with swath width of 15km x 15km is available","satellite image, CARTOSAT",Satellite Images,,India,3-4 days,spatial grid,one-time,2012,2024,paid,geotiff image,ISRO,"ISRO (2024) Bhoonidhi, NA",https://bhoonidhi.nrsc.gov.in/bhoonidhi/index.html,Go to source URL
186,"Satellite Image Landsat-1 Or Erts-1 ,Mss- (79m Spatial Resolution)",Satellite imagery of (MSS at 79m spatial resolution(RBV)-40m),"satellite image, CARTOSAT",Satellite Images,Landsat,India,18 days,spatial grid,one-time,1972,1978,open,geotiff image,NASA,"US Geological Survey (2024) USGS Earth Explorer, NA",https://earthexplorer.usgs.gov/,Go to source URL
187,"Satellite Image Landsat-2 ,Mss- (79m Spatial Resolution)","Satellite imagery of (MSS at 79m spatial resolution, (RBV)-40m)","satellite image, CARTOSAT",Satellite Images,Landsat,India,18 days,spatial grid,one-time,1975,1982,open,geotiff image,NASA,"US Geological Survey (2024) USGS Earth Explorer, NA",https://earthexplorer.usgs.gov/,Go to source URL
188,"Satellite Image Landsat-3 ,Mss- (79m Spatial Resolution)",Satellite imagery of (MSS at 79m spatial resolution(RBV)-40m),"satellite image, CARTOSAT",Satellite Images,Landsat,India,18 days,spatial grid,one-time,1978,1983,open,geotiff image,NASA,"US Geological Survey (2024) USGS Earth Explorer, NA",https://earthexplorer.usgs.gov/,Go to source URL
189,"Satellite Image Landsat-4 ,Mss-(79m) & Tm(30m,120m)","Satellite imagery of spatial resolution 30 meters (TM, VIS/NIR/SWIR), 120 meters (thermal); 79 meters (MSS)","satellite image, CARTOSAT",Satellite Images,Landsat,India,16 days,spatial grid,one-time,1982,1993,open,geotiff image,NASA,"US Geological Survey (2024) USGS Earth Explorer, NA",https://earthexplorer.usgs.gov/,Go to source URL
190,"Satellite Image Landsat-5 ,Mss-(79m) & Tm(30m,120m)","Satellite imagery of spatial resolution 30 meters (TM, VIS/NIR/SWIR), 120 meters (thermal); 79 meters (MSS)","satellite image, CARTOSAT",Satellite Images,Landsat,India,16 days,spatial grid,one-time,1984,2013,open,geotiff image,NASA,"US Geological Survey (2024) USGS Earth Explorer, NA",https://earthexplorer.usgs.gov/,Go to source URL
191,"Satellite Image Landsat-7 ,Etm+(15m,30m,120m)","Satellite imagery of spatial resolution 30 meters (VIS/NIR/SWIR), 60 meters (thermal), 15 meters (panchromatic)","satellite image, CARTOSAT",Satellite Images,Landsat,India,16 days,spatial grid,one-time,1999,2017,open,geotiff image,NASA,"US Geological Survey (2024) USGS Earth Explorer, NA",https://earthexplorer.usgs.gov/,Go to source URL
192,"Satellite Image Landsat-8 ,Pan(15m),Oli (30m) & Tirs(100m)","Satellite imagery of spatial resolution 30 meters (OLI), 100 meters (TIRS), 15 meters (panchromatic)","satellite image, CARTOSAT",Satellite Images,Landsat,India,16 days,spatial grid,one-time,2013,2024,open,geotiff image,NASA,"US Geological Survey (2024) USGS Earth Explorer, NA",https://earthexplorer.usgs.gov/,Go to source URL
193,"Satellite Image Landsat-9 ,Pan(15m),Oli-2 (30m) & Tirs-2 (100m)","Satellite imagery of spatial resolution 30 meters (OLI-2), 100 meters (TIRS-2), 15 meters (panchromatic)","satellite image, CARTOSAT",Satellite Images,Landsat,India,16 days,spatial grid,one-time,2021,2024,open,geotiff image,NASA,"US Geological Survey (2024) USGS Earth Explorer, NA",https://earthexplorer.usgs.gov/,Go to source URL
180,"Satellite Image Novasar-1,All Modes (6-33 M Spatial Resolution)","Satellite imagery of Geometrically Terrain Corrected, Single Look Complex Slant range, and Multi Look Ground Range with swath width of 13-400km x 13-400km is available","satellite image, CARTOSAT",Satellite Images,,India,16 days,spatial grid,one-time,2018,2024,paid,geotiff image,ISRO,"ISRO (2024) Bhoonidhi, NA",https://bhoonidhi.nrsc.gov.in/bhoonidhi/index.html,Go to source URL
182,"Satellite Image Resourcesat-1, Liss-3(23.5m),Liss-4(5.8m),Awifs(56m Spatial Resolution)","Satellite imagery of  LISS-3(23.5m spatial resolution, swath width-141 km),LISS-4{5.8m spatial resolution, swath width -[23.9 km (Mx) 70 kms (Mono)]},AWiFS {56m spatial resolution, swath width-[740 km (Combined) 370 km (Each head)]} is available","satellite image, CARTOSAT",Satellite Images,Resourcesat,India,24 days,spatial grid,one-time,2003,2024,open,geotiff image,ISRO,"ISRO (2024) Bhoonidhi, NA",https://bhoonidhi.nrsc.gov.in/bhoonidhi/index.html,Go to source URL
183,"Satellite Image Resourcesat-2, Liss-3(23.5m),Liss-4(5.8m),Awifs(56m Spatial Resolution)","Satellite imagery of  LISS-3(23.5m spatial resolution, swath width-141 km),LISS-4{5.8m spatial resolution, swath width -[23.9 km (Mx) 70 kms (Mono)]},AWiFS {56m spatial resolution, swath width-[740 km (Combined) 370 km (Each head)]} is available","satellite image, CARTOSAT",Satellite Images,Resourcesat,India,24 days,spatial grid,one-time,2011,2024,open,geotiff image,ISRO,"ISRO (2024) Bhoonidhi, NA",https://bhoonidhi.nrsc.gov.in/bhoonidhi/index.html,Go to source URL
184,"Satellite Image Resourcesat-2a, Liss-3(23.5m),Liss-4(5.8m),Awifs(56m Spatial Resolution)","Satellite imagery of  LISS-3(23.5m spatial resolution, swath width-141 km),LISS-4{5.8m spatial resolution, swath width -[23.9 km (Mx) 70 kms (Mono)]},AWiFS {56m spatial resolution, swath width-[740 km (Combined) 370 km (Each head)]} is available","satellite image, CARTOSAT",Satellite Images,Resourcesat,India,24 days,spatial grid,one-time,2016,2024,open,geotiff image,ISRO,"ISRO (2024) Bhoonidhi, NA",https://bhoonidhi.nrsc.gov.in/bhoonidhi/index.html,Go to source URL
178,"Satellite Image Risat-1 , [Sar ,Frs1 ,Frs2] (3m-50m Spatial Resolution)","Satellite imagery of Geometrically Terrain Corrected, Single Look Complex, and Multi Look Ground Range  with swath width of 25km x 25km is available","satellite image, CARTOSAT",Satellite Images,,India,25 days,spatial grid,one-time,2012,2016,paid,geotiff image,ISRO,"ISRO (2024) Bhoonidhi, NA",https://bhoonidhi.nrsc.gov.in/bhoonidhi/index.html,Go to source URL
185,Satellite Image Sentinel-2 (10m Spatial Resolution),"Satellite imagery of MSI(visible,NIR-10m,6 bands at 20 m resolution,3 bands at 60 m resolution)","satellite image, CARTOSAT",Satellite Images,,India,5 days,spatial grid,one-time,2015,2024,open,geotiff image,ESA,"Copernicus Browser (2024) Copernicus Browser, NA",https://browser.dataspace.copernicus.eu/?zoom=12&lat=27.21685&lng=75.70583&themeId=DEFAULT-THEME&visualizationUrl=U2FsdGVkX19DjWEnO%2ByGm%2Fp%2FJ%2FAPbVIARGIJNH7KDxkU%2F636Z104oNn9O8dXZZQdUM4lcdcJL1YMbRciKqFP%2BNExhtgTISXD%2FgGjojb12Q7t1BEbR%2BzUxvSG36geiWvC&datasetId=S2_L1C_CDAS&fromTime=2023-01-25T00%3A00%3A00.000Z&toTime=2023-01-25T23%3A59%3A59.999Z&layerId=1_TRUE_COLOR&demSource3D=%22MAPZEN%22&cloudCoverage=30&dateMode=SINGLE,Go to source URL
209,Accessibility To Hospitals In Jaipur Region,Accessibility to hospitals in Jaipur Region.,"Hospitals, Jaipur region",Services,master plan map,Jaipur Region,unknown,region,one-time,,2001,open,printed map,JDA,"JDA (2011) Master Development Plan 2025, vol1, Map 3-11, pg.165",https://jda.rajasthan.gov.in/content/dam/raj/udh/development-authority/jda-jaipur/pdf/MDP/Vol1.pdf,Go to source URL
207,Assessment Of College Availability In Jaipur Region,Accessibility of colleges in Jaipur Region.,"Colleges, Jaipur region",Services,master plan map,Jaipur Region,unknown,region,one-time,,2001,open,printed map,JDA,"JDA (2011) Master Development Plan 2025, vol1, Map 3-8, pg. 162",https://jda.rajasthan.gov.in/content/dam/raj/udh/development-authority/jda-jaipur/pdf/MDP/Vol1.pdf,Go to source URL
208,Assessment Of Health Centre Availability In Jaipur Region,Distribution of health centers in Jaipur Region.,"Health centres, Jaipur region",Services,master plan map,Jaipur Region,unknown,region,one-time,,2001,open,printed map,JDA,"JDA (2011) Master Development Plan 2025, vol1, Map 3-10, pg.164",https://jda.rajasthan.gov.in/content/dam/raj/udh/development-authority/jda-jaipur/pdf/MDP/Vol1.pdf,Go to source URL
206,Assessment Of Senior Secondary School Availability In Jaipur Region,Availability of senior secondary schools in Jaipur Region.,"Senior secondary Schools, Jaipur region",Services,master plan map,Jaipur Region,unknown,region,one-time,,2001,open,printed map,JDA,"JDA (2011) Master Development Plan 2025, vol1, Map 3-7, pg. 161",https://jda.rajasthan.gov.in/content/dam/raj/udh/development-authority/jda-jaipur/pdf/MDP/Vol1.pdf,Go to source URL
211,Availability Of Credit Banking Facility In Agriculture Productive Areas -Jaipur Region,Credit banking facilities in agricultural areas of Jaipur Region.,"Banking facilities, agriculture, Jaipur region",Services,master plan map,Jaipur Region,unknown,region,one-time,,2001,open,printed map,JDA,"JDA (2011) Master Development Plan 2025, vol1, Map 3-13, pg. 167",https://jda.rajasthan.gov.in/content/dam/raj/udh/development-authority/jda-jaipur/pdf/MDP/Vol1.pdf,Go to source URL
212,Availability Of Postal Services In Jaipur Region,Availability of postal services in Jaipur Region.,"Postal service, Jaipur region",Services,master plan map,Jaipur Region,unknown,region,one-time,,2001,open,printed map,JDA,"JDA (2011) Master Development Plan 2025, vol1, Map 3-14, pg. 168",https://jda.rajasthan.gov.in/content/dam/raj/udh/development-authority/jda-jaipur/pdf/MDP/Vol1.pdf,Go to source URL
205,Availability Of Primary Schools Within Jaipur Region,Distribution of primary schools across Jaipur Region.,"primary schools, Jaipur region",Services,master plan map,Jaipur Region,unknown,region,one-time,,2001,open,printed map,JDA,"JDA (2011) Master Development Plan 2025, vol1, Map 3-6, pg.160",https://jda.rajasthan.gov.in/content/dam/raj/udh/development-authority/jda-jaipur/pdf/MDP/Vol1.pdf,Go to source URL
210,Bank Facility In Jaipur Region,Locations of banks within Jaipur Region.,"Banks, Jaipur region",Services,master plan map,Jaipur Region,unknown,region,one-time,,2001,open,printed map,JDA,"JDA (2011) Master Development Plan 2025, vol1, Map 3-12, pg.166",https://jda.rajasthan.gov.in/content/dam/raj/udh/development-authority/jda-jaipur/pdf/MDP/Vol1.pdf,Go to source URL
204,Citizen Facilities Jaipur,citizen facilitation centers with average monthly footfalls,"citizen facility, footfall, jaipur",Services,Smartcities.gov.in data,Jaipur Municipal Corporation,unknown,region,one-time,,2018,open,csv,"CDO- Ajay Kumar, Jaipur Nagar Nigam","JSCL (2019) Ministry of housing and urban affairs,smart city data catalogue, NA",https://smartcities.data.gov.in/catalog/citizen-facilities-jaipur,Go to source URL
198,"Civic And Other Amenities In Slums, 2009","Class and name of town, Name of the slum, No. of households (approximate), Population of the Slum (approximate), Paved roads (in kms.), System of drainage( Open, Closed, Both, Nil), Number of latrines, Community, No. of tap points/ public hydrants installed for supply of protected water, Electricity (Number of connections) in Domestic, Road lighting (points) and Others","Slum Infrastructure, Amenities, Slum Living Conditions",Services,Census handbook,Jaipur District,unknown,district,one-time,,2009,open,xls/xlsx,"Directorate of Census Operations, Rajasthan","Directorate of Census Operations, Rajasthan (2014) Census of India 2011 - Rajasthan - Series 09 - Part XII B - District Census Handbook, Jaipur, Town Statement-VII_0812",https://censusindia.gov.in/nada/index.php/catalog/1069/download/3291/DH_2011_0812-Jaipur.zip,Go to source URL
194,"Civic And Other Amenities, 2009","Name of Town, Road length (in kms.), System of drainage( Open, Closed, Both -Open & Closed), Number of latrines(Pit System,Flush/Pour Flush (Water borne),Service,Others), Protected water supply(Source of supply, System of storage with capacity in kilo litres), Fire fighting service, Electrification (Number of connections of Domestic, Industrial, Commercial, Road lighting points, others)","Town Infrastructure, Utility, Services Overview",Services,Census handbook,Jaipur District,unknown,district,one-time,,2009,open,xls/xlsx,"Directorate of Census Operations, Rajasthan","Directorate of Census Operations, Rajasthan (2014) Census of India 2011 - Rajasthan - Series 09 - Part XII B - District Census Handbook, Jaipur, Town Statement-III_0812",https://censusindia.gov.in/nada/index.php/catalog/1069/download/3291/DH_2011_0812-Jaipur.zip,Go to source URL
203,Community Facilities Jaipur,"number of ward wise Community Hall / Auditorium / Convention Center / Swimming Pools / Sports Ground / Theatre, Facility Name and capacity","community facilities, jaipur",Services,Smartcities.gov.in data,Jaipur Municipal Corporation,unknown,region,one-time,,2018,open,csv,"CDO- Ajay Kumar, Jaipur Nagar Nigam","JSCL (2019) Ministry of housing and urban affairs,smart city data catalogue, NA",https://smartcities.data.gov.in/catalog/community-facilities-jaipur,Go to source URL
201,Cultural Heritage Jaipur,"Name of heritage,Nature of heritage (open space, monuments, street etc.),Heritage use, Age of heritage ( In Years) ",Heritage Characteristics,Services,Smartcities.gov.in data,Jaipur Municipal Corporation,unknown,region,one-time,,2019,open,csv,"CDO- Ajay Kumar, Jaipur Nagar Nigam","JSCL (2019) Ministry of housing and urban affairs,smart city data catalogue, NA",https://smartcities.data.gov.in/catalog/culturalheritagejaipur,Go to source URL
202,Digital Payments Jaipur,Total Collection of municipal Amount collected by ticket sale for Bus and Metro Services,"Digital payments, jaipur",Services,Smartcities.gov.in data,Jaipur Municipal Corporation,unknown,region,one-time,2017,2018,open,csv,"CDO- Ajay Kumar, Jaipur Nagar Nigam","JSCL (2019) Ministry of housing and urban affairs,smart city data catalogue, NA",https://smartcities.data.gov.in/catalog/digital-payments-jaipur,Go to source URL
199,Education Facilities In Jaipur Region Villages,"Education Facilities in Jaipur Region Villages based on infrastructure, standard and no. of facilities","Education Facilities, Infrastructure, Jaipur Region Villages",Services,,Jaipur Region,unknown,region,one-time,,2001,open,printed table,"Directorate of Census Operations, Rajasthan","Master Development Plan 2025 (2011), vol1, Table 3-17, pg.153",https://jda.rajasthan.gov.in/content/dam/raj/udh/development-authority/jda-jaipur/pdf/MDP/Vol1.pdf,Go to source URL
196,"Educational, Recreational And Cultural Facilities, 2009","Name of Town, Number of Educational Facilities(Primary school, Middle school, Secondary school, Senior Secondary school, Arts/ Science/ Commerce colleges (of degree level and above) , Medical colleges,Engineering colleges, Management Institute/ colleges,Polytechnics, Recognised Shorthand, Typewriting and vocational training institutions,Non-formal Education Center (Sarva Shiksha Abhiyan Center), Special School for Disabled, others ), Number of Social, Recreational and Cultural facilities: No. of Orphanage Home, Working women's hostles, No. of Old Age Home, Stadium, Cinema Theatre, Auditorium/ Community halls, Public libraries and Reading rooms","Town Educational, Social Facilities, Education, Recreation Infrastructure",Services,Census handbook,Jaipur District,unknown,district,one-time,,2009,open,xls/xlsx,"Directorate of Census Operations, Rajasthan","Directorate of Census Operations, Rajasthan (2014) Census of India 2011 - Rajasthan - Series 09 - Part XII B - District Census Handbook, Jaipur, Town Statement-V_0812",https://censusindia.gov.in/nada/index.php/catalog/1069/download/3291/DH_2011_0812-Jaipur.zip,Go to source URL
197,"Industry And Banking, 2009","Name of Town, Names of three most important commodities manufactured, Number of banks (Nationalised Bank,Private Commercial Bank,Co-operative Bank), Number of agricultural credit societies, Number of non-agricultural credit societies","Town Manufacturing, Financial Institutions, Banking, Credit Facilities",Services,Census handbook,Jaipur District,unknown,district,one-time,,2009,open,xls/xlsx,"Directorate of Census Operations, Rajasthan","Directorate of Census Operations, Rajasthan (2014) Census of India 2011 - Rajasthan - Series 09 - Part XII B - District Census Handbook, Jaipur, Town Statement-VI_0812",https://censusindia.gov.in/nada/index.php/catalog/1069/download/3291/DH_2011_0812-Jaipur.zip,Go to source URL
195,"Medical Facilities, 2009","Name of Town, No. of Medical facilities (with number of beds in brackets) in Hospitals  (Allopathic & Others), Dispensaries / Health Center, Family Welfare Center, Maternity and Child Welfare Center, Maternity Homes,T.B.Hospital/ Clinic,  Nursing Homes, Veterinary Hospital, Mobile Health Clinic and Others etc., Charitable Hospital/Nursing Home  (Numbers), Medicine Shop (Numbers)","Town Health Facilities, Medical, Welfare Services",Services,Census handbook,Jaipur District,unknown,district,one-time,,2009,open,xls/xlsx,"Directorate of Census Operations, Rajasthan","Directorate of Census Operations, Rajasthan (2014) Census of India 2011 - Rajasthan - Series 09 - Part XII B - District Census Handbook, Jaipur, Town Statement-IV_0812",https://censusindia.gov.in/nada/index.php/catalog/1069/download/3291/DH_2011_0812-Jaipur.zip,Go to source URL
200,Smart Governance,"Availability of online services for various domains like taxes, challans,fines, service connections, certificates,licenses, tenders, grievance management, tickets & passes, disclosure of documents in yes and no format","smart governance, ",Services,Smartcities.gov.in data,Jaipur City,unknown,city,one-time,,2019,open,csv,"CDO- Ajay Kumar, Jaipur Nagar Nigam","JSCL (2019) Ministry of housing and urban affairs,smart city data catalogue, NA",https://smartcities.data.gov.in/catalog/digital-availability-jaipur,Go to source URL
227,Availability Of Footpaths,"Availability of Footpaths in Walled City
",Footpaths,Transport Network,L&T Infra Engineering Transport Study,Jaipur City,unknown,city,one-time,,2022,private,printed table,JDA,"L&T Infra Engineering (2022) Comprehensive Traffic and Transportation Study for Jaipur Region, vol1, Table 3-70, pg. 3-74",Document not yet published,Not currently available
225,Availability Of Road Markings In Walled City,Availability of road markings in the walled city of Jaipur. ,"Road markings, walled city",Transport Network,L&T Infra Engineering Transport Study,Walled City,unknown,city,one-time,,2022,private,printed map,JDA,"L&T Infra Engineering (2022) Comprehensive Traffic and Transportation Study for Jaipur Region, vol1, Figure 7-8, Pg. 7-12",Document not yet published,Not currently available
226,Availability Of Signage In Walled City,Availability of Signages in walled city. ,"Singages, walled city",Transport Network,L&T Infra Engineering Transport Study,Walled City,unknown,city,one-time,,2022,private,printed map,JDA,"L&T Infra Engineering (2022) Comprehensive Traffic and Transportation Study for Jaipur Region, vol1, Figure 7-9, Pg. 7-12",Document not yet published,Not currently available
222,Built Heritage And Cultural Trail,Significant heritage sites and cultural landmarks in Jaipur.,"Heritage, cultural sites",Transport Network,master plan map,Jaipur District,unknown,district,one-time,,2001,open,printed map,JDA,"JDA (2011) Master Development Plan 2025, vol1, Map 2-37, pg. 113",https://jda.rajasthan.gov.in/content/dam/raj/udh/development-authority/jda-jaipur/pdf/MDP/Vol1.pdf,Go to source URL
231,Demarcation Of Traffic Analysis Zones (Taz),zone list adopted for travel demand modeling is as same as the zoning adopted,"Travel Demand Modeling, Zoning",Transport Network,L&T Infra Engineering Transport Study,Jaipur region,unknown,region,one-time,,2022,private,printed map,JDA,"L&T Infra Engineering (2022) Comprehensive Traffic and Transportation Study for Jaipur Region, vol1, Figure 6-4 pg 6-11",Document not yet published,Not currently available
216,District Road Network - Class 2 & Class 3 Town Connectivity,district road network for connectivity of class 2& class 3 towns,District road network,Transport Network,master plan map,Jaipur District,unknown,district,one-time,,2001,open,printed map,JDA,"JDA (2011) Master Development Plan 2025, vol1, Map 2-42, pg.119",https://jda.rajasthan.gov.in/content/dam/raj/udh/development-authority/jda-jaipur/pdf/MDP/Vol1.pdf,Go to source URL
217,District Road Network - Class 3 & Class 4 Town Connectivity,district road network for connectivity of class 3& class 4 towns,District road network,Transport Network,master plan map,Jaipur District,unknown,district,one-time,,2001,open,printed map,JDA,"JDA (2011) Master Development Plan 2025, vol1, Map 2-43, pg. 119",https://jda.rajasthan.gov.in/content/dam/raj/udh/development-authority/jda-jaipur/pdf/MDP/Vol1.pdf,Go to source URL
218,District Road Network - Class 4 & Class 5 Town Connectivity,district road network for connectivity of class 4& class 5 towns,District road network,Transport Network,master plan map,Jaipur District,unknown,district,one-time,,2001,open,printed map,JDA,"JDA (2011) Master Development Plan 2025, vol1, Map 2-44, pg. 120",https://jda.rajasthan.gov.in/content/dam/raj/udh/development-authority/jda-jaipur/pdf/MDP/Vol1.pdf,Go to source URL
219,District Road Network Optimum Connectivity,"Optimum connectivity of the district over laying the future towns, growth centres, growth foci, focal villages and service villages. Should be used with Table  2-40 (list of the 57 new towns and their class by 2025)",Connectivity map,Transport Network,master plan map,Jaipur District,unknown,district,one-time,,2001,open,printed map,JDA,"sustainable mobility, Map-2-45, pg. 120",https://jda.rajasthan.gov.in/content/dam/raj/udh/development-authority/jda-jaipur/pdf/MDP/Vol1.pdf,Go to source URL
215,District Road Network-Class 1 & Class 2 Town Connectivity,district road network for connectivity of class 1& class 2 towns,District road network,Transport Network,master plan map,Jaipur District,unknown,district,one-time,,2001,open,printed map,JDA,"JDA (2011) Master Development Plan 2025, vol1, Map 2-41, pg.118",https://jda.rajasthan.gov.in/content/dam/raj/udh/development-authority/jda-jaipur/pdf/MDP/Vol1.pdf,Go to source URL
230,Encroached Footpaths In Jaipur,Encroached Footpaths ,Footpaths,Transport Network,L&T Infra Engineering Transport Study,Jaipur City,unknown,city,one-time,,2022,private,printed table,JDA,"L&T Infra Engineering (2022) Comprehensive Traffic and Transportation Study for Jaipur Region, vol1, Table 3-61, pg. 3-70",Document not yet published,Not currently available
149,Public Transport Road Network,Coded Public Transport Network for JDA Region,"public transport, network, JDA",Transport Network,L&T Infra Engineering Transport Study,JDA Region,unknown,city,one-time,,2022,private,printed map,JDA,"L&T Infra Engineering (2022) Comprehensive Traffic and Transportation Study for Jaipur Region, vol1, Figure 6-7 pg 6-15",Document not yet published,Not currently available
150,Public Transport Road Network,Coded Public Transport Network for JMC,"public transport, network, JMC",Transport Network,L&T Infra Engineering Transport Study,JMC Boundary,unknown,city,one-time,,2022,private,printed map,JDA,"L&T Infra Engineering (2022) Comprehensive Traffic and Transportation Study for Jaipur Region, vol1, Figure 6-8 pg 6-15",Document not yet published,Not currently available
223,Recreation And Leisure Trail,Recreational and leisure areas in Jaipur.,"Recreational, leisure area, Jaipur",Transport Network,master plan map,Jaipur District,unknown,district,one-time,,2001,open,printed map,JDA,"JDA (2011) Master Development Plan 2025, vol1, Map 2-38, pg. 114",https://jda.rajasthan.gov.in/content/dam/raj/udh/development-authority/jda-jaipur/pdf/MDP/Vol1.pdf,Go to source URL
214,Regional Road Network Map,Regional transport network,"Road network, Regional",Transport Network,L&T Infra Engineering Transport Study,Jaipur Region,unknown,region,one-time,,2018,private,printed map,JDA,"L&T Infra Engineering (2022) Comprehensive Traffic and Transportation Study for Jaipur Region, vol1, Figure 2-1, pg. 2-3",Document not yet published,Not currently available
224,Religious And Spiritual Trail,Religious and spiritual sites in Jaipur.,"Spiritual sites, Jaipur",Transport Network,master plan map,Jaipur District,unknown,district,one-time,,2001,open,printed map,JDA,"JDA (2011) Master Development Plan 2025, vol1, Map 2-39, pg. 115",https://jda.rajasthan.gov.in/content/dam/raj/udh/development-authority/jda-jaipur/pdf/MDP/Vol1.pdf,Go to source URL
228,Right Of Way (Row) Widths,"detailed information on the road infrastructure in Jaipur, listing 39 major roads with their respective lengths, right-of-way (ROW), carriage details, and shoulder widths. ","Road Infrastructure, Major roads, ROW",Transport Network,,Jaipur Region,unknown,region,one-time,,2007,open,printed table,DHV Primary Survey,"JDA (2011) Master Development Plan 2025, vol1, Table 4-21, pg.254",https://jda.rajasthan.gov.in/content/dam/raj/udh/development-authority/jda-jaipur/pdf/MDP/Vol1.pdf,Go to source URL
220,Road Network,Highway Network for JDA Region,"Highway, network, JDA",Transport Network,L&T Infra Engineering Transport Study,JDA Boundary,unknown,city,one-time,,2022,private,printed map,JDA,"L&T Infra Engineering (2022) Comprehensive Traffic and Transportation Study for Jaipur Region, vol1, Figure 6-6 pg 6-14",Document not yet published,Not currently available
221,Road Network,Highway Network for JMC Boundary,"Highway, network, JMC",Transport Network,L&T Infra Engineering Transport Study,JMC Boundary,unknown,city,one-time,,2022,private,printed map,JDA,"L&T Infra Engineering (2022) Comprehensive Traffic and Transportation Study for Jaipur Region, vol1, Figure 6-5 pg 6-13",Document not yet published,Not currently available
213,Road Network In Rajasthan (Up To 31.03.2022),"Road Network in Rajasthan (up to 31.03.2022) with road category, length (km), and percentage  share as the parameters","Road Network, Rajasthan",Transport Network,,Rajasthan,unknown,state,one-time,,2022,open,printed table,"Public Works Department, Government of Rajasthan","State Road Safety Cell, Department of Transport and Road Safety, Rajasthan, NA",https://roadsafetycell.rkcl.in/pageView/token=Q2twNXhhZk9IaklESkMwMGxoaTgwdz09,Go to source URL
229,Transport Potential In Villages,"transport potential (High, Low, Medium) analysis in Jaipur District. ","Transport potential, villages",Transport Network,master plan map,Jaipur District,unknown,district,one-time,,2001,open,printed map,JDA,"JDA (2011) Master Development Plan 2025, vol1, Map 2-25, pg. 89",https://jda.rajasthan.gov.in/content/dam/raj/udh/development-authority/jda-jaipur/pdf/MDP/Vol1.pdf,Go to source URL
241,Anpr Camera Locations In Jaipur City,"Name,ID, device count, address, and Physical Coordinates of the ANPR Camera locations in Jaipur city",ANPR Camera,Transport Network Assets,MoHUA IUDX data,Jaipur Development Authority (2018),unknown,discrete locations,one-time,,,private,json,JDA,"Indian urban data exchange (2023) IUDX, NA",https://catalogue.cos.iudx.org.in/jaipur/dataset/5004baa8-a1ca-45f0-b639-4cef1ec6b089,Go to source URL
242,Environment Sensor Locations In Jaipur City,"Name, address, and Physical Coordinates of the environment sensor in Jaipur city",Environment Sensor,Transport Network Assets,MoHUA IUDX data,Jaipur Development Authority (2018),unknown,discrete locations,one-time,,,private,json,JDA,"Indian urban data exchange (2023) IUDX, NA",https://catalogue.cos.iudx.org.in/jaipur/dataset/5004baa8-a1ca-45f0-b639-4cef1ec6b089,Go to source URL
236,Ev Charging Stations,EV charging locations,EV Charging Stations,Transport Network Assets,,Rajasthan,unknown,state,one-time,,2024,open,printed map,BEE,"Bureau of Energy Efficiency (2024), NA",https://evyatra.beeindia.gov.in/public-charging-stations/,Go to source URL
238,Level Information From Manhole Sensors In Jaipur City,"device id, sludge level and observation Date Time of jaipur city",Sludge Level ,Transport Network Assets,MoHUA IUDX data,Jaipur Development Authority (2018),unknown,city,one-time,,2022,private,json,JDA,"Indian urban data exchange (2023) IUDX, NA",https://catalogue.cos.iudx.org.in/jaipur/dataset/e2e88fc3-95b2-4fcf-91d1-7c81a9a461d6,Go to source URL
239,Manhole Sensor Systems Locations In Jaipur City,"Name, ID, and Physical Coordinates of the manhole sensor systems in Jaipur City.",Manhole Sensor,Transport Network Assets,MoHUA IUDX data,Jaipur Development Authority (2018),unknown,discrete locations,one-time,,,private,json,JDA,"Indian urban data exchange (2023) IUDX, NA",https://catalogue.cos.iudx.org.in/jaipur/dataset/5004baa8-a1ca-45f0-b639-4cef1ec6b089,Go to source URL
234,"Off-Street Parking Accumalation, Supply And Demand Projections","Parking Accumulation, supply and demand projections of the Off-Street Parking spaces of different locations.","parking accumulation, suply, demand, off street parking",Transport Network Assets,,Jaipur City- specific,unknown,city,one-time,2011,2011,open,printed table,Research Paper,"Management of Parking Spaces in the Walled City of Jaipur , Table 2, Table 5, Fig 3",https://old.ccs.in/internship_papers/2011/245_riddhima_management-of-parking-spaces-in-the-walled-city-of-jaipur_second.pdf,Go to source URL
233,"On-Street Parking Accumalation, Supply And Demand","Parking Accumulation, supply and demand of Parking in the locations, Jauhari Bazaar and the Bapu Bazaar.","parking accumulation, suply, demand, jauhari bazaar, bapu bazaar",Transport Network Assets,,Jaipur City,unknown,city,one-time,2026,2026,open,printed table,JDA,"Rites (2026) Comprehensive Mobility Plan for Jaipur City - Draft CMP report, Table 2.61, pg. 2-58",https://jdaservice.rajasthan.gov.in/pdf/others/Jaipur_CMP_Report_022026.pdf,Go to source URL
232,Parking Site Locations In Jaipur City,"Name, address, and Physical Coordinates of the  parking site locations in Jaipur city.",Parking site,Transport Network Assets,MoHUA IUDX data,Jaipur Development Authority (2018),unknown,discrete locations,one-time,,,private,json,JDA,"Indian urban data exchange (2023) IUDX, NA",https://catalogue.cos.iudx.org.in/jaipur/dataset/5004baa8-a1ca-45f0-b639-4cef1ec6b089,Go to source URL
235,Smart Pole Locations In Jaipur City,"Name, address and Physical Coordinates of the smart pole location in Jaipur city",Smart Pole,Transport Network Assets,MoHUA IUDX data,Jaipur Development Authority (2018),unknown,discrete locations,one-time,,,private,json,JDA,"Indian urban data exchange (2023) IUDX, NA",https://catalogue.cos.iudx.org.in/jaipur/dataset/5004baa8-a1ca-45f0-b639-4cef1ec6b089,Go to source URL
237,Street Lights Data Jaipur,ward wise data of total no. of poles of LED Bulbs/NonLED Bulbs and  Number of street lights / poles per km of road,"Street lighting, ward wise",Transport Network Assets,Smartcities.gov.in data,Jaipur Municipal Corporation,unknown,region,one-time,,2018,open,csv,"CDO- Ajay Kumar, Jaipur Nagar Nigam","JSCL (2019) Ministry of housing and urban affairs,smart city data catalogue, NA",https://smartcities.data.gov.in/catalog/street-lights-data-jaipur,Go to source URL
240,Vcc System Locations In Jaipur City,"Name, ID,address and Physical Coordinates of the Vehicle Classification Camera(VCC)",VCC system,Transport Network Assets,MoHUA IUDX data,Jaipur Development Authority (2018),unknown,discrete locations,one-time,,,private,json,JDA,"Indian urban data exchange (2023) IUDX, NA",https://catalogue.cos.iudx.org.in/jaipur/dataset/5004baa8-a1ca-45f0-b639-4cef1ec6b089,Go to source URL
247,Transport Annual Progress Report,annual progress report from 2015-16 to 2021-22 in hindi,Transport Report,Transport Statistics,,Rajasthan,yearly,state,one-time,2015,2022,open,printed table,"Transport Department, Govt. of Rajasthan","Transport Department, Government of Rajasthan (n.d.), Transport Anuual Progress Report, NA",https://transport.rajasthan.gov.in/content/transportportal/en/transport/organisation/AnnualProgressReport.html.html#annualProgressReport,Go to source URL
243,Transport Annual Report 2022-23,annual administrative report for the year (2022-23),Administrative Report,Transport Statistics,,Rajasthan,yearly,state,one-time,2022,2023,open,printed table,"Department of transport and road safety, Rajasthan","Annual administrative report (2022-23), NA",https://transport.rajasthan.gov.in/content/dam/transport/transport-dept/pdf/Statistical-abstract2022-23/prashasnik%20prativedan%202022-23.pdf,Go to source URL
246,Transport Dept Yearbook 2018-19,"general information,routes and highways, permit and licences, revenue collection, vehicle statistics,road accidents, pollution control, enforcement, and miscellaneous data for Rajasthan(2019-20)","Transport Overview, Traffic and Infrastructure",Transport Statistics,,Rajasthan,yearly,state,one-time,2018,2019,open,printed table,"Transport Department, Govt. of Rajasthan","Transport Department, Government of Rajasthan (2018-19) STATISTICAL ABSTRACT, NA",https://transport.rajasthan.gov.in/content/dam/transport/transport-dept/pdf/statistical-abstract2018-19/Trasport%20Department%20Abstract%20Book%2018-19.pdf,Go to source URL
245,Transport Dept Yearbook 2019-20,"general information,routes and highways, permit and licences, revenue collection, vehicle statistics,road accidents, pollution control, enforcement, and miscellaneous data for Rajasthan(2019-20)","Rajasthan Transport, Traffic Infrastructure Statistics",Transport Statistics,,Rajasthan,yearly,state,one-time,2019,2020,open,printed table,"Transport Department, Govt. of Rajasthan","Transport Department, Government of Rajasthan (2019-20) STATISTICAL YEAR BOOK, NA",https://transport.rajasthan.gov.in/content/dam/transport/transport-dept/pdf/statistical2015-16/Transport%20Dept.%20Statistical%20Year%20Book.pdf,Go to source URL
244,Transport Dept Yearbook 2020-21,"general information,routes and highways, permit and licences, revenue collection, vehicle statistics,road accidents, pollution control, enforcement, and miscellaneous data for Rajasthan(2020-21)","highway, vcehicle statistics permit, license, revenue",Transport Statistics,,Rajasthan,yearly,state,one-time,2020,2021,open,printed table,"Transport Department, Govt. of Rajasthan","Transport Department, Government of Rajasthan (2020-21) STATISTICAL YEAR BOOK, NA",https://transport.rajasthan.gov.in/content/dam/transport/transport-dept/pdf/Statistical%20abstract%202020-21/Transport_Dept_Year_Book.pdf,Go to source URL
269,Average Occupancy,"location, direction and average occupancy data",occupancy rate,Travel Demand,,"Jaipur City, specific locations",unknown,city,one-time,,2009,open,printed table,Wilbur smith associates,"Traffic Study by Wilbur Smith Associates-2010, ANNEXURE - 2, pg. 125",https://www.tourism.rajasthan.gov.in/content/dam/transport/metro/Project/Traffic%20Study%20by%20Wilbur%20Smith%20Associates-2010/Traffic%20and%20Transportation%20Study%20For%20DPR%20For%20Proposed%20Jaipur%20Metro%20Feb%202010.pdf,Go to source URL
273,Average Trip Length By Various Modes,"mode, homebased,non-home based trips, avg. trip length(km)","mode, homebased trips, nonhome based trips, trip length",Travel Demand,,"Jaipur City, specific locations",unknown,city,one-time,,2017,open,printed table,"egis rail,egis india, feedback infra","JMRCL(2018) Comprehensive Mobility Plan - Urban Transport Sector Assessment Report for Jaipur City, Table 0-3 ( Egis survey)",https://transport.rajasthan.gov.in/content/dam/transport/metro/Project/DPR%20Phase%20II/CMP%20Executive%20Summary%20Final.pdf,Go to source URL
250,Classified Traffic Volume Counts,Location-wise Traffic (PCUs) and Share (%) at Outer Cordon Location,"PCUs, outer cordon",Travel Demand,L&T Infra Engineering Transport Study,Jaipur City,unknown,city,one-time,,2018,private,printed map,JDA,"L&T Infra Engineering (2022) Comprehensive Traffic and Transportation Study for Jaipur Region, vol1, Figure 3-1, p.g 3-6",Document not yet published,Not currently available
267,Journey Purpose At Outer Cordon (%),"purpose in % in mode(2 wheeler,car,auto,taxi) for work, business, education, social & recreation, tourism, others","journey purpose, outer cordon,",Travel Demand,,"Jaipur City, specific locations",unknown,city,one-time,,2009,open,printed table,Wilbur smith associates,"Wilbur Smith Associates(2010) Traffic and Transportation Study for Detailed Project Report for Proposed Jaipur Metro, ANNEXURE - 2, pg. 124",https://www.tourism.rajasthan.gov.in/content/dam/transport/metro/Project/Traffic%20Study%20by%20Wilbur%20Smith%20Associates-2010/Traffic%20and%20Transportation%20Study%20For%20DPR%20For%20Proposed%20Jaipur%20Metro%20Feb%202010.pdf,Go to source URL
258,Midblock Traffic Movement - 16 Hours & 24 Hours With Midblock Location Map,"Midblock traffic location and traffic movement towards North,south,east,west with the number of vehicles and PCUs",midblock traffic ,Travel Demand,,"Jaipur City, specific locations",unknown,city,one-time,,2009,open,printed table,Wilbur smith associates,"Wilbur Smith Associates(2010) Traffic and Transportation Study for Detailed Project Report for Proposed Jaipur Metro, Table 2.6, Table 2.7, Figure 2.10",https://www.tourism.rajasthan.gov.in/content/dam/transport/metro/Project/Traffic%20Study%20by%20Wilbur%20Smith%20Associates-2010/Traffic%20and%20Transportation%20Study%20For%20DPR%20For%20Proposed%20Jaipur%20Metro%20Feb%202010.pdf,Go to source URL
274,Modal Share Of Transport,Percentage of people who used different modes of transportation in 2009 and 2018.,Modal share,Travel Demand,,Jaipur City,unknown,city,one-time,2009,2009,open,printed table,JDA,"CMP ppt (n.d), pg. 29",https://cdn.cseindia.org/userfiles/comprehensive_mobility.pdf,Go to source URL
271,Mode Distribution In Jaipur (Including Walk),mode distribution with mode and total trips in %,"mode distribution, total trips, walk",Travel Demand,,"Jaipur City, specific locations",unknown,city,one-time,,2017,open,printed table,"egis rail,egis india, feedback infra","JMRCL(2018) Comprehensive Mobility Plan - Urban Transport Sector Assessment Report for Jaipur City, Table 0-1 (Egis survey)",https://transport.rajasthan.gov.in/content/dam/transport/metro/Project/DPR%20Phase%20II/CMP%20Executive%20Summary%20Final.pdf,Go to source URL
254,Origin and Destination (O-D) Survey,O-D sample size collected at outer cordon locations,"Oring & destination, outer cordon locations",Travel Demand,L&T Infra Engineering Transport Study,Jaipur City,unknown,city,one-time,,2018,private,printed table,JDA,"L&T Infra Engineering (2022) Comprehensive Traffic and Transportation Study for Jaipur Region, vol1, Table 3-13 pg 3-17",Document not yet published,Not currently available
260,Outer Cordon Traffic Movement - 24 Hours With Outer Cordon Location Map,Outer Cordon Traffic location and traffic movement inbound and outbound with the number of vehicles and PCUs,"traffic location, traffic movement, outer cordon ",Travel Demand,,"Jaipur City, specific locations",unknown,city,one-time,,2009,open,printed table,Wilbur smith associates,"Wilbur Smith Associates(2010) Traffic and Transportation Study for Detailed Project Report for Proposed Jaipur Metro, Table 2.9, Figure 2.11",https://www.tourism.rajasthan.gov.in/content/dam/transport/metro/Project/Traffic%20Study%20by%20Wilbur%20Smith%20Associates-2010/Traffic%20and%20Transportation%20Study%20For%20DPR%20For%20Proposed%20Jaipur%20Metro%20Feb%202010.pdf,Go to source URL
255,Passenger Travel Count,Jaipur metro ridership data  since JUn-2015,"travel count, ridership",Travel Demand,,Jaipur North Region,Monthly,city,one-time,2015,2024,open,printed table,JMRCL,"Jaipur Metro Rail Corporation Ltd. (2024), NA",https://transport.rajasthan.gov.in/content/transportportal/en/metro/PassengerInformation/passenger-travelled-count.html,Go to source URL
268,Peak Hour Passenger Count Data,"location, direction, no. of alighting passengers, no. of boarding passengers and total passenger","peak hour, passenger count, location, direction, alighting, boarding",Travel Demand,,"Jaipur City, specific locations",unknown,city,one-time,,2009,open,printed table,Wilbur smith associates,"Wilbur Smith Associates(2010) Traffic and Transportation Study for Detailed Project Report for Proposed Jaipur Metro, ANNEXURE - 2, pg. 124",https://www.tourism.rajasthan.gov.in/content/dam/transport/metro/Project/Traffic%20Study%20by%20Wilbur%20Smith%20Associates-2010/Traffic%20and%20Transportation%20Study%20For%20DPR%20For%20Proposed%20Jaipur%20Metro%20Feb%202010.pdf,Go to source URL
261,Peak Hour Traffic - Outer Cordon,"Peak Hour Traffic - Outer Cordon Locations with peak PCU, Daily PCU, and peak hour factor in %","peak hour traffic, peak hour factor, outer cordon, PCU",Travel Demand,,"Jaipur City, specific locations",unknown,city,one-time,,2009,open,printed table,Wilbur smith associates,"Wilbur Smith Associates(2010) Traffic and Transportation Study for Detailed Project Report for Proposed Jaipur Metro, Table 2.10",https://www.tourism.rajasthan.gov.in/content/dam/transport/metro/Project/Traffic%20Study%20by%20Wilbur%20Smith%20Associates-2010/Traffic%20and%20Transportation%20Study%20For%20DPR%20For%20Proposed%20Jaipur%20Metro%20Feb%202010.pdf,Go to source URL
259,Peak Hour Traffic At Midblock Locations,"Peak Hour Traffic at Midblock Locations with peak PCU,Daily PCU, peak hour factor in %","peak hour traffic, Midblock",Travel Demand,,"Jaipur City, specific locations",unknown,city,one-time,,2009,open,printed table,Wilbur smith associates,"Wilbur Smith Associates(2010) Traffic and Transportation Study for Detailed Project Report for Proposed Jaipur Metro, Table 2.8",https://www.tourism.rajasthan.gov.in/content/dam/transport/metro/Project/Traffic%20Study%20by%20Wilbur%20Smith%20Associates-2010/Traffic%20and%20Transportation%20Study%20For%20DPR%20For%20Proposed%20Jaipur%20Metro%20Feb%202010.pdf,Go to source URL
257,Peak Hour Traffic At Screen Line Locations,"Peak Hour Traffic at Screen Line Locations with peak PCU,Daily PCU, peak hour factor in %","peak hour traffic, PCU",Travel Demand,,"Jaipur City, specific locations",unknown,city,one-time,,2009,open,printed table,Wilbur smith associates,"Wilbur Smith Associates(2010) Traffic and Transportation Study for Detailed Project Report for Proposed Jaipur Metro, Table 2-5",https://www.tourism.rajasthan.gov.in/content/dam/transport/metro/Project/Traffic%20Study%20by%20Wilbur%20Smith%20Associates-2010/Traffic%20and%20Transportation%20Study%20For%20DPR%20For%20Proposed%20Jaipur%20Metro%20Feb%202010.pdf,Go to source URL
251,Peak Hour Traffic Characteristics,Peak hour traffic and its share in the daily traffic at inner cordon locations.,"Peak hour traffic, daily traffic",Travel Demand,L&T Infra Engineering Transport Study,Jaipur City,unknown,city,one-time,,2018,private,printed table,JDA,"L&T Infra Engineering (2022) Comprehensive Traffic and Transportation Study for Jaipur Region, vol1, Table 3-8, p.g 3-11",Document not yet published,Not currently available
266,Peak Hour Traffic Composition At Cordon Locations,"location, passenger,goods and slow moving vehicles traffic composition with further classification like standard bus,mofussil bus, other bus, cars, two wheeler etc.","traffic composition, cordon locations",Travel Demand,,"Jaipur City, specific locations",unknown,city,one-time,,2009,open,printed table,Wilbur smith associates,"Wilbur Smith Associates(2010) Traffic and Transportation Study for Detailed Project Report for Proposed Jaipur Metro, ANNEXURE - 2, pg. 122",https://www.tourism.rajasthan.gov.in/content/dam/transport/metro/Project/Traffic%20Study%20by%20Wilbur%20Smith%20Associates-2010/Traffic%20and%20Transportation%20Study%20For%20DPR%20For%20Proposed%20Jaipur%20Metro%20Feb%202010.pdf,Go to source URL
265,Peak Hour Traffic Composition At Midblock Locations,"location, passenger,goods and slow moving vehicles traffic composition with further classification like standard bus,mofussil bus, other bus, cars, two wheeler etc.","traffic composition, midblock",Travel Demand,,"Jaipur City, specific locations",unknown,city,one-time,,2009,open,printed table,Wilbur smith associates,"Wilbur Smith Associates(2010) Traffic and Transportation Study for Detailed Project Report for Proposed Jaipur Metro, ANNEXURE - 2, pg. 120",https://www.tourism.rajasthan.gov.in/content/dam/transport/metro/Project/Traffic%20Study%20by%20Wilbur%20Smith%20Associates-2010/Traffic%20and%20Transportation%20Study%20For%20DPR%20For%20Proposed%20Jaipur%20Metro%20Feb%202010.pdf,Go to source URL
264,Peak Hour Traffic Composition At Screen Line Locations,"location, passenger,goods and slow moving vehicles traffic composition with further classification like standard bus,mofussil bus, other bus, cars, two wheeler etc.","traffic composition, screen line",Travel Demand,,"Jaipur City, specific locations",unknown,city,one-time,,2009,open,printed table,Wilbur smith associates,"Wilbur Smith Associates(2010) Traffic and Transportation Study for Detailed Project Report for Proposed Jaipur Metro, ANNEXURE - 2, pg. 116",https://www.tourism.rajasthan.gov.in/content/dam/transport/metro/Project/Traffic%20Study%20by%20Wilbur%20Smith%20Associates-2010/Traffic%20and%20Transportation%20Study%20For%20DPR%20For%20Proposed%20Jaipur%20Metro%20Feb%202010.pdf,Go to source URL
275,Public Transport Mode Jaipur,Public transport mode share data ,Public mode share,Travel Demand,Smartcities.gov.in data,Jaipur City,unknown,city,one-time,2015,2018,open,csv,"CDO- Ajay Kumar, Jaipur Nagar Nigam","JSCL (2019) Ministry of housing and urban affairs,smart city data catalogue, NA",https://smartcities.data.gov.in/catalog/publictransportmodejaipur,Go to source URL
256,Screen Line Traffic Movement ‚Äì 16 Hours & 24 Hours With Screenline Location Map,"Screen line location and traffic movement towards North,south,east,west with the number of vehicles and PCUs","screenline, traffic, PCU",Travel Demand,,"Jaipur City, specific locations",unknown,city,one-time,,2009,open,printed table,Wilbur smith associates,"Wilbur Smith Associates(2010) Traffic and Transportation Study for Detailed Project Report for Proposed Jaipur Metro, Table 2-3, Table 2-4,  Figure 2.8",https://transport.rajasthan.gov.in/content/dam/transport/metro/Project/Traffic%20Study%20by%20Wilbur%20Smith%20Associates-2010/Traffic%20and%20Transportation%20Study%20For%20DPR%20For%20Proposed%20Jaipur%20Metro%20Feb%202010.pdf,Go to source URL
270,Speed And Delay,"corridor name, direction(towards), distance(km), average total time(sec), average delay(sec), average journey speed(kmph), running speed(kmph) data","corridor, direction, distance, average total time, average delay, average journey speed, running speed",Travel Demand,,"Jaipur City, specific locations",unknown,city,one-time,,2009,open,printed table,Wilbur smith associates,"Wilbur Smith Associates(2010) Traffic and Transportation Study for Detailed Project Report for Proposed Jaipur Metro, ANNEXURE - 2, pg. 126",https://www.tourism.rajasthan.gov.in/content/dam/transport/metro/Project/Traffic%20Study%20by%20Wilbur%20Smith%20Associates-2010/Traffic%20and%20Transportation%20Study%20For%20DPR%20For%20Proposed%20Jaipur%20Metro%20Feb%202010.pdf,Go to source URL
262,Speed And Delay: Peak Passengers Per Hour Per Direction (Pphpd) ‚Äì Major Corridors:,"Location of rods, rail network and the journey speed and  PPHPD on Major corridors","road, rail network, journey speed, PPHPD",Travel Demand,,"Jaipur City, specific locations",unknown,city,one-time,,2009,open,printed map,Wilbur smith associates,"Wilbur Smith Associates(2010) Traffic and Transportation Study for Detailed Project Report for Proposed Jaipur Metro, Figure 2.13, Figure 2.14",https://www.tourism.rajasthan.gov.in/content/dam/transport/metro/Project/Traffic%20Study%20by%20Wilbur%20Smith%20Associates-2010/Traffic%20and%20Transportation%20Study%20For%20DPR%20For%20Proposed%20Jaipur%20Metro%20Feb%202010.pdf,Go to source URL
272,Total Mechanized Trips Base Year 2017,"mode of transport, trips in lakhs and share in %","mechanized trips, base year, trips, mode of transport",Travel Demand,,"Jaipur City, specific locations",unknown,city,one-time,,2017,open,printed table,"egis rail,egis india, feedback infra","JMRCL(2018) Comprehensive Mobility Plan - Urban Transport Sector Assessment Report for Jaipur City, Table 0-2 (Estimate by Egis survey)",https://transport.rajasthan.gov.in/content/dam/transport/metro/Project/DPR%20Phase%20II/CMP%20Executive%20Summary%20Final.pdf,Go to source URL
252,Traffic Composition,Road-wise traffic composition at inner cordon locations,Traffic composition,Travel Demand,L&T Infra Engineering Transport Study,Jaipur City,unknown,city,one-time,,2018,private,printed table,JDA,"L&T Infra Engineering (2022) Comprehensive Traffic and Transportation Study for Jaipur Region, vol1, Table 3-9 pg no-3-12",Document not yet published,Not currently available
253,Traffic Volume,"Screen-line volume counts have been carried out at 68 locations across river and railway line
crossings along east-west and north-south corridor.","Screen-Line Volume Counts, Crossings
",Travel Demand,L&T Infra Engineering Transport Study,Jaipur City,unknown,city,one-time,,2018,private,printed map,JDA,"L&T Infra Engineering (2022) Comprehensive Traffic and Transportation Study for Jaipur Region, vol1, Figure3-5 pg 3-14",Document not yet published,Not currently available
249,Transportation Of Goods Vehicle Movement,Routes opted by the goods vehicles within the JDA are presented in this map.,"Goods vehicle, JDA",Travel Demand,L&T Infra Engineering Transport Study,Jaipur Development Authority (2018),unknown,region,one-time,,2018,private,printed map,JDA,"L&T Infra Engineering (2022) Comprehensive Traffic and Transportation Study for Jaipur Region, vol1, Fig. 2-29, Pg. 2-53",Document not yet published,Not currently available
263,"Travel Characteristics : Daily Trips,Hourly Distribution,Mode Share, Average Trip Length, And Trip Length Distribution","Daily trips,Hourly Distribution,Mode Share, Average Trip Length, and Trip length distribution graphs and tables ","daily trips, hourly distribution, mode share, average trip length, trip length distribution",Travel Demand,,"Jaipur City, specific locations",unknown,city,one-time,,2009,open,printed table,Wilbur smith associates,"Wilbur Smith Associates(2010) Traffic and Transportation Study for Detailed Project Report for Proposed Jaipur Metro, Table 2.11,Table 2.12, Figure 2.15, Figure 2.16 ",https://www.tourism.rajasthan.gov.in/content/dam/transport/metro/Project/Traffic%20Study%20by%20Wilbur%20Smith%20Associates-2010/Traffic%20and%20Transportation%20Study%20For%20DPR%20For%20Proposed%20Jaipur%20Metro%20Feb%202010.pdf,Go to source URL
276,Dmic Corridor Along With Its Influence Zone,DMIC corridor along with its influence zone,"DMIC Corridor, Influence Zone",Urban Development,master plan map,Jaipur Region,unknown,region,one-time,,2001,open,printed map,JDA,"JDA (2011) Master Development Plan 2025, vol1, Map 2-12, pg.63",https://jda.rajasthan.gov.in/content/dam/raj/udh/development-authority/jda-jaipur/pdf/MDP/Vol1.pdf,Go to source URL
281,Existing Development Area Boundary Of Jaipur Region,Map outlining the boundaries of existing development areas in Jaipur Region.,"Boundaries, Jaipur region",Urban Development,master plan map,Jaipur Region,unknown,region,one-time,,2011,open,printed map,JDA,"JDA (2011) Master Development Plan 2025, vol1, Map 4-1, pg. 216",https://jda.rajasthan.gov.in/content/dam/raj/udh/development-authority/jda-jaipur/pdf/MDP/Vol1.pdf,Go to source URL
280,Growth Direction Of Jaipur Region,Availability of the expansion trajectory of Jaipur region,"Trajectory, Jaipur region",Urban Development,L&T Infra Engineering Transport Study,Jaipur District,unknown,district,one-time,,2018,private,printed map,JDA,"L&T Infra Engineering (2022) Comprehensive Traffic and Transportation Study for Jaipur Region, vol1, Figure 6-2 pg 6-4",Document not yet published,Not currently available
277,Growth Nodes By 2025 Jaipur District,Projections of key growth areas in Jaipur District by 2025.,"key growth area, Jaipur district, 2025",Urban Development,master plan map,Jaipur District,unknown,district,one-time,,2001,open,printed map,JDA,"JDA (2011) Master Development Plan 2025, vol1, Map 2-47, pg. 124",https://jda.rajasthan.gov.in/content/dam/raj/udh/development-authority/jda-jaipur/pdf/MDP/Vol1.pdf,Go to source URL
278,Jaipur Region-2025,Jaipur Region by 2025.,Jaipur region 2025,Urban Development,master plan map,Jaipur Region,unknown,region,one-time,,2011,open,printed map,JDA,"JDA (2011) Master Development Plan 2025, vol1, Map 3-1, pg. 128",https://jda.rajasthan.gov.in/content/dam/raj/udh/development-authority/jda-jaipur/pdf/MDP/Vol1.pdf,Go to source URL
279,Satellite Towns And Growth Centers In Jaipur Region,Satellite towns and growth centers are proposed in the Jaipur Region,"Satellite towns, growth centres, jaipur region",Urban Development,L&T Infra Engineering Transport Study,Jaipur Region,unknown,region,one-time,,2018,private,printed table,JDA,"L&T Infra Engineering (2022) Comprehensive Traffic and Transportation Study for Jaipur Region, vol1, Table 6-2 Pg 6-5",Document not yet published,Not currently available
287,Door To Door Collection Of Solid Waste In Jaipur,Total no. of households and establishments covered through doorstep collection ward wise,"Doorstep collection, ward wise",Waste Management,Smartcities.gov.in data,Jaipur City,unknown,city,one-time,,2018,open,csv,"CDO- Ajay Kumar, Jaipur Nagar Nigam","JSCL (2019) Ministry of housing and urban affairs,smart city data catalogue, NA",https://smartcities.data.gov.in/catalog/door-door-collection-solid-waste-jaipur,Go to source URL
283,Public Toilets Jaipur,Sewage network and details the spread of public toilets available within an area based on ward in the city,"public toilets, ward, area, jaipur, location",Waste Management,Smartcities.gov.in data,Jaipur City,unknown,city,one-time,,2018,open,csv,"CDO- Ajay Kumar, Jaipur Nagar Nigam","JSCL (2019) Ministry of housing and urban affairs,smart city data catalogue, NA",https://smartcities.data.gov.in/catalog/public-toilets-jaipur,Go to source URL
286,Solid Waste Collection Vehicle Jaipur,Types of waste collection vehicle used in different wards of jaipur city,"vehicle, waste collection, Jaipur city",Waste Management,Smartcities.gov.in data,Jaipur City,unknown,city,one-time,,2018,open,csv,"CDO- Ajay Kumar, Jaipur Nagar Nigam","JSCL (2019) Ministry of housing and urban affairs,smart city data catalogue, NA",https://smartcities.data.gov.in/catalog/solidwastecollectionvehiclejaipur,Go to source URL
284,Solid Waste D2d Collection Jaipur,Ward wise total door to door solid waste collection,"solid waste collection, door to door, jaipur",Waste Management,Smartcities.gov.in data,Jaipur City,unknown,city,one-time,,2018,open,csv,"CDO- Ajay Kumar, Jaipur Nagar Nigam","JSCL (2019) Ministry of housing and urban affairs,smart city data catalogue, NA",https://smartcities.data.gov.in/catalog/solidwasted2dcollectionjaipur,Go to source URL
282,Solid Waste Disposal Data Jaipur,"Disposal/SLF sites, type of waste,distance from city centre,operation since and quantity(TPD) in Jaipur City.","solid waste, jaipur, TPD",Waste Management,Smartcities.gov.in data,Jaipur City,unknown,city,one-time,,2018,open,csv,"CDO- Ajay Kumar, Jaipur Nagar Nigam","JSCL (2019) Ministry of housing and urban affairs,smart city data catalogue, NA",https://smartcities.data.gov.in/catalog/solidwastedisposaldatajaipur,Go to source URL
285,Solid Waste Processing Jaipur,"Type of Waste, Quantity, Process technology, Plant location (address), Plant capacity (TPD), Waste to Energy initiative (Y/N), Power generated by Waste-to-Energy initiative (in MW)","solid waste, processing, capacity, jaipur, plant",Waste Management,Smartcities.gov.in data,Jaipur City,unknown,city,one-time,,2018,open,csv,"CDO- Ajay Kumar, Jaipur Nagar Nigam","JSCL (2019) Ministry of housing and urban affairs,smart city data catalogue, NA",https://smartcities.data.gov.in/catalog/solid-waste-processing-jaipur,Go to source URL
288,Solid Waste Segregation Jaipur,Total no. of ward wise No. of Households with waste segregation,"Waste segregation, ward wise",Waste Management,Smartcities.gov.in data,Jaipur City,unknown,city,one-time,,2018,open,csv,"CDO- Ajay Kumar, Jaipur Nagar Nigam","JSCL (2019) Ministry of housing and urban affairs,smart city data catalogue, NA",https://smartcities.data.gov.in/catalog/solidwastesegregationjaipur,Go to source URL
289,Waste Management Revenue Expenditure Data Jaipur,Annual expenditure and revenue generated (in lakhs) in waste management.,"Expenditure, Revenue",Waste Management,Smartcities.gov.in data,Jaipur City,unknown,city,one-time,2015,2018,open,csv,"CDO- Ajay Kumar, Jaipur Nagar Nigam","JSCL (2019) Ministry of housing and urban affairs,smart city data catalogue, NA",https://smartcities.data.gov.in/catalog/waste-management-revenue-expenditure-data-jaipur,Go to source URL