{
"type": "FeatureCollection",
"name": "CycleRoute_Station_W77",
"crs": { "type": "name", "properties": { "name": "urn:ogc:def:crs:OGC:1.3:CRS84" } },
"features": [
{ "type": "Feature", "properties": { "FID_1": 54, "OBJECTID": 0.0, "ref": "NH21", "Shape_Leng": 0.0, "Type": "National Highway", "FID_2": 53, "osm_id": 28814984.0, "name_1": "Jawahar Circle", "type_1": "primary", "oneway": 1, "maxspeed": 60, "Labels": null }, "geometry": { "type": "MultiLineString", "coordinates": [ [ [ 75.8020108, 26.837822300000084 ], [ 75.801752500000134, 26.837716700000044 ], [ 75.801207399999953, 26.837610300000108 ], [ 75.800844900000016, 26.8375807 ], [ 75.800535200000127, 26.837620400000048 ], [ 75.800515500000074, 26.837624400000038 ], [ 75.800332300000036, 26.837664800000027 ], [ 75.800162800000066, 26.837702100000058 ], [ 75.800128700000073, 26.837707800000032 ], [ 75.799940699999979, 26.837773 ], [ 75.799549700000114, 26.837968100000069 ], [ 75.799432500000023, 26.838056100000074 ], [ 75.799170800000013, 26.8382527 ], [ 75.798829700000056, 26.838645199999974 ], [ 75.798802700000124, 26.83868480000001 ], [ 75.7986722, 26.838881200000117 ], [ 75.798626600000148, 26.8390106 ], [ 75.798437799999988, 26.839547 ], [ 75.798465800000145, 26.839780799999971 ], [ 75.798501100000067, 26.840175 ], [ 75.798599200000012, 26.840519400000119 ], [ 75.798730800000044, 26.840799300000015 ], [ 75.798833700000046, 26.840955800000017 ], [ 75.798894900000107, 26.841048800000067 ], [ 75.799115700000073, 26.841298699999925 ], [ 75.7994559, 26.841575300000102 ], [ 75.7998207, 26.841779400000121 ], [ 75.799911900000097, 26.841813500000114 ], [ 75.800259900000071, 26.8419351 ], [ 75.800739000000135, 26.842015200000105 ], [ 75.800959100000057, 26.8420228 ], [ 75.800979300000108, 26.842023500000039 ], [ 75.801206400000069, 26.84201870000004 ], [ 75.801246, 26.842016300000012 ], [ 75.801311500000054, 26.842006 ], [ 75.80149590000002, 26.841964000000132 ], [ 75.801583199999982, 26.841952 ], [ 75.8016844, 26.841919299999972 ], [ 75.801819499999965, 26.841875600000094 ], [ 75.802017700000022, 26.841811500000119 ], [ 75.802099900000087, 26.84176709999997 ], [ 75.802458200000103, 26.84157370000014 ], [ 75.802590900000041, 26.841465600000106 ], [ 75.8026701, 26.841401100000098 ], [ 75.80275180000001, 26.841334500000073 ], [ 75.803033200000073, 26.84101980000014 ], [ 75.803085600000145, 26.840934600000026 ] ], [ [ 75.803337399999975, 26.840261300000066 ], [ 75.803386400000136, 26.839959499999964 ], [ 75.803375299999914, 26.839557100000093 ], [ 75.803275500000041, 26.83917109999993 ], [ 75.803249199999982, 26.839109600000029 ], [ 75.803131300000018, 26.838834599999984 ], [ 75.802953800000068, 26.838550899999973 ], [ 75.802684399999976, 26.83827 ], [ 75.802591100000086, 26.838185500000122 ] ] ] } },
{ "type": "Feature", "properties": { "FID_1": 70, "OBJECTID": 0.0, "ref": null, "Shape_Leng": 0.0, "Type": "Major", "FID_2": 28336, "osm_id": 864700210.0, "name_1": "Jawahar Circle", "type_1": "primary", "oneway": 1, "maxspeed": 60, "Labels": null }, "geometry": { "type": "MultiLineString", "coordinates": [ [ [ 75.8030856, 26.8409346 ], [ 75.8031653, 26.840805 ], [ 75.803306, 26.8404551 ] ] ] } },
{ "type": "Feature", "properties": { "FID_1": 78, "OBJECTID": 0.0, "ref": null, "Shape_Leng": 0.0, "Type": "Major", "FID_2": 28493, "osm_id": 865256422.0, "name_1": "Jawahar Circle", "type_1": "primary", "oneway": 1, "maxspeed": 60, "Labels": null }, "geometry": { "type": "MultiLineString", "coordinates": [ [ [ 75.8025911, 26.8381855 ], [ 75.8025268, 26.8381274 ], [ 75.8024954, 26.838099 ], [ 75.8024287, 26.83804 ], [ 75.8022926, 26.837956 ] ] ] } },
{ "type": "Feature", "properties": { "FID_1": 79, "OBJECTID": 0.0, "ref": null, "Shape_Leng": 0.0, "Type": "Major", "FID_2": 28494, "osm_id": 865256423.0, "name_1": "Jawahar Circle", "type_1": "primary", "oneway": 1, "maxspeed": 60, "Labels": null }, "geometry": { "type": "MultiLineString", "coordinates": [ [ [ 75.8022926, 26.837956 ], [ 75.8022033, 26.837901 ], [ 75.8021516, 26.8378799 ], [ 75.8020108, 26.8378223 ] ] ] } },
{ "type": "Feature", "properties": { "FID_1": 80, "OBJECTID": 0.0, "ref": null, "Shape_Leng": 0.0, "Type": "Major", "FID_2": 28495, "osm_id": 865256424.0, "name_1": "Jawahar Circle", "type_1": "primary", "oneway": 1, "maxspeed": 60, "Labels": null }, "geometry": { "type": "MultiLineString", "coordinates": [ [ [ 75.803306, 26.8404551 ], [ 75.8033374, 26.8402613 ] ] ] } },
{ "type": "Feature", "properties": { "FID_1": 1366, "OBJECTID": 0.0, "ref": null, "Shape_Leng": 0.0, "Type": "Major", "FID_2": 48, "osm_id": 28814897.0, "name_1": "GANDHI CIRCLE", "type_1": "primary", "oneway": 0, "maxspeed": 0, "Labels": null }, "geometry": { "type": "MultiLineString", "coordinates": [ [ [ 75.8127559, 26.8844685 ], [ 75.8127423, 26.8844318 ], [ 75.8126742, 26.8843498 ], [ 75.8125936, 26.8842955 ], [ 75.8125486, 26.8842657 ], [ 75.8124553, 26.8842563 ], [ 75.8123288, 26.8842868 ], [ 75.8122803, 26.884336 ], [ 75.8122426, 26.8844024 ], [ 75.8122061, 26.8844757 ], [ 75.8121841, 26.8845735 ], [ 75.8121951, 26.8846825 ] ] ] } },
{ "type": "Feature", "properties": { "FID_1": 1315, "OBJECTID": 0.0, "ref": null, "Shape_Leng": 0.0, "Type": "Major", "FID_2": 888, "osm_id": 163691417.0, "name_1": "JLN Marg Flyover", "type_1": "primary", "oneway": 1, "maxspeed": 0, "Labels": null }, "geometry": { "type": "MultiLineString", "coordinates": [ [ [ 75.8063346, 26.8607993 ], [ 75.8063756, 26.8609509 ], [ 75.8064424, 26.8613606 ] ] ] } },
{ "type": "Feature", "properties": { "FID_1": 1316, "OBJECTID": 0.0, "ref": null, "Shape_Leng": 0.0, "Type": "Major", "FID_2": 891, "osm_id": 163691424.0, "name_1": "JLN Marg Flyover", "type_1": "primary", "oneway": 1, "maxspeed": 0, "Labels": null }, "geometry": { "type": "MultiLineString", "coordinates": [ [ [ 75.8049421, 26.8555975 ], [ 75.8051379, 26.8563118 ], [ 75.805292, 26.8568853 ], [ 75.8054614, 26.8575329 ], [ 75.8057301, 26.858558 ], [ 75.8058213, 26.8589122 ], [ 75.8059897, 26.8595275 ], [ 75.8062232, 26.860387 ] ] ] } },
{ "type": "Feature", "properties": { "FID_1": 1405, "OBJECTID": 0.0, "ref": null, "Shape_Leng": 0.0, "Type": "Major", "FID_2": 1637, "osm_id": 230927436.0, "name_1": "JLN Marg", "type_1": "primary", "oneway": 1, "maxspeed": 0, "Labels": null }, "geometry": { "type": "MultiLineString", "coordinates": [ [ [ 75.8162633, 26.8987466 ], [ 75.8161748, 26.8985955 ], [ 75.8161502, 26.8985534 ], [ 75.8158875, 26.8975249 ], [ 75.8156971, 26.8967793 ], [ 75.8155523, 26.8962387 ], [ 75.815251, 26.8949277 ], [ 75.8152327, 26.8948572 ], [ 75.8152122, 26.8947782 ], [ 75.8151567, 26.894562 ], [ 75.8151504, 26.8945374 ], [ 75.8149057, 26.8936274 ], [ 75.8146318, 26.8924622 ], [ 75.8146307, 26.8924588 ], [ 75.8145703, 26.8922754 ], [ 75.8145079, 26.8920855 ] ] ] } },
{ "type": "Feature", "properties": { "FID_1": 1317, "OBJECTID": 0.0, "ref": null, "Shape_Leng": 0.0, "Type": "Major", "FID_2": 1803, "osm_id": 244089588.0, "name_1": "JLN Marg", "type_1": "primary", "oneway": 1, "maxspeed": 50, "Labels": null }, "geometry": { "type": "MultiLineString", "coordinates": [ [ [ 75.8064424, 26.8613606 ], [ 75.8066788, 26.8622436 ], [ 75.8066949, 26.8623086 ], [ 75.8067573, 26.8625601 ], [ 75.8069822, 26.8634667 ], [ 75.8072013, 26.8643498 ], [ 75.8072086, 26.8643793 ], [ 75.8072676, 26.8646168 ], [ 75.8073266, 26.864836 ], [ 75.8074407, 26.865248 ] ] ] } },
{ "type": "Feature", "properties": { "FID_1": 1318, "OBJECTID": 0.0, "ref": null, "Shape_Leng": 0.0, "Type": "Major", "FID_2": 1804, "osm_id": 244089590.0, "name_1": "JLN Marg", "type_1": "primary", "oneway": 1, "maxspeed": 50, "Labels": null }, "geometry": { "type": "MultiLineString", "coordinates": [ [ [ 75.8089828, 26.8712301 ], [ 75.8090157, 26.8713728 ], [ 75.8090986, 26.8716779 ], [ 75.8091203, 26.8717577 ], [ 75.8095891, 26.8735596 ], [ 75.8097104, 26.8740314 ], [ 75.8099085, 26.874789 ], [ 75.810035, 26.8752784 ], [ 75.8100578, 26.875354 ] ] ] } },
{ "type": "Feature", "properties": { "FID_1": 1368, "OBJECTID": 0.0, "ref": null, "Shape_Leng": 0.0, "Type": "Major", "FID_2": 6137, "osm_id": 374926090.0, "name_1": "JLN Marg", "type_1": "primary", "oneway": 1, "maxspeed": 50, "Labels": null }, "geometry": { "type": "MultiLineString", "coordinates": [ [ [ 75.8124553, 26.8842563 ], [ 75.8115952, 26.880867 ], [ 75.8113083, 26.8798516 ], [ 75.8111591, 26.87926 ], [ 75.8107605, 26.8776802 ], [ 75.8105717, 26.8769317 ], [ 75.8104183, 26.8763236 ], [ 75.8101753, 26.8753276 ], [ 75.8101653, 26.8752938 ] ] ] } },
{ "type": "Feature", "properties": { "FID_1": 1325, "OBJECTID": 0.0, "ref": null, "Shape_Leng": 0.0, "Type": "Major", "FID_2": 6414, "osm_id": 374934610.0, "name_1": "JLN Marg", "type_1": "primary", "oneway": 1, "maxspeed": 0, "Labels": null }, "geometry": { "type": "MultiLineString", "coordinates": [ [ [ 75.8065351, 26.8612961 ], [ 75.8063092, 26.8604618 ] ] ] } },
{ "type": "Feature", "properties": { "FID_1": 1329, "OBJECTID": 0.0, "ref": null, "Shape_Leng": 0.0, "Type": "Major", "FID_2": 6425, "osm_id": 374934622.0, "name_1": "JLN Marg Flyover", "type_1": "primary", "oneway": 1, "maxspeed": 0, "Labels": null }, "geometry": { "type": "MultiLineString", "coordinates": [ [ [ 75.8062784, 26.8603482 ], [ 75.8061377, 26.8597385 ], [ 75.8060772, 26.8594972 ], [ 75.8059341, 26.8589606 ], [ 75.805865, 26.8586973 ], [ 75.8053654, 26.856788 ] ] ] } },
{ "type": "Feature", "properties": { "FID_1": 1333, "OBJECTID": 0.0, "ref": null, "Shape_Leng": 0.0, "Type": "Major", "FID_2": 25608, "osm_id": 569968702.0, "name_1": "JLN Marg Flyover", "type_1": "primary", "oneway": 1, "maxspeed": 0, "Labels": null }, "geometry": { "type": "MultiLineString", "coordinates": [ [ [ 75.8053654, 26.856788 ], [ 75.8051042, 26.8558057 ] ] ] } },
{ "type": "Feature", "properties": { "FID_1": 1425, "OBJECTID": 0.0, "ref": null, "Shape_Leng": 0.0, "Type": "Major", "FID_2": 27789, "osm_id": 759848590.0, "name_1": "JLN Marg", "type_1": "primary", "oneway": 1, "maxspeed": 0, "Labels": null }, "geometry": { "type": "MultiLineString", "coordinates": [ [ [ 75.8143882, 26.892143 ], [ 75.8144077, 26.8922021 ], [ 75.8144686, 26.8924061 ], [ 75.8145274, 26.8925984 ], [ 75.8146444, 26.8930269 ], [ 75.8146851, 26.8932176 ], [ 75.814761, 26.8935246 ], [ 75.8148003, 26.8936834 ], [ 75.8149846, 26.8944509 ], [ 75.8150775, 26.894838 ], [ 75.8151145, 26.8949817 ], [ 75.8152868, 26.8956273 ], [ 75.8156203, 26.8969203 ], [ 75.8157594, 26.8974584 ], [ 75.8160197, 26.8986169 ], [ 75.8160381, 26.8987807 ] ] ] } },
{ "type": "Feature", "properties": { "FID_1": 1377, "OBJECTID": 0.0, "ref": null, "Shape_Leng": 0.0, "Type": "Major", "FID_2": 27791, "osm_id": 759848592.0, "name_1": "JLN Marg", "type_1": "primary", "oneway": 1, "maxspeed": 0, "Labels": null }, "geometry": { "type": "MultiLineString", "coordinates": [ [ [ 75.8144778, 26.8919611 ], [ 75.8144342, 26.8918256 ], [ 75.8143222, 26.8915883 ], [ 75.8142644, 26.8913782 ], [ 75.8141737, 26.8909664 ], [ 75.813831, 26.889569 ], [ 75.8136243, 26.8887341 ], [ 75.8135854, 26.8886213 ], [ 75.8131326, 26.8868115 ], [ 75.8129436, 26.8859845 ], [ 75.8127148, 26.8851624 ], [ 75.8126587, 26.884941 ] ] ] } },
{ "type": "Feature", "properties": { "FID_1": 1343, "OBJECTID": 0.0, "ref": null, "Shape_Leng": 0.0, "Type": "Major", "FID_2": 28305, "osm_id": 864605429.0, "name_1": "JLN Marg", "type_1": "primary", "oneway": 1, "maxspeed": 50, "Labels": null }, "geometry": { "type": "MultiLineString", "coordinates": [ [ [ 75.8101653, 26.8752938 ], [ 75.810155, 26.8752551 ], [ 75.8099839, 26.8746116 ], [ 75.8098815, 26.8742267 ], [ 75.809225, 26.8717577 ], [ 75.8091833, 26.8716077 ], [ 75.8091329, 26.8713879 ] ] ] } },
{ "type": "Feature", "properties": { "FID_1": 1373, "OBJECTID": 0.0, "ref": null, "Shape_Leng": 0.0, "Type": "Major", "FID_2": 28306, "osm_id": 864605431.0, "name_1": "JLN Marg", "type_1": "primary", "oneway": 1, "maxspeed": 50, "Labels": null }, "geometry": { "type": "MultiLineString", "coordinates": [ [ [ 75.8100578, 26.875354 ], [ 75.8101132, 26.8755913 ], [ 75.8104612, 26.8769558 ], [ 75.8106948, 26.8778637 ], [ 75.811198, 26.8799228 ], [ 75.8115317, 26.8812104 ], [ 75.812047, 26.8831719 ], [ 75.8123288, 26.8842868 ] ] ] } },
{ "type": "Feature", "properties": { "FID_1": 1350, "OBJECTID": 0.0, "ref": null, "Shape_Leng": 0.0, "Type": "Major", "FID_2": 28551, "osm_id": 865638312.0, "name_1": "JLN Marg", "type_1": "primary", "oneway": 1, "maxspeed": 50, "Labels": null }, "geometry": { "type": "MultiLineString", "coordinates": [ [ [ 75.807645, 26.8660812 ], [ 75.8079832, 26.867365 ], [ 75.8080591, 26.8676595 ], [ 75.8080723, 26.8677152 ], [ 75.8080861, 26.8677641 ] ] ] } },
{ "type": "Feature", "properties": { "FID_1": 1351, "OBJECTID": 0.0, "ref": null, "Shape_Leng": 0.0, "Type": "Major", "FID_2": 28554, "osm_id": 865638315.0, "name_1": "JLN Marg", "type_1": "primary", "oneway": 1, "maxspeed": 50, "Labels": null }, "geometry": { "type": "MultiLineString", "coordinates": [ [ [ 75.8075818, 26.8652113 ], [ 75.8075331, 26.8649852 ], [ 75.8068491, 26.8624439 ], [ 75.8068227, 26.8623457 ], [ 75.8067199, 26.8619936 ], [ 75.8065919, 26.8615555 ], [ 75.8065351, 26.8612961 ] ] ] } },
{ "type": "Feature", "properties": { "FID_1": 1352, "OBJECTID": 0.0, "ref": null, "Shape_Leng": 0.0, "Type": "Major", "FID_2": 28556, "osm_id": 865638321.0, "name_1": "JLN Marg", "type_1": "primary", "oneway": 1, "maxspeed": 50, "Labels": null }, "geometry": { "type": "MultiLineString", "coordinates": [ [ [ 75.8080861, 26.8677641 ], [ 75.8081052, 26.8678378 ], [ 75.8083083, 26.8685913 ] ] ] } },
{ "type": "Feature", "properties": { "FID_1": 1353, "OBJECTID": 0.0, "ref": null, "Shape_Leng": 0.0, "Type": "Major", "FID_2": 28557, "osm_id": 865638322.0, "name_1": "JLN Marg", "type_1": "primary", "oneway": 1, "maxspeed": 50, "Labels": null }, "geometry": { "type": "MultiLineString", "coordinates": [ [ [ 75.8087842, 26.8705181 ], [ 75.8089828, 26.8712301 ] ] ] } },
{ "type": "Feature", "properties": { "FID_1": 1354, "OBJECTID": 0.0, "ref": null, "Shape_Leng": 0.0, "Type": "Major", "FID_2": 28558, "osm_id": 865638323.0, "name_1": "JLN Marg", "type_1": "primary", "oneway": 1, "maxspeed": 50, "Labels": null }, "geometry": { "type": "MultiLineString", "coordinates": [ [ [ 75.808977, 26.8708014 ], [ 75.8089366, 26.8706421 ], [ 75.8088749, 26.870397 ], [ 75.8088394, 26.8702307 ], [ 75.8085532, 26.8690439 ], [ 75.8082979, 26.8680076 ], [ 75.8082494, 26.8678108 ], [ 75.8082302, 26.8677327 ] ] ] } },
{ "type": "Feature", "properties": { "FID_1": 1355, "OBJECTID": 0.0, "ref": null, "Shape_Leng": 0.0, "Type": "Major", "FID_2": 28559, "osm_id": 865638324.0, "name_1": "JLN Marg", "type_1": "primary", "oneway": 1, "maxspeed": 50, "Labels": null }, "geometry": { "type": "MultiLineString", "coordinates": [ [ [ 75.8091329, 26.8713879 ], [ 75.8090888, 26.8712037 ], [ 75.8090493, 26.8710505 ], [ 75.8090138, 26.8709099 ], [ 75.808977, 26.8708014 ] ] ] } },
{ "type": "Feature", "properties": { "FID_1": 1358, "OBJECTID": 0.0, "ref": null, "Shape_Leng": 0.0, "Type": "Major", "FID_2": 39787, "osm_id": 1190869092.0, "name_1": "JLN Marg", "type_1": "primary", "oneway": 1, "maxspeed": 50, "Labels": null }, "geometry": { "type": "MultiLineString", "coordinates": [ [ [ 75.8074407, 26.865248 ], [ 75.8075078, 26.8655326 ], [ 75.807645, 26.8660812 ] ] ] } },
{ "type": "Feature", "properties": { "FID_1": 1359, "OBJECTID": 0.0, "ref": null, "Shape_Leng": 0.0, "Type": "Major", "FID_2": 39789, "osm_id": 1190869094.0, "name_1": "JLN Marg", "type_1": "primary", "oneway": 1, "maxspeed": 50, "Labels": null }, "geometry": { "type": "MultiLineString", "coordinates": [ [ [ 75.8082302, 26.8677327 ], [ 75.8082181, 26.8676865 ], [ 75.8082023, 26.8676263 ], [ 75.8081446, 26.8674059 ], [ 75.807957, 26.8666743 ], [ 75.8075818, 26.8652113 ] ] ] } },
{ "type": "Feature", "properties": { "FID_1": 1374, "OBJECTID": 0.0, "ref": null, "Shape_Leng": 0.0, "Type": "Major", "FID_2": 40852, "osm_id": 1208475533.0, "name_1": "GANDHI CIRCLE", "type_1": "primary", "oneway": 0, "maxspeed": 0, "Labels": null }, "geometry": { "type": "MultiLineString", "coordinates": [ [ [ 75.8121951, 26.8846825 ], [ 75.8122361, 26.8847954 ], [ 75.8122982, 26.8848767 ], [ 75.8123654, 26.8849243 ], [ 75.8124991, 26.8849717 ], [ 75.8125889, 26.8849702 ], [ 75.8126587, 26.884941 ], [ 75.8127126, 26.8848943 ], [ 75.8127625, 26.8848301 ], [ 75.8128, 26.8847509 ], [ 75.8128058, 26.88464 ], [ 75.8127899, 26.8845737 ] ] ] } },
{ "type": "Feature", "properties": { "FID_1": 1361, "OBJECTID": 0.0, "ref": null, "Shape_Leng": 0.0, "Type": "Major", "FID_2": 44587, "osm_id": 1246883749.0, "name_1": "JLN Marg", "type_1": "primary", "oneway": 1, "maxspeed": 50, "Labels": null }, "geometry": { "type": "MultiLineString", "coordinates": [ [ [ 75.8083083, 26.8685913 ], [ 75.8086219, 26.8698298 ], [ 75.8087842, 26.8705181 ] ] ] } },
{ "type": "Feature", "properties": { "FID_1": 1363, "OBJECTID": 0.0, "ref": null, "Shape_Leng": 0.0, "Type": "Major", "FID_2": 47609, "osm_id": 1315847306.0, "name_1": "JLN Marg Flyover", "type_1": "primary", "oneway": 1, "maxspeed": 0, "Labels": null }, "geometry": { "type": "MultiLineString", "coordinates": [ [ [ 75.8051042, 26.8558057 ], [ 75.8050813, 26.855702 ] ] ] } },
{ "type": "Feature", "properties": { "FID_1": 1364, "OBJECTID": 0.0, "ref": null, "Shape_Leng": 0.0, "Type": "Major", "FID_2": 47610, "osm_id": 1315847307.0, "name_1": "JLN Marg Flyover", "type_1": "primary", "oneway": 1, "maxspeed": 60, "Labels": null }, "geometry": { "type": "MultiLineString", "coordinates": [ [ [ 75.8049104, 26.8554852 ], [ 75.8049421, 26.8555975 ] ] ] } },
{ "type": "Feature", "properties": { "FID_1": 1365, "OBJECTID": 0.0, "ref": null, "Shape_Leng": 0.0, "Type": "Major", "FID_2": 47611, "osm_id": 1315847308.0, "name_1": "JLN Marg Flyover", "type_1": "primary", "oneway": 1, "maxspeed": 0, "Labels": null }, "geometry": { "type": "MultiLineString", "coordinates": [ [ [ 75.8062232, 26.860387 ], [ 75.8063346, 26.8607993 ] ] ] } },
{ "type": "Feature", "properties": { "FID_1": 1311, "OBJECTID": 0.0, "ref": null, "Shape_Leng": 0.0, "Type": "Major", "FID_2": 49, "osm_id": 28814911.0, "name_1": null, "type_1": "primary", "oneway": 1, "maxspeed": 60, "Labels": null }, "geometry": { "type": "MultiLineString", "coordinates": [ [ [ 75.8015218, 26.8423678 ], [ 75.8019958, 26.8443888 ], [ 75.8020541, 26.8446223 ], [ 75.8020587, 26.8446407 ], [ 75.8023554, 26.8458291 ], [ 75.8023747, 26.8459036 ], [ 75.8023809, 26.8459275 ], [ 75.8023921, 26.8459711 ], [ 75.8026303, 26.8468914 ], [ 75.8031013, 26.8487342 ], [ 75.8031236, 26.8488216 ], [ 75.8031457, 26.848905 ], [ 75.8031634, 26.8489726 ], [ 75.8032036, 26.8491247 ], [ 75.8033026, 26.8495 ], [ 75.8039209, 26.8518953 ], [ 75.8039718, 26.8521006 ], [ 75.8040916, 26.8524698 ], [ 75.8041312, 26.8526223 ], [ 75.8046079, 26.8544605 ], [ 75.8048794, 26.8553751 ], [ 75.8049104, 26.8554852 ] ] ] } },
{ "type": "Feature", "properties": { "FID_1": 1327, "OBJECTID": 0.0, "ref": null, "Shape_Leng": 0.0, "Type": "Major", "FID_2": 6418, "osm_id": 374934614.0, "name_1": null, "type_1": "primary", "oneway": 1, "maxspeed": 0, "Labels": null }, "geometry": { "type": "MultiLineString", "coordinates": [ [ [ 75.8050526, 26.8555617 ], [ 75.8050003, 26.8553325 ], [ 75.80488, 26.8548745 ], [ 75.8045186, 26.8535526 ], [ 75.8045036, 26.8534973 ], [ 75.8043575, 26.8529565 ], [ 75.8042156, 26.8523724 ], [ 75.8041088, 26.8519322 ], [ 75.8034254, 26.8494854 ], [ 75.8033153, 26.8490473 ] ] ] } },
{ "type": "Feature", "properties": { "FID_1": 1336, "OBJECTID": 0.0, "ref": null, "Shape_Leng": 0.0, "Type": "Major", "FID_2": 25782, "osm_id": 571240967.0, "name_1": null, "type_1": "primary", "oneway": 1, "maxspeed": 60, "Labels": null }, "geometry": { "type": "MultiLineString", "coordinates": [ [ [ 75.8032428, 26.8487971 ], [ 75.8032163, 26.8487105 ], [ 75.8031338, 26.848398 ], [ 75.8030564, 26.8481142 ], [ 75.8024586, 26.8458102 ], [ 75.8020957, 26.8443481 ], [ 75.8020533, 26.8441661 ], [ 75.8017314, 26.8427857 ], [ 75.8017286, 26.8427719 ], [ 75.801639, 26.8423311 ], [ 75.8016414, 26.8422416 ], [ 75.8016429, 26.8421885 ], [ 75.8016569, 26.8421188 ], [ 75.8016609, 26.8420988 ], [ 75.8016796, 26.8420233 ], [ 75.8016844, 26.8419193 ] ] ] } },
{ "type": "Feature", "properties": { "FID_1": 1337, "OBJECTID": 0.0, "ref": null, "Shape_Leng": 0.0, "Type": "Major", "FID_2": 25783, "osm_id": 571241773.0, "name_1": null, "type_1": "primary", "oneway": 1, "maxspeed": 0, "Labels": null }, "geometry": { "type": "MultiLineString", "coordinates": [ [ [ 75.8033153, 26.8490473 ], [ 75.8032829, 26.8489458 ], [ 75.8032615, 26.8488798 ], [ 75.8032518, 26.848837 ], [ 75.8032428, 26.8487971 ] ] ] } },
{ "type": "Feature", "properties": { "FID_1": 374, "OBJECTID": 0.0, "ref": null, "Shape_Leng": 0.0, "Type": "Major", "FID_2": 906, "osm_id": 163693217.0, "name_1": "Gopalpura Bypass Flyover", "type_1": "primary", "oneway": 1, "maxspeed": 0, "Labels": null }, "geometry": { "type": "MultiLineString", "coordinates": [ [ [ 75.7864048, 26.8654636 ], [ 75.7866718, 26.8651453 ], [ 75.786926, 26.8649074 ], [ 75.7871629, 26.864761 ], [ 75.7874108, 26.8646526 ], [ 75.788261, 26.8643774 ], [ 75.7901928, 26.8637883 ] ] ] } },
{ "type": "Feature", "properties": { "FID_1": 377, "OBJECTID": 0.0, "ref": null, "Shape_Leng": 0.0, "Type": "Major", "FID_2": 6142, "osm_id": 374926095.0, "name_1": "Gopalpura Bypass", "type_1": "primary", "oneway": 1, "maxspeed": 0, "Labels": null }, "geometry": { "type": "MultiLineString", "coordinates": [ [ [ 75.7837467, 26.8686058 ], [ 75.7833332, 26.8691086 ], [ 75.7824781, 26.869759 ], [ 75.7820716, 26.870082 ], [ 75.7820227, 26.8701197 ], [ 75.7807388, 26.8710503 ], [ 75.7805908, 26.8711414 ], [ 75.7804698, 26.8712176 ], [ 75.7803398, 26.8712995 ], [ 75.779184, 26.8718913 ], [ 75.7779851, 26.8724615 ], [ 75.7777758, 26.8725611 ], [ 75.7773864, 26.8727486 ], [ 75.7771409, 26.8729314 ], [ 75.7768973, 26.8731648 ], [ 75.7765189, 26.8735467 ], [ 75.7764504, 26.8736158 ], [ 75.7763259, 26.873737 ], [ 75.7759579, 26.8741132 ], [ 75.775521, 26.8745811 ], [ 75.7753136, 26.8748137 ], [ 75.7742455, 26.875916 ], [ 75.7736435, 26.8765376 ], [ 75.7731776, 26.8770261 ], [ 75.7728737, 26.8772478 ], [ 75.7726156, 26.8773944 ], [ 75.7712588, 26.8780989 ] ] ] } },
{ "type": "Feature", "properties": { "FID_1": 379, "OBJECTID": 0.0, "ref": null, "Shape_Leng": 0.0, "Type": "Major", "FID_2": 6146, "osm_id": 374926100.0, "name_1": "Gopalpura Bypass Flyover", "type_1": "primary", "oneway": 1, "maxspeed": 0, "Labels": null }, "geometry": { "type": "MultiLineString", "coordinates": [ [ [ 75.790104, 26.863699 ], [ 75.7881178, 26.8643334 ], [ 75.7878373, 26.8644268 ], [ 75.7874173, 26.8645686 ], [ 75.7871304, 26.8646781 ], [ 75.786878, 26.86483 ], [ 75.786644, 26.8650115 ], [ 75.7862899, 26.8654254 ] ] ] } },
{ "type": "Feature", "properties": { "FID_1": 384, "OBJECTID": 0.0, "ref": null, "Shape_Leng": 0.0, "Type": "Major", "FID_2": 7052, "osm_id": 375044263.0, "name_1": "Gurjar Ki Thadi Underpass", "type_1": "primary", "oneway": 1, "maxspeed": 0, "Labels": null }, "geometry": { "type": "MultiLineString", "coordinates": [ [ [ 75.769354099999987, 26.879192700000033 ], [ 75.768862099999978, 26.879472700000122 ], [ 75.76778250000001, 26.880104900000049 ], [ 75.767049, 26.880509700000118 ], [ 75.7667798, 26.880603400000041 ], [ 75.766517500000134, 26.8806437 ] ] ] } },
{ "type": "Feature", "properties": { "FID_1": 385, "OBJECTID": 0.0, "ref": null, "Shape_Leng": 0.0, "Type": "Major", "FID_2": 7053, "osm_id": 375044267.0, "name_1": "Gurjar Ki Thadi Underpass", "type_1": "primary", "oneway": 1, "maxspeed": 0, "Labels": null }, "geometry": { "type": "MultiLineString", "coordinates": [ [ [ 75.766552400000023, 26.88074140000009 ], [ 75.766808900000058, 26.88070260000012 ], [ 75.7670781, 26.880599900000107 ], [ 75.767715100000089, 26.880255900000066 ], [ 75.768584800000099, 26.879742400000055 ], [ 75.769067200000052, 26.879455899999982 ] ] ] } },
{ "type": "Feature", "properties": { "FID_1": 388, "OBJECTID": 0.0, "ref": null, "Shape_Leng": 0.0, "Type": "Major", "FID_2": 7056, "osm_id": 375044275.0, "name_1": "Gopalpura Bypass", "type_1": "primary", "oneway": 1, "maxspeed": 0, "Labels": null }, "geometry": { "type": "MultiLineString", "coordinates": [ [ [ 75.7706417, 26.8785438 ], [ 75.7712924, 26.8782007 ], [ 75.7726935, 26.8774981 ], [ 75.7729526, 26.8773464 ], [ 75.7733091, 26.8771015 ], [ 75.7737156, 26.8766852 ], [ 75.774428, 26.8759529 ], [ 75.7748222, 26.8755518 ], [ 75.7753229, 26.8750308 ], [ 75.7760691, 26.8742388 ], [ 75.7763159, 26.87398 ], [ 75.7763333, 26.8739616 ], [ 75.7765707, 26.8737216 ], [ 75.7766419, 26.8736451 ], [ 75.7770044, 26.8732776 ], [ 75.7772797, 26.8730261 ], [ 75.7775074, 26.872853 ], [ 75.7778404, 26.8726709 ], [ 75.7783589, 26.8724339 ], [ 75.7784421, 26.8723907 ], [ 75.7784669, 26.8723778 ], [ 75.7786063, 26.8723123 ], [ 75.779965, 26.871674 ], [ 75.7804293, 26.8714263 ], [ 75.7807045, 26.8712525 ], [ 75.7807746, 26.8712032 ], [ 75.7808047, 26.871182 ], [ 75.7809033, 26.8711277 ], [ 75.7820306, 26.8702658 ], [ 75.7825721, 26.8698768 ], [ 75.782974, 26.8695882 ], [ 75.7833393, 26.8692995 ], [ 75.783665, 26.8689722 ], [ 75.7838743, 26.8686922 ] ] ] } },
{ "type": "Feature", "properties": { "FID_1": 412, "OBJECTID": 0.0, "ref": null, "Shape_Leng": 0.0, "Type": "Major", "FID_2": 29209, "osm_id": 872370063.0, "name_1": "Gopalpura Bypass", "type_1": "primary", "oneway": 1, "maxspeed": 0, "Labels": null }, "geometry": { "type": "MultiLineString", "coordinates": [ [ [ 75.7712588, 26.8780989 ], [ 75.7705848, 26.8784852 ] ] ] } },
{ "type": "Feature", "properties": { "FID_1": 418, "OBJECTID": 0.0, "ref": null, "Shape_Leng": 0.0, "Type": "Major", "FID_2": 40803, "osm_id": 1208218714.0, "name_1": "Gopalpura Bypass Flyover", "type_1": "primary", "oneway": 1, "maxspeed": 0, "Labels": null }, "geometry": { "type": "MultiLineString", "coordinates": [ [ [ 75.7862899, 26.8654254 ], [ 75.7853722, 26.8665781 ], [ 75.7851305, 26.8668826 ] ] ] } },
{ "type": "Feature", "properties": { "FID_1": 419, "OBJECTID": 0.0, "ref": null, "Shape_Leng": 0.0, "Type": "Major", "FID_2": 40823, "osm_id": 1208218734.0, "name_1": "Gopalpura Bypass Flyover", "type_1": "primary", "oneway": 1, "maxspeed": 0, "Labels": null }, "geometry": { "type": "MultiLineString", "coordinates": [ [ [ 75.7852011, 26.8669842 ], [ 75.7853126, 26.8668393 ], [ 75.7864048, 26.8654636 ] ] ] } },
{ "type": "Feature", "properties": { "FID_1": 420, "OBJECTID": 0.0, "ref": null, "Shape_Leng": 0.0, "Type": "Major", "FID_2": 40824, "osm_id": 1208218735.0, "name_1": "Gopalpura Bypass", "type_1": "primary", "oneway": 1, "maxspeed": 0, "Labels": null }, "geometry": { "type": "MultiLineString", "coordinates": [ [ [ 75.7838743, 26.8686922 ], [ 75.7840804, 26.868431 ], [ 75.7842191, 26.8682542 ], [ 75.7847089, 26.8676296 ], [ 75.784848, 26.8674313 ], [ 75.7850896, 26.8671291 ] ] ] } },
{ "type": "Feature", "properties": { "FID_1": 421, "OBJECTID": 0.0, "ref": null, "Shape_Leng": 0.0, "Type": "Major", "FID_2": 40826, "osm_id": 1208218737.0, "name_1": "Gopalpura Bypass", "type_1": "primary", "oneway": 1, "maxspeed": 0, "Labels": null }, "geometry": { "type": "MultiLineString", "coordinates": [ [ [ 75.7850435, 26.8669921 ], [ 75.7848186, 26.8672762 ], [ 75.7843386, 26.8678825 ], [ 75.7842953, 26.8679372 ], [ 75.7842632, 26.8679777 ], [ 75.7839909, 26.8683114 ], [ 75.7839204, 26.8683946 ], [ 75.7837467, 26.8686058 ] ] ] } },
{ "type": "Feature", "properties": { "FID_1": 424, "OBJECTID": 0.0, "ref": null, "Shape_Leng": 0.0, "Type": "Major", "FID_2": 47623, "osm_id": 1315849743.0, "name_1": "Gopalpura Bypass Flyover", "type_1": "primary", "oneway": 1, "maxspeed": 0, "Labels": null }, "geometry": { "type": "MultiLineString", "coordinates": [ [ [ 75.7850896, 26.8671291 ], [ 75.7852011, 26.8669842 ] ] ] } },
{ "type": "Feature", "properties": { "FID_1": 425, "OBJECTID": 0.0, "ref": null, "Shape_Leng": 0.0, "Type": "Major", "FID_2": 47624, "osm_id": 1315849744.0, "name_1": "Gopalpura Bypass Flyover", "type_1": "primary", "oneway": 1, "maxspeed": 0, "Labels": null }, "geometry": { "type": "MultiLineString", "coordinates": [ [ [ 75.7851305, 26.8668826 ], [ 75.7850435, 26.8669921 ] ] ] } },
{ "type": "Feature", "properties": { "FID_1": 426, "OBJECTID": 0.0, "ref": null, "Shape_Leng": 0.0, "Type": "Major", "FID_2": 47625, "osm_id": 1315849745.0, "name_1": "Gopalpura Bypass Flyover", "type_1": "primary", "oneway": 1, "maxspeed": 0, "Labels": null }, "geometry": { "type": "MultiLineString", "coordinates": [ [ [ 75.7902342, 26.8636548 ], [ 75.790104, 26.863699 ] ] ] } },
{ "type": "Feature", "properties": { "FID_1": 427, "OBJECTID": 0.0, "ref": null, "Shape_Leng": 0.0, "Type": "Major", "FID_2": 47626, "osm_id": 1315849746.0, "name_1": "Gopalpura Bypass Flyover", "type_1": "primary", "oneway": 1, "maxspeed": 0, "Labels": null }, "geometry": { "type": "MultiLineString", "coordinates": [ [ [ 75.7901928, 26.8637883 ], [ 75.7904294, 26.8637097 ] ] ] } },
{ "type": "Feature", "properties": { "FID_1": 428, "OBJECTID": 0.0, "ref": null, "Shape_Leng": 0.0, "Type": "Major", "FID_2": 47720, "osm_id": 1327838231.0, "name_1": "Gurjar Ki Thadi Underpass", "type_1": "primary", "oneway": 1, "maxspeed": 0, "Labels": null }, "geometry": { "type": "MultiLineString", "coordinates": [ [ [ 75.7690672, 26.8794559 ], [ 75.7692558, 26.8793586 ] ] ] } },
{ "type": "Feature", "properties": { "FID_1": 845, "OBJECTID": 0.0, "ref": null, "Shape_Leng": 0.0, "Type": "Major", "FID_2": 683, "osm_id": 43249936.0, "name_1": "Vidyadhar Nagar Road", "type_1": "secondary", "oneway": 1, "maxspeed": 0, "Labels": null }, "geometry": { "type": "MultiLineString", "coordinates": [ [ [ 75.8012792, 26.9395683 ], [ 75.801128, 26.9398778 ], [ 75.80089, 26.9402967 ], [ 75.800697, 26.9406774 ], [ 75.8006097, 26.9408497 ], [ 75.8002781, 26.9415045 ], [ 75.7999528, 26.9421345 ], [ 75.7997806, 26.9424677 ], [ 75.799664, 26.9426925 ], [ 75.7994452, 26.9431583 ], [ 75.7991815, 26.9436876 ], [ 75.7986198, 26.9447881 ], [ 75.7985719, 26.9448821 ], [ 75.7983716, 26.9452747 ], [ 75.7982958, 26.9453671 ] ] ] } },
{ "type": "Feature", "properties": { "FID_1": 852, "OBJECTID": 0.0, "ref": null, "Shape_Leng": 0.0, "Type": "Major", "FID_2": 1664, "osm_id": 231789360.0, "name_1": "Vidyadhar Nagar Road", "type_1": "secondary", "oneway": 1, "maxspeed": 0, "Labels": null }, "geometry": { "type": "MultiLineString", "coordinates": [ [ [ 75.7930318, 26.9551875 ], [ 75.7929177, 26.9554311 ], [ 75.7916497, 26.9574628 ], [ 75.7915438, 26.9576563 ] ] ] } },
{ "type": "Feature", "properties": { "FID_1": 853, "OBJECTID": 0.0, "ref": null, "Shape_Leng": 0.0, "Type": "Major", "FID_2": 2037, "osm_id": 278200326.0, "name_1": "Vidyadhar Nagar Road", "type_1": "secondary", "oneway": 1, "maxspeed": 0, "Labels": null }, "geometry": { "type": "MultiLineString", "coordinates": [ [ [ 75.7942529, 26.9534062 ], [ 75.7943798, 26.9532361 ], [ 75.7944923, 26.9530188 ], [ 75.7945781, 26.9528593 ], [ 75.7949006, 26.9522599 ], [ 75.7950911, 26.9519058 ], [ 75.7955553, 26.9510037 ], [ 75.7956752, 26.9507799 ], [ 75.7965482, 26.9490911 ], [ 75.7969613, 26.9482734 ], [ 75.7971745, 26.9478478 ], [ 75.7971786, 26.9478398 ], [ 75.7976345, 26.9469452 ], [ 75.7978049, 26.9466081 ], [ 75.7979698, 26.9463009 ] ] ] } },
{ "type": "Feature", "properties": { "FID_1": 857, "OBJECTID": 0.0, "ref": null, "Shape_Leng": 0.0, "Type": "Major", "FID_2": 21306, "osm_id": 481531422.0, "name_1": "Vidyadhar Nagar Road", "type_1": "secondary", "oneway": 1, "maxspeed": 0, "Labels": null }, "geometry": { "type": "MultiLineString", "coordinates": [ [ [ 75.7931606, 26.9552269 ], [ 75.7933978, 26.9547521 ], [ 75.7934922, 26.9545971 ], [ 75.7941716, 26.9535214 ], [ 75.7942529, 26.9534062 ] ] ] } },
{ "type": "Feature", "properties": { "FID_1": 858, "OBJECTID": 0.0, "ref": null, "Shape_Leng": 0.0, "Type": "Major", "FID_2": 21307, "osm_id": 481531423.0, "name_1": "Vidyadhar Nagar Road", "type_1": "secondary", "oneway": 1, "maxspeed": 0, "Labels": null }, "geometry": { "type": "MultiLineString", "coordinates": [ [ [ 75.7980783, 26.9458766 ], [ 75.7980169, 26.9460177 ], [ 75.7979524, 26.9461653 ], [ 75.7978976, 26.9462727 ], [ 75.7976815, 26.9466961 ], [ 75.797568, 26.9469184 ], [ 75.7971853, 26.9476514 ], [ 75.7971437, 26.9477364 ], [ 75.7971041, 26.9478189 ], [ 75.7968886, 26.9482447 ], [ 75.7963404, 26.9493286 ], [ 75.7958522, 26.95023 ], [ 75.7954777, 26.9509802 ], [ 75.7953332, 26.9512557 ], [ 75.7947673, 26.9523411 ], [ 75.7945371, 26.9527432 ], [ 75.7944923, 26.9528216 ], [ 75.7942801, 26.9532046 ], [ 75.7941732, 26.9533622 ] ] ] } },
{ "type": "Feature", "properties": { "FID_1": 859, "OBJECTID": 0.0, "ref": null, "Shape_Leng": 0.0, "Type": "Major", "FID_2": 28745, "osm_id": 866730573.0, "name_1": "Vidyadhar Nagar Road", "type_1": "secondary", "oneway": 1, "maxspeed": 0, "Labels": null }, "geometry": { "type": "MultiLineString", "coordinates": [ [ [ 75.7914658, 26.9577829 ], [ 75.7912873, 26.9580671 ] ] ] } },
{ "type": "Feature", "properties": { "FID_1": 860, "OBJECTID": 0.0, "ref": null, "Shape_Leng": 0.0, "Type": "Major", "FID_2": 28746, "osm_id": 866730574.0, "name_1": "Vidyadhar Nagar Road", "type_1": "secondary", "oneway": 1, "maxspeed": 0, "Labels": null }, "geometry": { "type": "MultiLineString", "coordinates": [ [ [ 75.7915438, 26.9576563 ], [ 75.7914658, 26.9577829 ] ] ] } },
{ "type": "Feature", "properties": { "FID_1": 863, "OBJECTID": 0.0, "ref": null, "Shape_Leng": 0.0, "Type": "Major", "FID_2": 32060, "osm_id": 929673313.0, "name_1": "Vidyadhar Nagar Road", "type_1": "secondary", "oneway": 1, "maxspeed": 0, "Labels": null }, "geometry": { "type": "MultiLineString", "coordinates": [ [ [ 75.7984205, 26.945416 ], [ 75.7987052, 26.9448288 ], [ 75.7991509, 26.9439364 ], [ 75.7992334, 26.9437713 ], [ 75.7992579, 26.9437222 ], [ 75.7993434, 26.9435485 ], [ 75.7995198, 26.9431977 ], [ 75.7997659, 26.9427092 ], [ 75.8000413, 26.9421751 ], [ 75.8003631, 26.9415361 ], [ 75.8006996, 26.9408484 ], [ 75.8012031, 26.9399208 ], [ 75.8012827, 26.9397538 ], [ 75.8013838, 26.9395707 ] ] ] } },
{ "type": "Feature", "properties": { "FID_1": 864, "OBJECTID": 0.0, "ref": null, "Shape_Leng": 0.0, "Type": "Major", "FID_2": 34567, "osm_id": 931317253.0, "name_1": "Vidyadhar Nagar Road", "type_1": "secondary", "oneway": 1, "maxspeed": 0, "Labels": null }, "geometry": { "type": "MultiLineString", "coordinates": [ [ [ 75.7941732, 26.9533622 ], [ 75.793865, 26.9538296 ], [ 75.7937282, 26.9540113 ], [ 75.7935995, 26.9541882 ], [ 75.7933661, 26.9545506 ], [ 75.7933179, 26.9546258 ], [ 75.7931462, 26.954939 ], [ 75.7930318, 26.9551875 ] ] ] } },
{ "type": "Feature", "properties": { "FID_1": 880, "OBJECTID": 0.0, "ref": null, "Shape_Leng": 0.0, "Type": "Major", "FID_2": 41864, "osm_id": 1210672802.0, "name_1": "Vidyadhar Nagar Road", "type_1": "secondary", "oneway": 1, "maxspeed": 0, "Labels": null }, "geometry": { "type": "MultiLineString", "coordinates": [ [ [ 75.7979698, 26.9463009 ], [ 75.7981173, 26.9460426 ], [ 75.7981848, 26.9459113 ] ] ] } },
{ "type": "Feature", "properties": { "FID_1": 223, "OBJECTID": 0.0, "ref": null, "Shape_Leng": 0.0, "Type": "Major", "FID_2": 29039, "osm_id": 871565407.0, "name_1": "Bais Godam Flyover", "type_1": "secondary", "oneway": 1, "maxspeed": 0, "Labels": null }, "geometry": { "type": "MultiLineString", "coordinates": [ [ [ 75.7931101, 26.9020854 ], [ 75.7930559, 26.9023437 ] ] ] } },
{ "type": "Feature", "properties": { "FID_1": 718, "OBJECTID": 0.0, "ref": null, "Shape_Leng": 0.0, "Type": "Major", "FID_2": 423, "osm_id": 28976393.0, "name_1": "Bais Godam Flyover", "type_1": "secondary", "oneway": 1, "maxspeed": 0, "Labels": null }, "geometry": { "type": "MultiLineString", "coordinates": [ [ [ 75.7930559, 26.9023437 ], [ 75.7929722, 26.9023872 ], [ 75.792832, 26.902411 ] ] ] } },
{ "type": "Feature", "properties": { "FID_1": 725, "OBJECTID": 0.0, "ref": null, "Shape_Leng": 0.0, "Type": "Major", "FID_2": 1249, "osm_id": 200611610.0, "name_1": "Bais Godam Flyover", "type_1": "secondary", "oneway": 1, "maxspeed": 0, "Labels": null }, "geometry": { "type": "MultiLineString", "coordinates": [ [ [ 75.7870334, 26.9028013 ], [ 75.7876456, 26.9027704 ], [ 75.7888129, 26.9027099 ], [ 75.7893133, 26.902685 ], [ 75.7898685, 26.9026458 ], [ 75.7911245, 26.902582 ], [ 75.7929046, 26.9024941 ] ] ] } },
{ "type": "Feature", "properties": { "FID_1": 727, "OBJECTID": 0.0, "ref": null, "Shape_Leng": 0.0, "Type": "Major", "FID_2": 1251, "osm_id": 200611613.0, "name_1": "Bais Godam Flyover", "type_1": "secondary", "oneway": 1, "maxspeed": 0, "Labels": null }, "geometry": { "type": "MultiLineString", "coordinates": [ [ [ 75.7867015, 26.9028271 ], [ 75.7870334, 26.9028013 ] ] ] } },
{ "type": "Feature", "properties": { "FID_1": 730, "OBJECTID": 0.0, "ref": null, "Shape_Leng": 0.0, "Type": "Major", "FID_2": 1254, "osm_id": 200611616.0, "name_1": "Bais Godam Flyover", "type_1": "secondary", "oneway": 1, "maxspeed": 0, "Labels": null }, "geometry": { "type": "MultiLineString", "coordinates": [ [ [ 75.7870345, 26.9027077 ], [ 75.7868397, 26.9026984 ], [ 75.7868058, 26.902696 ] ] ] } },
{ "type": "Feature", "properties": { "FID_1": 733, "OBJECTID": 0.0, "ref": null, "Shape_Leng": 0.0, "Type": "Major", "FID_2": 2033, "osm_id": 278200319.0, "name_1": "Bais Godam Flyover", "type_1": "secondary", "oneway": 1, "maxspeed": 0, "Labels": null }, "geometry": { "type": "MultiLineString", "coordinates": [ [ [ 75.792832, 26.902411 ], [ 75.7907402, 26.9025059 ], [ 75.7902816, 26.902528 ], [ 75.7899982, 26.9025437 ], [ 75.7885341, 26.9026228 ], [ 75.7870345, 26.9027077 ] ] ] } },
{ "type": "Feature", "properties": { "FID_1": 734, "OBJECTID": 0.0, "ref": null, "Shape_Leng": 0.0, "Type": "Major", "FID_2": 2035, "osm_id": 278200323.0, "name_1": "Bais Godam Flyover", "type_1": "secondary", "oneway": 1, "maxspeed": 0, "Labels": null }, "geometry": { "type": "MultiLineString", "coordinates": [ [ [ 75.7929046, 26.9024941 ], [ 75.7931171, 26.9024965 ] ] ] } },
{ "type": "Feature", "properties": { "FID_1": 882, "OBJECTID": 0.0, "ref": null, "Shape_Leng": 0.0, "Type": "Major", "FID_2": 77, "osm_id": 28827950.0, "name_1": "Chhoti Chaupar", "type_1": "primary", "oneway": 0, "maxspeed": 0, "Labels": null }, "geometry": { "type": "MultiLineString", "coordinates": [ [ [ 75.818146, 26.924735 ], [ 75.8181702, 26.9247874 ] ] ] } },
{ "type": "Feature", "properties": { "FID_1": 894, "OBJECTID": 0.0, "ref": null, "Shape_Leng": 0.0, "Type": "Major", "FID_2": 28026, "osm_id": 863303416.0, "name_1": "Chhoti Chaupar", "type_1": "primary", "oneway": 0, "maxspeed": 0, "Labels": null }, "geometry": { "type": "MultiLineString", "coordinates": [ [ [ 75.818756, 26.9245987 ], [ 75.8187214, 26.9245164 ], [ 75.8186598, 26.9244477 ] ] ] } },
{ "type": "Feature", "properties": { "FID_1": 895, "OBJECTID": 0.0, "ref": null, "Shape_Leng": 0.0, "Type": "Major", "FID_2": 28027, "osm_id": 863303417.0, "name_1": "Chhoti Chaupar", "type_1": "primary", "oneway": 0, "maxspeed": 0, "Labels": null }, "geometry": { "type": "MultiLineString", "coordinates": [ [ [ 75.8187342, 26.9247712 ], [ 75.8187605, 26.9246865 ], [ 75.818756, 26.9245987 ] ] ] } },
{ "type": "Feature", "properties": { "FID_1": 896, "OBJECTID": 0.0, "ref": null, "Shape_Leng": 0.0, "Type": "Major", "FID_2": 28028, "osm_id": 863303418.0, "name_1": "Chhoti Chaupar", "type_1": "primary", "oneway": 0, "maxspeed": 0, "Labels": null }, "geometry": { "type": "MultiLineString", "coordinates": [ [ [ 75.8181702, 26.9247874 ], [ 75.818206, 26.9248348 ], [ 75.8182519, 26.9248747 ], [ 75.8183058, 26.9249055 ], [ 75.8183657, 26.9249259 ], [ 75.8184289, 26.9249351 ], [ 75.8184446, 26.9249339 ], [ 75.8185649, 26.9249112 ], [ 75.8186758, 26.9248484 ], [ 75.8187342, 26.9247712 ] ] ] } },
{ "type": "Feature", "properties": { "FID_1": 897, "OBJECTID": 0.0, "ref": null, "Shape_Leng": 0.0, "Type": "Major", "FID_2": 28029, "osm_id": 863303419.0, "name_1": "Chhoti Chaupar", "type_1": "primary", "oneway": 0, "maxspeed": 0, "Labels": null }, "geometry": { "type": "MultiLineString", "coordinates": [ [ [ 75.8181342, 26.9246411 ], [ 75.818146, 26.924735 ] ] ] } },
{ "type": "Feature", "properties": { "FID_1": 898, "OBJECTID": 0.0, "ref": null, "Shape_Leng": 0.0, "Type": "Major", "FID_2": 28030, "osm_id": 863303420.0, "name_1": "Chhoti Chaupar", "type_1": "primary", "oneway": 0, "maxspeed": 0, "Labels": null }, "geometry": { "type": "MultiLineString", "coordinates": [ [ [ 75.8186598, 26.9244477 ], [ 75.8185882, 26.9244039 ], [ 75.8185058, 26.9243792 ], [ 75.8184189, 26.9243756 ], [ 75.8183586, 26.9243859 ], [ 75.8183017, 26.9244064 ], [ 75.8182272, 26.9244548 ], [ 75.8181716, 26.9245203 ], [ 75.8181397, 26.9245974 ], [ 75.8181342, 26.9246411 ] ] ] } },
{ "type": "Feature", "properties": { "FID_1": 1366, "OBJECTID": 0.0, "ref": null, "Shape_Leng": 0.0, "Type": "Major", "FID_2": 48, "osm_id": 28814897.0, "name_1": "GANDHI CIRCLE", "type_1": "primary", "oneway": 0, "maxspeed": 0, "Labels": null }, "geometry": { "type": "MultiLineString", "coordinates": [ [ [ 75.8127559, 26.8844685 ], [ 75.8127423, 26.8844318 ], [ 75.8126742, 26.8843498 ], [ 75.8125936, 26.8842955 ], [ 75.8125486, 26.8842657 ], [ 75.8124553, 26.8842563 ], [ 75.8123288, 26.8842868 ], [ 75.8122803, 26.884336 ], [ 75.8122426, 26.8844024 ], [ 75.8122061, 26.8844757 ], [ 75.8121841, 26.8845735 ], [ 75.8121951, 26.8846825 ] ] ] } },
{ "type": "Feature", "properties": { "FID_1": 1374, "OBJECTID": 0.0, "ref": null, "Shape_Leng": 0.0, "Type": "Major", "FID_2": 40852, "osm_id": 1208475533.0, "name_1": "GANDHI CIRCLE", "type_1": "primary", "oneway": 0, "maxspeed": 0, "Labels": null }, "geometry": { "type": "MultiLineString", "coordinates": [ [ [ 75.8121951, 26.8846825 ], [ 75.8122361, 26.8847954 ], [ 75.8122982, 26.8848767 ], [ 75.8123654, 26.8849243 ], [ 75.8124991, 26.8849717 ], [ 75.8125889, 26.8849702 ], [ 75.8126587, 26.884941 ], [ 75.8127126, 26.8848943 ], [ 75.8127625, 26.8848301 ], [ 75.8128, 26.8847509 ], [ 75.8128058, 26.88464 ], [ 75.8127899, 26.8845737 ] ] ] } },
{ "type": "Feature", "properties": { "FID_1": 152, "OBJECTID": 0.0, "ref": null, "Shape_Leng": 0.0, "Type": "Major", "FID_2": 420, "osm_id": 28971663.0, "name_1": "Ajmer Road", "type_1": "tertiary", "oneway": 1, "maxspeed": 0, "Labels": null }, "geometry": { "type": "MultiLineString", "coordinates": [ [ [ 75.8025172, 26.9173747 ], [ 75.8023896, 26.9173111 ], [ 75.8022707, 26.9172896 ], [ 75.8019032, 26.9172423 ], [ 75.8016572, 26.917199 ], [ 75.8014406, 26.9171385 ], [ 75.8011712, 26.9170325 ] ] ] } },
{ "type": "Feature", "properties": { "FID_1": 156, "OBJECTID": 0.0, "ref": null, "Shape_Leng": 0.0, "Type": "Major", "FID_2": 1244, "osm_id": 200611601.0, "name_1": "Ajmer Road", "type_1": "trunk", "oneway": 1, "maxspeed": 0, "Labels": null }, "geometry": { "type": "MultiLineString", "coordinates": [ [ [ 75.7935112, 26.9144174 ], [ 75.7944644, 26.9146973 ] ] ] } },
{ "type": "Feature", "properties": { "FID_1": 157, "OBJECTID": 0.0, "ref": null, "Shape_Leng": 0.0, "Type": "Major", "FID_2": 25646, "osm_id": 570138396.0, "name_1": "Ajmer Road", "type_1": "trunk", "oneway": 1, "maxspeed": 0, "Labels": null }, "geometry": { "type": "MultiLineString", "coordinates": [ [ [ 75.8006655, 26.9168335 ], [ 75.8001186, 26.9166332 ], [ 75.7993147, 26.9163223 ], [ 75.7989329, 26.9161745 ], [ 75.798844, 26.9161351 ], [ 75.7986639, 26.9160632 ], [ 75.798195, 26.9158759 ], [ 75.7977165, 26.9156758 ], [ 75.7972678, 26.9155012 ], [ 75.7970671, 26.9154349 ], [ 75.7968789, 26.9153728 ], [ 75.7968666, 26.915369 ], [ 75.7961439, 26.9151447 ], [ 75.7959154, 26.9150787 ], [ 75.7953273, 26.9148881 ] ] ] } },
{ "type": "Feature", "properties": { "FID_1": 159, "OBJECTID": 0.0, "ref": null, "Shape_Leng": 0.0, "Type": "Major", "FID_2": 25681, "osm_id": 570145750.0, "name_1": "Ajmer Road", "type_1": "trunk", "oneway": 1, "maxspeed": 0, "Labels": null }, "geometry": { "type": "MultiLineString", "coordinates": [ [ [ 75.7988526, 26.916293 ], [ 75.7989606, 26.9164859 ] ] ] } },
{ "type": "Feature", "properties": { "FID_1": 160, "OBJECTID": 0.0, "ref": null, "Shape_Leng": 0.0, "Type": "Major", "FID_2": 25682, "osm_id": 570145751.0, "name_1": "Ajmer Road", "type_1": "trunk", "oneway": 1, "maxspeed": 0, "Labels": null }, "geometry": { "type": "MultiLineString", "coordinates": [ [ [ 75.8005569, 26.9168818 ], [ 75.8005268, 26.916871 ], [ 75.8003666, 26.9168094 ], [ 75.7998774, 26.9166157 ], [ 75.7996656, 26.9165318 ], [ 75.7995711, 26.9164943 ], [ 75.7992909, 26.9163832 ], [ 75.7991842, 26.9163461 ], [ 75.799132, 26.9163388 ], [ 75.7990791, 26.916342 ], [ 75.7990403, 26.9163594 ], [ 75.7990145, 26.9163869 ], [ 75.7989939, 26.9164173 ], [ 75.7989777, 26.9164455 ], [ 75.7989606, 26.9164859 ] ] ] } },
{ "type": "Feature", "properties": { "FID_1": 161, "OBJECTID": 0.0, "ref": null, "Shape_Leng": 0.0, "Type": "Major", "FID_2": 25770, "osm_id": 570853774.0, "name_1": "Ajmer Road", "type_1": "trunk", "oneway": 1, "maxspeed": 0, "Labels": null }, "geometry": { "type": "MultiLineString", "coordinates": [ [ [ 75.7952945, 26.9149573 ], [ 75.7956552, 26.9150686 ], [ 75.7968999, 26.9154524 ], [ 75.7973446, 26.915602 ], [ 75.7975912, 26.9157062 ], [ 75.7977271, 26.9157637 ], [ 75.7979395, 26.9158432 ], [ 75.7986384, 26.9161476 ], [ 75.7987556, 26.916213 ], [ 75.7988526, 26.916293 ] ] ] } },
{ "type": "Feature", "properties": { "FID_1": 164, "OBJECTID": 0.0, "ref": null, "Shape_Leng": 0.0, "Type": "Major", "FID_2": 28652, "osm_id": 866422897.0, "name_1": "Ajmer Road", "type_1": "trunk", "oneway": 1, "maxspeed": 0, "Labels": null }, "geometry": { "type": "MultiLineString", "coordinates": [ [ [ 75.7953273, 26.9148881 ], [ 75.7949277, 26.9147665 ], [ 75.7944903, 26.9146308 ], [ 75.7941655, 26.9145245 ], [ 75.7939415, 26.9144548 ], [ 75.7935137, 26.9142986 ] ] ] } },
{ "type": "Feature", "properties": { "FID_1": 165, "OBJECTID": 0.0, "ref": null, "Shape_Leng": 0.0, "Type": "Major", "FID_2": 37696, "osm_id": 935359545.0, "name_1": "Ajmer Road", "type_1": "tertiary", "oneway": 1, "maxspeed": 0, "Labels": null }, "geometry": { "type": "MultiLineString", "coordinates": [ [ [ 75.8011712, 26.9170325 ], [ 75.8010147, 26.9169517 ] ] ] } },
{ "type": "Feature", "properties": { "FID_1": 166, "OBJECTID": 0.0, "ref": null, "Shape_Leng": 0.0, "Type": "Major", "FID_2": 37697, "osm_id": 935359546.0, "name_1": "Ajmer Road", "type_1": "tertiary", "oneway": 1, "maxspeed": 0, "Labels": null }, "geometry": { "type": "MultiLineString", "coordinates": [ [ [ 75.8011712, 26.9170325 ], [ 75.8010347, 26.9170184 ] ] ] } },
{ "type": "Feature", "properties": { "FID_1": 167, "OBJECTID": 0.0, "ref": null, "Shape_Leng": 0.0, "Type": "Major", "FID_2": 43757, "osm_id": 1244277162.0, "name_1": "Ajmer Road", "type_1": "trunk", "oneway": 1, "maxspeed": 0, "Labels": null }, "geometry": { "type": "MultiLineString", "coordinates": [ [ [ 75.7944644, 26.9146973 ], [ 75.7948838, 26.9148246 ], [ 75.7952945, 26.9149573 ] ] ] } },
{ "type": "Feature", "properties": { "FID_1": 776, "OBJECTID": 0.0, "ref": null, "Shape_Leng": 0.0, "Type": "Major", "FID_2": 10868, "osm_id": 375507175.0, "name_1": "Ajmer Road", "type_1": "trunk", "oneway": 1, "maxspeed": 0, "Labels": null }, "geometry": { "type": "MultiLineString", "coordinates": [ [ [ 75.7749587, 26.9032732 ], [ 75.7750316, 26.9034221 ], [ 75.7751096, 26.9035812 ], [ 75.7754456, 26.9041768 ], [ 75.7756493, 26.9045032 ], [ 75.7758376, 26.9048049 ], [ 75.775853, 26.9048261 ], [ 75.7761035, 26.9051726 ], [ 75.7764966, 26.9056839 ], [ 75.7768421, 26.9060986 ], [ 75.7768723, 26.9061348 ], [ 75.7769599, 26.9062401 ], [ 75.7774795, 26.9068719 ], [ 75.7775546, 26.9069551 ], [ 75.7778727, 26.9073076 ], [ 75.7780444, 26.9074895 ], [ 75.7783983, 26.9078268 ], [ 75.7784866, 26.9079077 ], [ 75.7787295, 26.9081301 ], [ 75.7790225, 26.9083801 ], [ 75.7790703, 26.9084209 ], [ 75.7791903, 26.9085248 ], [ 75.7792566, 26.9085712 ], [ 75.779531, 26.9087488 ], [ 75.7798634, 26.9089282 ], [ 75.780015, 26.9090097 ], [ 75.7803397, 26.9091844 ], [ 75.7809175, 26.909479 ], [ 75.7810654, 26.9095542 ], [ 75.7812407, 26.9096432 ], [ 75.7816274, 26.9098448 ], [ 75.7817368, 26.9099018 ], [ 75.7824186, 26.9102638 ], [ 75.7824363, 26.9102744 ], [ 75.7824771, 26.9103002 ], [ 75.7830469, 26.9105651 ], [ 75.7831343, 26.9106057 ], [ 75.783316, 26.9106887 ], [ 75.7835933, 26.9108092 ], [ 75.7836651, 26.9108373 ], [ 75.7839735, 26.9109578 ], [ 75.7843382, 26.9110785 ], [ 75.7844562, 26.9111132 ], [ 75.7847924, 26.911212 ], [ 75.7850046, 26.9112836 ], [ 75.785222, 26.9113546 ], [ 75.7853094, 26.9113934 ], [ 75.7857916, 26.9116034 ], [ 75.7862142, 26.9118238 ], [ 75.7869416, 26.9122423 ], [ 75.7872193, 26.9123067 ], [ 75.787329, 26.9123527 ] ] ] } },
{ "type": "Feature", "properties": { "FID_1": 777, "OBJECTID": 0.0, "ref": null, "Shape_Leng": 0.0, "Type": "Major", "FID_2": 10869, "osm_id": 375507179.0, "name_1": "Ajmer Road", "type_1": "trunk", "oneway": 1, "maxspeed": 0, "Labels": null }, "geometry": { "type": "MultiLineString", "coordinates": [ [ [ 75.7873759, 26.9122954 ], [ 75.7872702, 26.9122384 ], [ 75.7869087, 26.9120148 ], [ 75.7864728, 26.9117761 ], [ 75.7863801, 26.9117253 ], [ 75.7863121, 26.911688 ], [ 75.7860266, 26.9115316 ], [ 75.7857766, 26.9113947 ], [ 75.7854648, 26.9112414 ], [ 75.7850166, 26.9110644 ], [ 75.7847762, 26.9109806 ], [ 75.7845438, 26.9108995 ], [ 75.7845273, 26.9108942 ], [ 75.7844445, 26.9108674 ], [ 75.7840421, 26.9107373 ], [ 75.7836953, 26.9106044 ], [ 75.7830538, 26.910295 ], [ 75.7829862, 26.9102624 ], [ 75.7829711, 26.9102546 ], [ 75.7817687, 26.9096335 ], [ 75.7816643, 26.909584 ], [ 75.7812028, 26.9093628 ], [ 75.7810547, 26.9092946 ], [ 75.7807627, 26.9091416 ], [ 75.780427, 26.9089648 ], [ 75.7799694, 26.9087484 ], [ 75.7797687, 26.9086305 ], [ 75.7795216, 26.9084854 ], [ 75.7793122, 26.9083362 ], [ 75.7792353, 26.9082796 ], [ 75.779033, 26.9081207 ], [ 75.7783054, 26.9074276 ], [ 75.778037, 26.9071683 ], [ 75.777835, 26.9069655 ], [ 75.7775993, 26.9066903 ], [ 75.7771264, 26.9060966 ], [ 75.777057, 26.9060211 ], [ 75.7770247, 26.9059805 ], [ 75.7763574, 26.9051412 ], [ 75.7762581, 26.9050045 ], [ 75.7760773, 26.9047617 ], [ 75.775846, 26.9044353 ], [ 75.7755516, 26.9039312 ] ] ] } },
{ "type": "Feature", "properties": { "FID_1": 738, "OBJECTID": 0.0, "ref": null, "Shape_Leng": 0.0, "Type": "Major", "FID_2": 25707, "osm_id": 570158439.0, "name_1": "Ajmer Road", "type_1": "trunk", "oneway": 1, "maxspeed": 0, "Labels": null }, "geometry": { "type": "MultiLineString", "coordinates": [ [ [ 75.7755516, 26.9039312 ], [ 75.7753846, 26.903615 ], [ 75.7752626, 26.9033465 ], [ 75.7752126, 26.9032272 ], [ 75.7751348, 26.9030915 ], [ 75.7750213, 26.9029888 ], [ 75.7748525, 26.9028768 ], [ 75.7747212, 26.902826 ], [ 75.7745502, 26.9027654 ] ] ] } },
{ "type": "Feature", "properties": { "FID_1": 740, "OBJECTID": 0.0, "ref": null, "Shape_Leng": 0.0, "Type": "Major", "FID_2": 25721, "osm_id": 570166936.0, "name_1": "Ajmer Road", "type_1": "trunk", "oneway": 1, "maxspeed": 0, "Labels": null }, "geometry": { "type": "MultiLineString", "coordinates": [ [ [ 75.7745237, 26.9030098 ], [ 75.7746391, 26.9030534 ], [ 75.7747362, 26.9030981 ], [ 75.7748458, 26.9031654 ], [ 75.7749587, 26.9032732 ] ] ] } },
{ "type": "Feature", "properties": { "FID_1": 281, "OBJECTID": 0.0, "ref": "NH11", "Shape_Leng": 0.0, "Type": "National Highway", "FID_2": 1265, "osm_id": 200660969.0, "name_1": "Agra Road", "type_1": "trunk", "oneway": 1, "maxspeed": 0, "Labels": null }, "geometry": { "type": "MultiLineString", "coordinates": [ [ [ 75.841092800000013, 26.906986800000084 ], [ 75.840401199999974, 26.907438399999933 ], [ 75.839701299999945, 26.907926800000041 ], [ 75.838959900000077, 26.908440800000108 ], [ 75.838843600000075, 26.908474400000046 ], [ 75.838423400000124, 26.908779700000082 ], [ 75.837921499999936, 26.909159600000066 ], [ 75.8377547, 26.909317 ], [ 75.837730599999986, 26.909360700000036 ], [ 75.83746780000007, 26.909769600000118 ], [ 75.837409600000058, 26.909839800000043 ] ], [ [ 75.837409600000058, 26.909839800000043 ], [ 75.837120700000128, 26.910125400000027 ], [ 75.837027300000045, 26.910241900000074 ], [ 75.836911900000075, 26.910372700000096 ], [ 75.836745600000029, 26.910531500000104 ], [ 75.836329900000067, 26.910914199999922 ], [ 75.835926, 26.911286099999984 ], [ 75.835257000000126, 26.911901200000102 ], [ 75.835114400000066, 26.912034800000129 ], [ 75.834502600000064, 26.912607800000103 ], [ 75.8344333, 26.912677299999984 ], [ 75.834207900000024, 26.9128816 ], [ 75.8340083, 26.913031699999976 ], [ 75.833863800000131, 26.913122700000088 ], [ 75.833701099999985, 26.9131817 ], [ 75.8331579, 26.91331190000011 ], [ 75.83280950000011, 26.913405300000022 ] ], [ [ 75.832824500000129, 26.9134717 ], [ 75.832946500000105, 26.913442700000076 ], [ 75.833352600000126, 26.913346 ], [ 75.833728300000132, 26.913244800000029 ], [ 75.833884800000078, 26.913180200000056 ], [ 75.8340531, 26.913084200000071 ], [ 75.834192200000132, 26.912990400000126 ], [ 75.834205699999984, 26.912981300000069 ], [ 75.834360300000014, 26.912835 ], [ 75.834471000000121, 26.912730300000135 ], [ 75.834550100000058, 26.912656900000059 ], [ 75.834724100000074, 26.912495400000012 ], [ 75.835115200000132, 26.91215660000006 ], [ 75.8357727, 26.91153810000003 ], [ 75.836130500000081, 26.911223899999982 ], [ 75.836534, 26.910831800000039 ], [ 75.836872500000027, 26.910517800000036 ], [ 75.837087100000019, 26.91031310000011 ], [ 75.837271900000019, 26.910090000000139 ], [ 75.837326400000109, 26.909982200000115 ], [ 75.837409600000058, 26.909839800000043 ] ] ] } },
{ "type": "Feature", "properties": { "FID_1": 309, "OBJECTID": 0.0, "ref": null, "Shape_Leng": 0.0, "Type": "Major", "FID_2": 27381, "osm_id": 758060825.0, "name_1": "Agra Road", "type_1": "trunk", "oneway": 1, "maxspeed": 0, "Labels": null }, "geometry": { "type": "MultiLineString", "coordinates": [ [ [ 75.8410928, 26.9069868 ], [ 75.841171, 26.9069359 ], [ 75.841215, 26.9069065 ], [ 75.8419174, 26.906496 ], [ 75.8421661, 26.9063523 ] ] ] } },
{ "type": "Feature", "properties": { "FID_1": 324, "OBJECTID": 0.0, "ref": null, "Shape_Leng": 0.0, "Type": "Major", "FID_2": 893, "osm_id": 163692669.0, "name_1": "Tonk Road Flyover", "type_1": "primary", "oneway": 1, "maxspeed": 0, "Labels": null }, "geometry": { "type": "MultiLineString", "coordinates": [ [ [ 75.7988831, 26.8790139 ], [ 75.7984407, 26.8777349 ], [ 75.7981746, 26.876899 ], [ 75.7979792, 26.8763283 ], [ 75.7978901, 26.8759973 ], [ 75.7978232, 26.8756922 ], [ 75.7977513, 26.8752042 ], [ 75.7975177, 26.8736326 ] ] ] } },
{ "type": "Feature", "properties": { "FID_1": 332, "OBJECTID": 0.0, "ref": null, "Shape_Leng": 0.0, "Type": "Major", "FID_2": 6400, "osm_id": 374933223.0, "name_1": "Tonk Road", "type_1": "primary", "oneway": 1, "maxspeed": 0, "Labels": null }, "geometry": { "type": "MultiLineString", "coordinates": [ [ [ 75.7974974, 26.8735063 ], [ 75.7974769, 26.873346 ], [ 75.7974517, 26.8731147 ], [ 75.797389, 26.8724117 ], [ 75.797345, 26.8720276 ], [ 75.7973274, 26.8719113 ], [ 75.7973087, 26.8717995 ], [ 75.7972482, 26.8710496 ], [ 75.7970217, 26.8694194 ], [ 75.7969124, 26.8686326 ], [ 75.7969036, 26.8685709 ], [ 75.7968799, 26.8683998 ], [ 75.796818, 26.8679523 ], [ 75.7967879, 26.8677343 ], [ 75.7966804, 26.866957 ], [ 75.7966581, 26.8667959 ], [ 75.7966272, 26.8665727 ], [ 75.7966085, 26.8664435 ], [ 75.7965424, 26.8659884 ], [ 75.796508, 26.8657514 ], [ 75.7964954, 26.8656644 ], [ 75.7964033, 26.8650299 ], [ 75.796389, 26.8649314 ], [ 75.7963843, 26.8648989 ] ] ] } },
{ "type": "Feature", "properties": { "FID_1": 333, "OBJECTID": 0.0, "ref": null, "Shape_Leng": 0.0, "Type": "Major", "FID_2": 7573, "osm_id": 375081694.0, "name_1": "Tonk Road Flyover", "type_1": "primary", "oneway": 1, "maxspeed": 0, "Labels": null }, "geometry": { "type": "MultiLineString", "coordinates": [ [ [ 75.7974265, 26.8736367 ], [ 75.7976048, 26.8749309 ], [ 75.7977228, 26.8756933 ], [ 75.7978684, 26.8762581 ], [ 75.7982039, 26.8772279 ], [ 75.7984416, 26.8779714 ], [ 75.7987757, 26.8790405 ] ] ] } },
{ "type": "Feature", "properties": { "FID_1": 336, "OBJECTID": 0.0, "ref": null, "Shape_Leng": 0.0, "Type": "Major", "FID_2": 26696, "osm_id": 734299550.0, "name_1": "Tonk Road", "type_1": "primary", "oneway": 1, "maxspeed": 0, "Labels": null }, "geometry": { "type": "MultiLineString", "coordinates": [ [ [ 75.7937258, 26.8394649 ], [ 75.7937194, 26.8397134 ], [ 75.7936927, 26.8405799 ], [ 75.7936837, 26.8408127 ], [ 75.7936773, 26.8409622 ], [ 75.7936585, 26.8413145 ], [ 75.7936532, 26.8414149 ], [ 75.7935702, 26.8424643 ], [ 75.7935665, 26.8427013 ] ] ] } },
{ "type": "Feature", "properties": { "FID_1": 337, "OBJECTID": 0.0, "ref": null, "Shape_Leng": 0.0, "Type": "Major", "FID_2": 26697, "osm_id": 734299551.0, "name_1": "Tonk Road", "type_1": "primary", "oneway": 1, "maxspeed": 0, "Labels": null }, "geometry": { "type": "MultiLineString", "coordinates": [ [ [ 75.7952486, 26.8567843 ], [ 75.7949507, 26.8548368 ] ] ] } },
{ "type": "Feature", "properties": { "FID_1": 338, "OBJECTID": 0.0, "ref": null, "Shape_Leng": 0.0, "Type": "Major", "FID_2": 26698, "osm_id": 734299552.0, "name_1": "Tonk Road", "type_1": "primary", "oneway": 1, "maxspeed": 0, "Labels": null }, "geometry": { "type": "MultiLineString", "coordinates": [ [ [ 75.7946549, 26.8535608 ], [ 75.7947841, 26.8546836 ], [ 75.7948122, 26.8548616 ], [ 75.7949878, 26.8560827 ], [ 75.7950928, 26.8568129 ], [ 75.795152, 26.8571892 ], [ 75.7952356, 26.8577628 ], [ 75.7953222, 26.8582724 ] ] ] } },
{ "type": "Feature", "properties": { "FID_1": 339, "OBJECTID": 0.0, "ref": null, "Shape_Leng": 0.0, "Type": "Major", "FID_2": 26699, "osm_id": 734299553.0, "name_1": "Tonk Road", "type_1": "tertiary", "oneway": 1, "maxspeed": 0, "Labels": null }, "geometry": { "type": "MultiLineString", "coordinates": [ [ [ 75.7935665, 26.8427013 ], [ 75.7935204, 26.8427333 ], [ 75.7935069, 26.8427788 ], [ 75.7934922, 26.8431545 ], [ 75.7934891, 26.8432203 ], [ 75.79346, 26.843827 ], [ 75.793452, 26.8440998 ], [ 75.7934533, 26.8442796 ], [ 75.7934627, 26.844436 ], [ 75.7934815, 26.8447208 ], [ 75.7934973, 26.8449495 ], [ 75.7935052, 26.8450638 ], [ 75.7935193, 26.8452611 ], [ 75.7935203, 26.8452752 ], [ 75.793548, 26.8456293 ], [ 75.7935606, 26.8459497 ], [ 75.7935928, 26.8462153 ], [ 75.7936196, 26.8465061 ], [ 75.7936481, 26.8468446 ], [ 75.7936666, 26.8471468 ], [ 75.7937048, 26.8478175 ], [ 75.7937309, 26.8481801 ], [ 75.7937443, 26.8484744 ], [ 75.7937698, 26.8487867 ], [ 75.79381, 26.8491493 ], [ 75.7938422, 26.8495441 ], [ 75.793859, 26.8497567 ] ] ] } },
{ "type": "Feature", "properties": { "FID_1": 340, "OBJECTID": 0.0, "ref": null, "Shape_Leng": 0.0, "Type": "Major", "FID_2": 26700, "osm_id": 734299554.0, "name_1": "Tonk Road", "type_1": "tertiary", "oneway": 1, "maxspeed": 0, "Labels": null }, "geometry": { "type": "MultiLineString", "coordinates": [ [ [ 75.7940756, 26.8497284 ], [ 75.7940488, 26.8495513 ], [ 75.7940262, 26.8493886 ], [ 75.7939851, 26.8490578 ], [ 75.7939804, 26.84902 ], [ 75.7939643, 26.8488777 ], [ 75.7939173, 26.8485139 ], [ 75.7938972, 26.8483225 ], [ 75.7938954, 26.8482974 ], [ 75.7938731, 26.8479922 ], [ 75.7938395, 26.8474789 ], [ 75.7938167, 26.8471289 ], [ 75.7938074, 26.8469129 ], [ 75.793802, 26.8466126 ], [ 75.7937832, 26.8463494 ], [ 75.7937545, 26.8459947 ], [ 75.7936902, 26.8451145 ], [ 75.7936771, 26.8449354 ], [ 75.7936773, 26.8443654 ], [ 75.7936934, 26.8437655 ], [ 75.7937403, 26.8428218 ], [ 75.7937349, 26.842762 ], [ 75.7937175, 26.8427213 ], [ 75.7936635, 26.8426804 ] ] ] } },
{ "type": "Feature", "properties": { "FID_1": 345, "OBJECTID": 0.0, "ref": null, "Shape_Leng": 0.0, "Type": "Major", "FID_2": 27964, "osm_id": 862954963.0, "name_1": "Tonk Road", "type_1": "primary", "oneway": 1, "maxspeed": 0, "Labels": null }, "geometry": { "type": "MultiLineString", "coordinates": [ [ [ 75.7962769, 26.8648975 ], [ 75.7962818, 26.8649349 ], [ 75.7963723, 26.865622 ], [ 75.7964166, 26.8659587 ], [ 75.7964421, 26.8661581 ], [ 75.7965011, 26.8666002 ], [ 75.7966557, 26.8677045 ], [ 75.7967893, 26.8686483 ], [ 75.7967915, 26.8686637 ], [ 75.7968165, 26.8688757 ], [ 75.796893, 26.869381 ], [ 75.796952, 26.8697976 ], [ 75.7970066, 26.8701837 ], [ 75.7971017, 26.8709746 ], [ 75.7971302, 26.8712431 ], [ 75.7971717, 26.8716164 ], [ 75.7971889, 26.87174 ], [ 75.7972239, 26.8720053 ], [ 75.7972797, 26.8724276 ], [ 75.7972898, 26.8725142 ], [ 75.7972964, 26.8726516 ], [ 75.7973694, 26.8731806 ], [ 75.7974042, 26.8735024 ] ] ] } },
{ "type": "Feature", "properties": { "FID_1": 347, "OBJECTID": 0.0, "ref": null, "Shape_Leng": 0.0, "Type": "Major", "FID_2": 28675, "osm_id": 866422947.0, "name_1": "Tonk Road Flyover", "type_1": "primary", "oneway": 1, "maxspeed": 0, "Labels": null }, "geometry": { "type": "MultiLineString", "coordinates": [ [ [ 75.7989628, 26.8792339 ], [ 75.7988831, 26.8790139 ] ] ] } },
{ "type": "Feature", "properties": { "FID_1": 348, "OBJECTID": 0.0, "ref": null, "Shape_Leng": 0.0, "Type": "Major", "FID_2": 28676, "osm_id": 866422948.0, "name_1": "Tonk Road Flyover", "type_1": "primary", "oneway": 1, "maxspeed": 0, "Labels": null }, "geometry": { "type": "MultiLineString", "coordinates": [ [ [ 75.7987757, 26.8790405 ], [ 75.7988418, 26.8792539 ] ] ] } },
{ "type": "Feature", "properties": { "FID_1": 349, "OBJECTID": 0.0, "ref": null, "Shape_Leng": 0.0, "Type": "Major", "FID_2": 38071, "osm_id": 1013018837.0, "name_1": "Tonk Road", "type_1": "primary", "oneway": 1, "maxspeed": 0, "Labels": null }, "geometry": { "type": "MultiLineString", "coordinates": [ [ [ 75.7949507, 26.8548368 ], [ 75.7948578, 26.8542841 ], [ 75.7947537, 26.8534009 ] ] ] } },
{ "type": "Feature", "properties": { "FID_1": 350, "OBJECTID": 0.0, "ref": null, "Shape_Leng": 0.0, "Type": "Major", "FID_2": 38083, "osm_id": 1014539710.0, "name_1": "Tonk Road", "type_1": "primary", "oneway": 1, "maxspeed": 0, "Labels": null }, "geometry": { "type": "MultiLineString", "coordinates": [ [ [ 75.7953222, 26.8582724 ], [ 75.7953979, 26.8586322 ] ] ] } },
{ "type": "Feature", "properties": { "FID_1": 351, "OBJECTID": 0.0, "ref": null, "Shape_Leng": 0.0, "Type": "Major", "FID_2": 38084, "osm_id": 1015191023.0, "name_1": "Tonk Road", "type_1": "primary", "oneway": 1, "maxspeed": 0, "Labels": null }, "geometry": { "type": "MultiLineString", "coordinates": [ [ [ 75.7954992, 26.8585779 ], [ 75.7954559, 26.8582525 ], [ 75.7954308, 26.8580634 ], [ 75.7953644, 26.8576958 ], [ 75.7953196, 26.8572519 ], [ 75.7952486, 26.8567843 ] ] ] } },
{ "type": "Feature", "properties": { "FID_1": 39, "OBJECTID": 0.0, "ref": null, "Shape_Leng": 0.0, "Type": "Major", "FID_2": 39661, "osm_id": 1175300521.0, "name_1": "Tonk Road", "type_1": "primary", "oneway": 1, "maxspeed": 0, "Labels": null }, "geometry": { "type": "MultiLineString", "coordinates": [ [ [ 75.7937508, 26.8386457 ], [ 75.7937426, 26.8387523 ], [ 75.7937392, 26.8390903 ] ] ] } },
{ "type": "Feature", "properties": { "FID_1": 353, "OBJECTID": 0.0, "ref": null, "Shape_Leng": 0.0, "Type": "Major", "FID_2": 40745, "osm_id": 1206537582.0, "name_1": "Tonk Road", "type_1": "tertiary", "oneway": 1, "maxspeed": 0, "Labels": null }, "geometry": { "type": "MultiLineString", "coordinates": [ [ [ 75.7947537, 26.8534009 ], [ 75.7948165, 26.8533411 ], [ 75.794816, 26.8532456 ], [ 75.7947507, 26.852764 ], [ 75.794671, 26.8522674 ], [ 75.7946455, 26.8521202 ], [ 75.7945752, 26.8518196 ], [ 75.7945624, 26.8517649 ], [ 75.7943612, 26.850956 ], [ 75.7943312, 26.8508262 ], [ 75.7942893, 26.8506875 ], [ 75.7941855, 26.850286 ], [ 75.7941071, 26.8499263 ], [ 75.7940756, 26.8497284 ] ] ] } },
{ "type": "Feature", "properties": { "FID_1": 354, "OBJECTID": 0.0, "ref": null, "Shape_Leng": 0.0, "Type": "Major", "FID_2": 40774, "osm_id": 1206544475.0, "name_1": "Tonk Road", "type_1": "tertiary", "oneway": 1, "maxspeed": 0, "Labels": null }, "geometry": { "type": "MultiLineString", "coordinates": [ [ [ 75.793859, 26.8497567 ], [ 75.7938677, 26.8498313 ], [ 75.7939012, 26.8500586 ], [ 75.7939602, 26.8503267 ], [ 75.79403, 26.8505684 ], [ 75.7940769, 26.8507215 ], [ 75.7941104, 26.8508651 ], [ 75.7942164, 26.8512288 ], [ 75.7942821, 26.8515136 ], [ 75.7943492, 26.8517924 ], [ 75.7943612, 26.851862 ], [ 75.7944176, 26.8521896 ], [ 75.7944432, 26.8523327 ], [ 75.7944645, 26.8524792 ], [ 75.7945155, 26.852825 ], [ 75.7945718, 26.8533335 ], [ 75.7945825, 26.8534316 ], [ 75.7946093, 26.853507 ], [ 75.7946549, 26.8535608 ] ] ] } },
{ "type": "Feature", "properties": { "FID_1": 43, "OBJECTID": 0.0, "ref": null, "Shape_Leng": 0.0, "Type": "Major", "FID_2": 43618, "osm_id": 1214396149.0, "name_1": "Tonk Road", "type_1": "primary", "oneway": 1, "maxspeed": 0, "Labels": null }, "geometry": { "type": "MultiLineString", "coordinates": [ [ [ 75.7938507, 26.8392807 ], [ 75.7938814, 26.8387285 ], [ 75.7938886, 26.8386539 ] ] ] } },
{ "type": "Feature", "properties": { "FID_1": 359, "OBJECTID": 0.0, "ref": null, "Shape_Leng": 0.0, "Type": "Major", "FID_2": 47555, "osm_id": 1305182134.0, "name_1": "Tonk Road", "type_1": "primary", "oneway": 1, "maxspeed": 0, "Labels": null }, "geometry": { "type": "MultiLineString", "coordinates": [ [ [ 75.7937392, 26.8390903 ], [ 75.7937258, 26.8394649 ] ] ] } },
{ "type": "Feature", "properties": { "FID_1": 366, "OBJECTID": 0.0, "ref": null, "Shape_Leng": 0.0, "Type": "Major", "FID_2": 47621, "osm_id": 1315849350.0, "name_1": "Tonk Road Flyover", "type_1": "primary", "oneway": 1, "maxspeed": 0, "Labels": null }, "geometry": { "type": "MultiLineString", "coordinates": [ [ [ 75.7974042, 26.8735024 ], [ 75.7974265, 26.8736367 ] ] ] } },
{ "type": "Feature", "properties": { "FID_1": 367, "OBJECTID": 0.0, "ref": null, "Shape_Leng": 0.0, "Type": "Major", "FID_2": 47622, "osm_id": 1315849351.0, "name_1": "Tonk Road Flyover", "type_1": "primary", "oneway": 1, "maxspeed": 0, "Labels": null }, "geometry": { "type": "MultiLineString", "coordinates": [ [ [ 75.7975177, 26.8736326 ], [ 75.7974974, 26.8735063 ] ] ] } },
{ "type": "Feature", "properties": { "FID_1": 1421, "OBJECTID": 0.0, "ref": null, "Shape_Leng": 0.0, "Type": "Major", "FID_2": 27291, "osm_id": 756961333.0, "name_1": "Tonk Road", "type_1": "primary", "oneway": 1, "maxspeed": 0, "Labels": null }, "geometry": { "type": "MultiLineString", "coordinates": [ [ [ 75.8121466, 26.8991808 ], [ 75.8120792, 26.8990834 ], [ 75.8115071, 26.8983115 ], [ 75.811004, 26.8976447 ], [ 75.8105061, 26.8969848 ], [ 75.8097303, 26.8960735 ], [ 75.809242, 26.8954302 ], [ 75.8087639, 26.8948225 ] ] ] } },
{ "type": "Feature", "properties": { "FID_1": 242, "OBJECTID": 0.0, "ref": "NH11", "Shape_Leng": 0.0, "Type": "National Highway", "FID_2": 1, "osm_id": 28717241.0, "name_1": "Mirza Ismail Road", "type_1": "trunk", "oneway": 1, "maxspeed": 0, "Labels": "NH11" }, "geometry": { "type": "MultiLineString", "coordinates": [ [ [ 75.83280950000011, 26.913405300000022 ], [ 75.8326882, 26.913435400000026 ], [ 75.831963100000053, 26.913603600000044 ], [ 75.831360100000097, 26.913741800000139 ], [ 75.831310600000108, 26.9137531 ], [ 75.831265200000075, 26.913764300000025 ], [ 75.83100120000006, 26.913829600000099 ], [ 75.830015300000014, 26.914073300000041 ], [ 75.82935329999998, 26.914240100000143 ], [ 75.828783300000055, 26.914380200000039 ], [ 75.827966300000128, 26.91458090000009 ], [ 75.827920200000051, 26.914600200000109 ], [ 75.827710899999943, 26.914687600000036 ] ], [ [ 75.827710899999943, 26.914687600000036 ], [ 75.827989600000137, 26.914647500000115 ], [ 75.828279200000111, 26.914574200000061 ], [ 75.828416600000082, 26.914540300000112 ], [ 75.829496200000051, 26.914274100000114 ], [ 75.830468600000074, 26.9140473 ], [ 75.831321800000126, 26.913835600000084 ], [ 75.831400800000097, 26.913813 ], [ 75.831658500000117, 26.9137391000001 ], [ 75.8317085, 26.913724799999954 ], [ 75.832164300000045, 26.913620400000013 ], [ 75.832532100000094, 26.91353950000007 ], [ 75.832715199999939, 26.913498300000072 ], [ 75.832824500000129, 26.9134717 ] ], [ [ 75.827710899999943, 26.914687600000036 ], [ 75.827506799999981, 26.914740900000027 ], [ 75.827187099999946, 26.914824300000021 ], [ 75.82664990000012, 26.914964500000053 ], [ 75.826306300000113, 26.915060199999971 ], [ 75.825990700000091, 26.915136500000074 ], [ 75.825577800000019, 26.915188699999931 ], [ 75.825452900000016, 26.915189600000019 ] ], [ [ 75.825452900000016, 26.915189600000019 ], [ 75.825293400000135, 26.915124300000116 ], [ 75.824864700000035, 26.915124699999978 ], [ 75.824685, 26.915110700000071 ] ], [ [ 75.824687100000062, 26.915206000000126 ], [ 75.824843200000032, 26.915207200000054 ], [ 75.825007, 26.915207200000054 ], [ 75.825316700000087, 26.9152305 ], [ 75.825452900000016, 26.915189600000019 ] ], [ [ 75.818544900000063, 26.916420900000105 ], [ 75.819996500000116, 26.916132 ], [ 75.820333, 26.916051 ], [ 75.820430699999974, 26.916030799999987 ], [ 75.820559600000138, 26.916004200000089 ], [ 75.82075279999998, 26.915956700000095 ], [ 75.821329, 26.915837300000135 ], [ 75.8219343, 26.915707900000086 ], [ 75.822389500000043, 26.915610500000014 ], [ 75.823002300000098, 26.9154767 ], [ 75.823234500000126, 26.915426800000091 ], [ 75.823524300000145, 26.915364500000123 ], [ 75.823651199999972, 26.915340600000093 ], [ 75.824035900000013, 26.915268200000128 ], [ 75.8242912, 26.915229899999986 ], [ 75.824588600000084, 26.915211800000066 ] ], [ [ 75.802999900000145, 26.917245599999944 ], [ 75.803125600000044, 26.917220199999974 ], [ 75.803570800000102, 26.91714880000012 ], [ 75.803851400000042, 26.91710380000012 ], [ 75.803997300000049, 26.917080399999975 ], [ 75.804369, 26.917020700000023 ], [ 75.804448500000092, 26.917008 ], [ 75.804650200000083, 26.916977100000111 ], [ 75.804719599999942, 26.916963900000098 ], [ 75.80501090000007, 26.916912700000125 ], [ 75.805293900000038, 26.916871800000138 ], [ 75.805507300000102, 26.916840900000068 ], [ 75.805771000000107, 26.916802800000085 ], [ 75.806118200000014, 26.916741699999989 ], [ 75.806391200000064, 26.91669370000011 ], [ 75.806643399999984, 26.91664940000004 ], [ 75.806739800000116, 26.9166389 ], [ 75.807269900000108, 26.916564800000117 ], [ 75.807306499999925, 26.916561 ], [ 75.808283, 26.91645840000001 ], [ 75.808851600000082, 26.916398700000059 ], [ 75.809269900000061, 26.91634120000009 ], [ 75.809727400000043, 26.916266300000132 ], [ 75.8098938, 26.916254200000026 ], [ 75.810119499999985, 26.916234299999928 ], [ 75.810266500000068, 26.9162366 ], [ 75.810706, 26.916261400000053 ], [ 75.810789700000043, 26.916277200000138 ], [ 75.811067200000082, 26.916329500000018 ], [ 75.811349800000016, 26.916403100000082 ], [ 75.811620800000071, 26.916491600000086 ], [ 75.812011200000029, 26.916626700000108 ], [ 75.812434500000052, 26.916718400000036 ], [ 75.813632200000029, 26.916776300000038 ], [ 75.8141493, 26.9167951 ], [ 75.814751400000091, 26.916834800000061 ], [ 75.815272600000014, 26.9168575 ], [ 75.815879000000109, 26.916871600000093 ] ], [ [ 75.801350400000103, 26.917817700000057 ], [ 75.801432899999952, 26.917787800000042 ], [ 75.801663500000075, 26.9176928 ], [ 75.802107500000034, 26.917509799999948 ], [ 75.802311299999985, 26.9174309 ], [ 75.802517200000011, 26.917374699999982 ], [ 75.802640200000042, 26.917341200000067 ], [ 75.802554600000065, 26.9173988 ], [ 75.802425, 26.917486100000133 ], [ 75.801715300000069, 26.917791800000032 ], [ 75.801389300000096, 26.91791390000003 ], [ 75.801303400000108, 26.917941100000121 ], [ 75.800955300000055, 26.918053199999974 ], [ 75.800520199999937, 26.918196500000136 ], [ 75.800254399999972, 26.918284 ], [ 75.799916700000097, 26.918403399999988 ], [ 75.799427499999979, 26.918564700000047 ], [ 75.7985243, 26.918879600000139 ], [ 75.798315899999977, 26.918954900000017 ], [ 75.797058200000038, 26.919396200000108 ], [ 75.7965532, 26.919555600000137 ], [ 75.796514699999989, 26.919567800000095 ], [ 75.796107300000074, 26.919693900000027 ], [ 75.795584, 26.919856 ], [ 75.795144000000107, 26.919981700000051 ], [ 75.794439800000077, 26.920182899999986 ], [ 75.794309599999963, 26.920242599999938 ], [ 75.794231900000113, 26.920306100000062 ], [ 75.794183500000031, 26.920385900000099 ], [ 75.794160400000067, 26.920453399999985 ], [ 75.794096300000092, 26.920711500000039 ] ], [ [ 75.801255400000059, 26.917852200000084 ], [ 75.801052, 26.917918600000064 ], [ 75.800208100000077, 26.918206800000064 ], [ 75.800044400000047, 26.918261800000039 ], [ 75.799866, 26.9183193 ], [ 75.799699900000121, 26.918378700000119 ], [ 75.7987774, 26.918694700000117 ], [ 75.798486700000126, 26.9187943 ], [ 75.79825210000007, 26.918876200000057 ], [ 75.797898, 26.918998400000021 ], [ 75.797021800000039, 26.9193007 ], [ 75.796125800000141, 26.919597700000054 ], [ 75.795775200000094, 26.91971390000009 ], [ 75.7954648, 26.919809 ], [ 75.795283300000108, 26.919859600000052 ], [ 75.79506049999992, 26.919921800000054 ], [ 75.794789700000081, 26.919996900000058 ], [ 75.794417900000042, 26.920099900000025 ], [ 75.79440139999997, 26.920104500000093 ], [ 75.794227500000147, 26.9201784 ], [ 75.794162800000095, 26.920257799999945 ], [ 75.794106100000022, 26.9203569 ], [ 75.7940825, 26.920435200000099 ], [ 75.794009099999982, 26.920682300000124 ] ] ] } },
{ "type": "Feature", "properties": { "FID_1": 177, "OBJECTID": 0.0, "ref": null, "Shape_Leng": 0.0, "Type": "Major", "FID_2": 974, "osm_id": 170105215.0, "name_1": "Mirza Ismail Road", "type_1": "trunk", "oneway": 1, "maxspeed": 0, "Labels": null }, "geometry": { "type": "MultiLineString", "coordinates": [ [ [ 75.8205396, 26.915888 ], [ 75.8204022, 26.9159165 ], [ 75.818837, 26.9162583 ] ] ] } },
{ "type": "Feature", "properties": { "FID_1": 273, "OBJECTID": 0.0, "ref": null, "Shape_Leng": 0.0, "Type": "Major", "FID_2": 975, "osm_id": 170105221.0, "name_1": "Mirza Ismail Road", "type_1": "trunk", "oneway": 1, "maxspeed": 0, "Labels": null }, "geometry": { "type": "MultiLineString", "coordinates": [ [ [ 75.8245882, 26.915117 ], [ 75.8243101, 26.9151228 ] ] ] } },
{ "type": "Feature", "properties": { "FID_1": 178, "OBJECTID": 0.0, "ref": null, "Shape_Leng": 0.0, "Type": "Major", "FID_2": 976, "osm_id": 170105223.0, "name_1": "Mirza Ismail Road", "type_1": "trunk", "oneway": 1, "maxspeed": 0, "Labels": null }, "geometry": { "type": "MultiLineString", "coordinates": [ [ [ 75.815879, 26.9168716 ], [ 75.8160066, 26.9169231 ], [ 75.8163969, 26.9169245 ] ] ] } },
{ "type": "Feature", "properties": { "FID_1": 180, "OBJECTID": 0.0, "ref": null, "Shape_Leng": 0.0, "Type": "Major", "FID_2": 1262, "osm_id": 200660965.0, "name_1": "Mirza Ismail Road", "type_1": "trunk", "oneway": 1, "maxspeed": 0, "Labels": null }, "geometry": { "type": "MultiLineString", "coordinates": [ [ [ 75.8164861, 26.9169125 ], [ 75.8166103, 26.9168861 ], [ 75.8167832, 26.9168389 ], [ 75.8169155, 26.9167916 ], [ 75.8170505, 26.916735 ], [ 75.8171892, 26.9166768 ] ] ] } },
{ "type": "Feature", "properties": { "FID_1": 181, "OBJECTID": 0.0, "ref": null, "Shape_Leng": 0.0, "Type": "Major", "FID_2": 1263, "osm_id": 200660966.0, "name_1": "Mirza Ismail Road", "type_1": "trunk", "oneway": 1, "maxspeed": 0, "Labels": null }, "geometry": { "type": "MultiLineString", "coordinates": [ [ [ 75.8163969, 26.9169245 ], [ 75.8164861, 26.9169125 ] ] ] } },
{ "type": "Feature", "properties": { "FID_1": 183, "OBJECTID": 0.0, "ref": null, "Shape_Leng": 0.0, "Type": "Major", "FID_2": 1792, "osm_id": 236960268.0, "name_1": "Mirza Ismail Road", "type_1": "trunk", "oneway": 1, "maxspeed": 0, "Labels": null }, "geometry": { "type": "MultiLineString", "coordinates": [ [ [ 75.8172515, 26.9165324 ], [ 75.8171618, 26.9165633 ], [ 75.8170331, 26.9166384 ], [ 75.8168461, 26.9167223 ], [ 75.8167027, 26.9167726 ], [ 75.8165647, 26.9168047 ], [ 75.816454, 26.9168112 ] ] ] } },
{ "type": "Feature", "properties": { "FID_1": 252, "OBJECTID": 0.0, "ref": "NH11", "Shape_Leng": 0.0, "Type": "National Highway", "FID_2": 3638, "osm_id": 374531490.0, "name_1": "Mirza Ismael Road", "type_1": "primary", "oneway": 1, "maxspeed": 0, "Labels": null }, "geometry": { "type": "MultiLineString", "coordinates": [ [ [ 75.7930189, 26.9255389 ], [ 75.7930951, 26.925203 ], [ 75.7931178, 26.925103 ], [ 75.7932325, 26.9245972 ], [ 75.7932764, 26.9244038 ], [ 75.7933979, 26.9238678 ], [ 75.7934216, 26.9237678 ], [ 75.7934953, 26.9234571 ], [ 75.7935038, 26.9234085 ], [ 75.793536, 26.9232236 ], [ 75.793573, 26.9230109 ], [ 75.7937083, 26.9224764 ], [ 75.7937387, 26.9223587 ], [ 75.7937565, 26.9222592 ], [ 75.7939147, 26.9215727 ], [ 75.7940229, 26.9210597 ], [ 75.7940573, 26.9208965 ], [ 75.7940963, 26.9207115 ] ] ] } },
{ "type": "Feature", "properties": { "FID_1": 191, "OBJECTID": 0.0, "ref": null, "Shape_Leng": 0.0, "Type": "Major", "FID_2": 27070, "osm_id": 754045503.0, "name_1": "Mirza Ismail Road", "type_1": "trunk", "oneway": 1, "maxspeed": 0, "Labels": null }, "geometry": { "type": "MultiLineString", "coordinates": [ [ [ 75.8171892, 26.9166768 ], [ 75.8172851, 26.9166546 ] ] ] } },
{ "type": "Feature", "properties": { "FID_1": 192, "OBJECTID": 0.0, "ref": null, "Shape_Leng": 0.0, "Type": "Major", "FID_2": 27071, "osm_id": 754045504.0, "name_1": "Mirza Ismail Road", "type_1": "trunk", "oneway": 1, "maxspeed": 0, "Labels": null }, "geometry": { "type": "MultiLineString", "coordinates": [ [ [ 75.8243101, 26.9151228 ], [ 75.824001, 26.915175 ], [ 75.8235385, 26.9152733 ], [ 75.8230738, 26.9153666 ], [ 75.8229202, 26.9153964 ], [ 75.8214664, 26.915678 ], [ 75.8208977, 26.9158205 ], [ 75.8205396, 26.915888 ] ] ] } },
{ "type": "Feature", "properties": { "FID_1": 193, "OBJECTID": 0.0, "ref": null, "Shape_Leng": 0.0, "Type": "Major", "FID_2": 27350, "osm_id": 757545715.0, "name_1": "Mirza Ismail Road", "type_1": "trunk", "oneway": 1, "maxspeed": 0, "Labels": null }, "geometry": { "type": "MultiLineString", "coordinates": [ [ [ 75.818837, 26.9162583 ], [ 75.818516, 26.9163077 ], [ 75.8175228, 26.9165048 ], [ 75.8174743, 26.9165139 ], [ 75.8172515, 26.9165324 ] ] ] } },
{ "type": "Feature", "properties": { "FID_1": 276, "OBJECTID": 0.0, "ref": null, "Shape_Leng": 0.0, "Type": "Major", "FID_2": 29447, "osm_id": 878846724.0, "name_1": "Mirza Ismail Road", "type_1": "trunk", "oneway": 1, "maxspeed": 0, "Labels": null }, "geometry": { "type": "MultiLineString", "coordinates": [ [ [ 75.824685, 26.9151107 ], [ 75.8245882, 26.915117 ] ] ] } },
{ "type": "Feature", "properties": { "FID_1": 277, "OBJECTID": 0.0, "ref": null, "Shape_Leng": 0.0, "Type": "Major", "FID_2": 37664, "osm_id": 934160934.0, "name_1": "Mirza Ismail Road", "type_1": "trunk", "oneway": 1, "maxspeed": 0, "Labels": null }, "geometry": { "type": "MultiLineString", "coordinates": [ [ [ 75.8245886, 26.9152118 ], [ 75.8246871, 26.915206 ] ] ] } },
{ "type": "Feature", "properties": { "FID_1": 199, "OBJECTID": 0.0, "ref": null, "Shape_Leng": 0.0, "Type": "Major", "FID_2": 40773, "osm_id": 1206544474.0, "name_1": "Mirza Ismail Road", "type_1": "trunk", "oneway": 1, "maxspeed": 0, "Labels": null }, "geometry": { "type": "MultiLineString", "coordinates": [ [ [ 75.8172851, 26.9166546 ], [ 75.8175355, 26.9166027 ], [ 75.817673, 26.9165697 ], [ 75.8178354, 26.9165428 ], [ 75.8184027, 26.9164487 ], [ 75.818426, 26.9164448 ], [ 75.8185449, 26.9164209 ] ] ] } },
{ "type": "Feature", "properties": { "FID_1": 202, "OBJECTID": 0.0, "ref": null, "Shape_Leng": 0.0, "Type": "Major", "FID_2": 42825, "osm_id": 1211501429.0, "name_1": "Mirza Ismail Road", "type_1": "trunk", "oneway": 1, "maxspeed": 0, "Labels": null }, "geometry": { "type": "MultiLineString", "coordinates": [ [ [ 75.8026402, 26.9173412 ], [ 75.8029999, 26.9172456 ] ] ] } },
{ "type": "Feature", "properties": { "FID_1": 741, "OBJECTID": 0.0, "ref": null, "Shape_Leng": 0.0, "Type": "Major", "FID_2": 25738, "osm_id": 570238664.0, "name_1": "New Sanganer Road", "type_1": "secondary", "oneway": 1, "maxspeed": 0, "Labels": null }, "geometry": { "type": "MultiLineString", "coordinates": [ [ [ 75.7750116, 26.9028078 ], [ 75.7749631, 26.9026403 ], [ 75.7749298, 26.9025593 ], [ 75.7748331, 26.9022344 ], [ 75.7747417, 26.9018134 ], [ 75.7745888, 26.901172 ], [ 75.7745526, 26.9010286 ], [ 75.7744717, 26.9006705 ], [ 75.7744012, 26.9004975 ], [ 75.7741304, 26.9000128 ], [ 75.7738091, 26.8996653 ], [ 75.773016, 26.8991058 ], [ 75.7729832, 26.8990836 ], [ 75.7724274, 26.898717 ], [ 75.7723444, 26.8986541 ] ] ] } },
{ "type": "Feature", "properties": { "FID_1": 779, "OBJECTID": 0.0, "ref": null, "Shape_Leng": 0.0, "Type": "Major", "FID_2": 25739, "osm_id": 570238665.0, "name_1": "New Sanganer Road", "type_1": "secondary", "oneway": 1, "maxspeed": 0, "Labels": null }, "geometry": { "type": "MultiLineString", "coordinates": [ [ [ 75.7666069, 26.8805401 ], [ 75.7666704, 26.8808544 ], [ 75.7667419, 26.8810196 ], [ 75.7669266, 26.8816989 ], [ 75.7670069, 26.8820897 ], [ 75.7672875, 26.8834556 ], [ 75.7674201, 26.8841007 ], [ 75.7675102, 26.8845393 ], [ 75.7675367, 26.8846678 ], [ 75.7676205, 26.8850812 ], [ 75.7680436, 26.8871277 ], [ 75.768076, 26.8872843 ], [ 75.7683684, 26.8887031 ], [ 75.7684105, 26.8889059 ], [ 75.7685365, 26.8895122 ], [ 75.7686485, 26.8899825 ], [ 75.7686658, 26.8900769 ], [ 75.7687541, 26.8905558 ], [ 75.7688802, 26.8911234 ], [ 75.7690487, 26.8918087 ], [ 75.7692098, 26.8923686 ], [ 75.7693001, 26.8926561 ], [ 75.7694863, 26.8932263 ], [ 75.7696589, 26.8937574 ], [ 75.7698304, 26.8943198 ], [ 75.7698555, 26.8943965 ], [ 75.7700238, 26.8949107 ], [ 75.7701344, 26.8952483 ], [ 75.7701715, 26.8953727 ], [ 75.7702421, 26.8956093 ], [ 75.7704441, 26.8963121 ], [ 75.770485, 26.8964236 ], [ 75.7708205, 26.8974331 ], [ 75.77085, 26.8975178 ], [ 75.7708667, 26.8975657 ], [ 75.770921, 26.897702 ], [ 75.7710158, 26.8978542 ], [ 75.7711796, 26.8980252 ], [ 75.7716559, 26.8983518 ], [ 75.772231, 26.8987513 ], [ 75.7723029, 26.8988013 ] ] ] } },
{ "type": "Feature", "properties": { "FID_1": 780, "OBJECTID": 0.0, "ref": null, "Shape_Leng": 0.0, "Type": "Major", "FID_2": 25742, "osm_id": 570238671.0, "name_1": "New Sanganer Road", "type_1": "secondary", "oneway": 1, "maxspeed": 0, "Labels": null }, "geometry": { "type": "MultiLineString", "coordinates": [ [ [ 75.7723444, 26.8986541 ], [ 75.772177, 26.8985416 ], [ 75.7720945, 26.8984819 ], [ 75.7717797, 26.8982473 ], [ 75.7713366, 26.8979101 ], [ 75.771207, 26.8978154 ], [ 75.7711116, 26.8976829 ], [ 75.7710219, 26.8974659 ], [ 75.7709613, 26.8973139 ], [ 75.7708018, 26.8967366 ], [ 75.7707021, 26.8963883 ], [ 75.7705745, 26.8959371 ], [ 75.7703773, 26.8953379 ], [ 75.7702512, 26.8949566 ], [ 75.770056, 26.8943668 ], [ 75.7700534, 26.894359 ], [ 75.7700386, 26.8943141 ], [ 75.7700284, 26.8942833 ], [ 75.7697918, 26.8935803 ], [ 75.7695578, 26.8928242 ], [ 75.7693089, 26.8920768 ], [ 75.7691825, 26.8915513 ], [ 75.769084, 26.8910866 ], [ 75.7688739, 26.890095 ], [ 75.7688584, 26.8900085 ], [ 75.7687735, 26.8896338 ], [ 75.7687421, 26.8894844 ], [ 75.76871, 26.8893319 ], [ 75.768607, 26.8888404 ], [ 75.7685718, 26.8886246 ], [ 75.7683721, 26.8877711 ], [ 75.7682569, 26.8872602 ], [ 75.7682204, 26.8870985 ], [ 75.7681194, 26.8864895 ], [ 75.7678989, 26.8854723 ], [ 75.7678226, 26.8850372 ], [ 75.7676041, 26.8838765 ], [ 75.767493, 26.8833759 ], [ 75.7673312, 26.8826471 ], [ 75.7672009, 26.8820603 ], [ 75.7670787, 26.8815097 ], [ 75.7670292, 26.8813005 ], [ 75.7669845, 26.8810938 ], [ 75.7669374, 26.8809339 ], [ 75.7668955, 26.8807978 ], [ 75.7668491, 26.8805138 ] ] ] } },
{ "type": "Feature", "properties": { "FID_1": 773, "OBJECTID": 0.0, "ref": null, "Shape_Leng": 0.0, "Type": "Major", "FID_2": 47736, "osm_id": 1331639552.0, "name_1": "New Sanganer Road", "type_1": "secondary", "oneway": 1, "maxspeed": 0, "Labels": null }, "geometry": { "type": "MultiLineString", "coordinates": [ [ [ 75.7723029, 26.8988013 ], [ 75.7727325, 26.8990739 ], [ 75.7733363, 26.8994931 ], [ 75.7736792, 26.8997551 ], [ 75.7738949, 26.8999701 ], [ 75.7741501, 26.9003357 ], [ 75.7742706, 26.900566 ], [ 75.7743606, 26.9008241 ], [ 75.7745852, 26.9018046 ], [ 75.7746422, 26.9020447 ], [ 75.7746553, 26.9020998 ], [ 75.7746878, 26.902237 ], [ 75.7747628, 26.9026542 ], [ 75.7747908, 26.9027568 ], [ 75.7748954, 26.9028584 ] ] ] } },
{ "type": "Feature", "properties": { "FID_1": 774, "OBJECTID": 0.0, "ref": null, "Shape_Leng": 0.0, "Type": "Major", "FID_2": 48032, "osm_id": 1382241838.0, "name_1": "New Sanganer Road", "type_1": "secondary", "oneway": 1, "maxspeed": 0, "Labels": null }, "geometry": { "type": "MultiLineString", "coordinates": [ [ [ 75.7749631, 26.9026403 ], [ 75.7747908, 26.9027568 ] ] ] } },
{ "type": "Feature", "properties": { "FID_1": 849, "OBJECTID": 0.0, "ref": null, "Shape_Leng": 0.0, "Type": "Major", "FID_2": 1556, "osm_id": 230843925.0, "name_1": null, "type_1": "secondary", "oneway": 1, "maxspeed": 0, "Labels": null }, "geometry": { "type": "MultiLineString", "coordinates": [ [ [ 75.7871581, 26.9595428 ], [ 75.7872107, 26.9595004 ], [ 75.7873257, 26.9593428 ], [ 75.7874196, 26.9592567 ], [ 75.7878274, 26.9589579 ], [ 75.788048, 26.9587923 ], [ 75.7881365, 26.9587493 ], [ 75.7882269, 26.958714 ], [ 75.7883154, 26.9586901 ], [ 75.7883999, 26.9586779 ], [ 75.7888039, 26.9586195 ], [ 75.7892757, 26.9585514 ], [ 75.7895514, 26.9585156 ], [ 75.7902895, 26.9584199 ], [ 75.7904572, 26.9583998 ], [ 75.7910084, 26.9583339 ], [ 75.7911725, 26.9582883 ], [ 75.7912844, 26.958256 ], [ 75.7913558, 26.9582179 ], [ 75.7914101, 26.9581597 ], [ 75.7915112, 26.9579725 ], [ 75.7915799, 26.9578683 ] ] ] } },
{ "type": "Feature", "properties": { "FID_1": 827, "OBJECTID": 0.0, "ref": null, "Shape_Leng": 0.0, "Type": "Major", "FID_2": 1558, "osm_id": 230843927.0, "name_1": null, "type_1": "secondary", "oneway": 1, "maxspeed": 0, "Labels": null }, "geometry": { "type": "MultiLineString", "coordinates": [ [ [ 75.773865, 26.965614 ], [ 75.7738135, 26.9657181 ], [ 75.7737056, 26.965819 ], [ 75.7735124, 26.965905 ], [ 75.7725549, 26.966321 ], [ 75.7723841, 26.9663781 ], [ 75.7722878, 26.9664023 ], [ 75.7721848, 26.9664256 ] ] ] } },
{ "type": "Feature", "properties": { "FID_1": 850, "OBJECTID": 0.0, "ref": null, "Shape_Leng": 0.0, "Type": "Major", "FID_2": 1559, "osm_id": 230843928.0, "name_1": null, "type_1": "secondary", "oneway": 1, "maxspeed": 0, "Labels": null }, "geometry": { "type": "MultiLineString", "coordinates": [ [ [ 75.7912873, 26.9580671 ], [ 75.7912354, 26.9581389 ], [ 75.7911463, 26.9581843 ], [ 75.7909421, 26.9582209 ], [ 75.7905571, 26.9582616 ], [ 75.7902815, 26.9582908 ], [ 75.7900615, 26.9583193 ], [ 75.7898194, 26.9583506 ], [ 75.7895378, 26.958387 ], [ 75.7887184, 26.958493 ], [ 75.7885622, 26.9585132 ], [ 75.788327, 26.9585556 ], [ 75.7881625, 26.9585993 ], [ 75.7880418, 26.9586566 ], [ 75.7879273, 26.9587301 ], [ 75.7875537, 26.9590105 ], [ 75.7873158, 26.9591892 ], [ 75.7871543, 26.9592658 ], [ 75.7869719, 26.9593081 ] ] ] } },
{ "type": "Feature", "properties": { "FID_1": 829, "OBJECTID": 0.0, "ref": null, "Shape_Leng": 0.0, "Type": "Major", "FID_2": 1561, "osm_id": 230843930.0, "name_1": null, "type_1": "secondary", "oneway": 1, "maxspeed": 0, "Labels": null }, "geometry": { "type": "MultiLineString", "coordinates": [ [ [ 75.7743785, 26.9657647 ], [ 75.7744432, 26.9656946 ], [ 75.774527, 26.9655866 ], [ 75.774647, 26.965501 ], [ 75.776047, 26.964841 ], [ 75.7763152, 26.9647146 ], [ 75.7766038, 26.9645766 ], [ 75.7780977, 26.9638664 ], [ 75.7794537, 26.9632137 ], [ 75.779481, 26.9632007 ], [ 75.7795603, 26.9631625 ], [ 75.7805461, 26.9626872 ], [ 75.7815827, 26.9621875 ], [ 75.7816892, 26.9621361 ], [ 75.7821276, 26.9619247 ], [ 75.7830521, 26.9614872 ], [ 75.784091, 26.9609804 ], [ 75.7845711, 26.9607522 ], [ 75.7847306, 26.960673 ], [ 75.7848501, 26.960611 ], [ 75.7850342, 26.9605244 ], [ 75.7865103, 26.9598305 ], [ 75.7866479, 26.9597892 ], [ 75.7867624, 26.9597683 ], [ 75.7869481, 26.9597365 ] ] ] } },
{ "type": "Feature", "properties": { "FID_1": 830, "OBJECTID": 0.0, "ref": null, "Shape_Leng": 0.0, "Type": "Major", "FID_2": 1563, "osm_id": 230843933.0, "name_1": null, "type_1": "secondary", "oneway": 1, "maxspeed": 0, "Labels": null }, "geometry": { "type": "MultiLineString", "coordinates": [ [ [ 75.7867036, 26.9594134 ], [ 75.7865747, 26.9595555 ], [ 75.7864513, 26.959687 ], [ 75.7863146, 26.9597766 ], [ 75.7857879, 26.9600203 ], [ 75.785432, 26.9601939 ], [ 75.7849301, 26.9604386 ], [ 75.7847659, 26.9605166 ], [ 75.784712, 26.9605434 ], [ 75.7846537, 26.9605723 ], [ 75.7844416, 26.9606749 ], [ 75.7833802, 26.9611884 ], [ 75.7828804, 26.9614256 ], [ 75.7819862, 26.96185 ], [ 75.781618, 26.9620256 ], [ 75.7815132, 26.9620755 ], [ 75.7804673, 26.9625755 ], [ 75.7794934, 26.963027 ], [ 75.7793819, 26.963094 ], [ 75.7780654, 26.9637191 ], [ 75.7767908, 26.9643267 ], [ 75.7764475, 26.9644872 ], [ 75.776231, 26.9645885 ], [ 75.7760364, 26.9646827 ], [ 75.774588, 26.9653839 ], [ 75.774476, 26.9654216 ], [ 75.7744264, 26.9654401 ], [ 75.7742702, 26.9654738 ] ] ] } },
{ "type": "Feature", "properties": { "FID_1": 832, "OBJECTID": 0.0, "ref": null, "Shape_Leng": 0.0, "Type": "Major", "FID_2": 1568, "osm_id": 230843940.0, "name_1": null, "type_1": "secondary", "oneway": 1, "maxspeed": 0, "Labels": null }, "geometry": { "type": "MultiLineString", "coordinates": [ [ [ 75.7724055, 26.9665367 ], [ 75.7726381, 26.9664453 ], [ 75.7735929, 26.966015 ], [ 75.7738987, 26.9659026 ], [ 75.7740545, 26.9659105 ] ] ] } },
{ "type": "Feature", "properties": { "FID_1": 838, "OBJECTID": 0.0, "ref": null, "Shape_Leng": 0.0, "Type": "Major", "FID_2": 40764, "osm_id": 1206544465.0, "name_1": "Alka Circle", "type_1": "secondary", "oneway": 0, "maxspeed": 0, "Labels": null }, "geometry": { "type": "MultiLineString", "coordinates": [ [ [ 75.773865, 26.965614 ], [ 75.7738578, 26.9656458 ], [ 75.7738556, 26.9656886 ], [ 75.7738612, 26.9657279 ], [ 75.7738791, 26.9657766 ], [ 75.7739031, 26.9658147 ], [ 75.7739305, 26.9658447 ], [ 75.7739689, 26.9658743 ], [ 75.7740018, 26.9658922 ], [ 75.7740545, 26.9659105 ] ] ] } },
{ "type": "Feature", "properties": { "FID_1": 244, "OBJECTID": 0.0, "ref": null, "Shape_Leng": 0.0, "Type": "Major", "FID_2": 6, "osm_id": 28790041.0, "name_1": "Sawai Jai Singh Circle", "type_1": "primary", "oneway": 1, "maxspeed": 0, "Labels": null }, "geometry": { "type": "MultiLineString", "coordinates": [ [ [ 75.7926076, 26.9268135 ], [ 75.7927714, 26.9268435 ], [ 75.7929298, 26.9268413 ], [ 75.7931119, 26.9268002 ], [ 75.7932863, 26.9267136 ], [ 75.793387, 26.9266327 ], [ 75.7934868, 26.9265116 ], [ 75.7935634, 26.9263422 ], [ 75.7935858, 26.9261744 ], [ 75.7935615, 26.9260247 ], [ 75.793557, 26.9259973 ], [ 75.793486, 26.9258478 ], [ 75.7933886, 26.9257295 ], [ 75.7932157, 26.9256054 ], [ 75.7930189, 26.9255389 ] ] ] } },
{ "type": "Feature", "properties": { "FID_1": 153, "OBJECTID": 0.0, "ref": null, "Shape_Leng": 0.0, "Type": "Major", "FID_2": 871, "osm_id": 163425355.0, "name_1": "Acharya Shri Tulsi Setu", "type_1": "trunk", "oneway": 1, "maxspeed": 0, "Labels": null }, "geometry": { "type": "MultiLineString", "coordinates": [ [ [ 75.7934114, 26.9142683 ], [ 75.7903102, 26.9132502 ] ] ] } },
{ "type": "Feature", "properties": { "FID_1": 154, "OBJECTID": 0.0, "ref": null, "Shape_Leng": 0.0, "Type": "Major", "FID_2": 872, "osm_id": 163425356.0, "name_1": "Acharya Shri Tulsi Setu", "type_1": "trunk", "oneway": 1, "maxspeed": 0, "Labels": null }, "geometry": { "type": "MultiLineString", "coordinates": [ [ [ 75.7903102, 26.9132502 ], [ 75.7901879, 26.9131749 ], [ 75.7897596, 26.9130386 ], [ 75.7885249, 26.9126593 ], [ 75.7875722, 26.9123287 ], [ 75.787367, 26.9122588 ], [ 75.7873032, 26.9122399 ], [ 75.7869824, 26.9120833 ], [ 75.7861728, 26.9116422 ], [ 75.785871, 26.9114807 ], [ 75.7854456, 26.9112723 ], [ 75.784561, 26.9109528 ], [ 75.7838251, 26.9107068 ], [ 75.7836588, 26.9106383 ] ] ] } },
{ "type": "Feature", "properties": { "FID_1": 155, "OBJECTID": 0.0, "ref": null, "Shape_Leng": 0.0, "Type": "Major", "FID_2": 1243, "osm_id": 200611600.0, "name_1": "Acharya Shri Tulsi Setu", "type_1": "trunk", "oneway": 1, "maxspeed": 0, "Labels": null }, "geometry": { "type": "MultiLineString", "coordinates": [ [ [ 75.7836808, 26.9107781 ], [ 75.7840877, 26.9109261 ], [ 75.7843614, 26.91102 ], [ 75.7848741, 26.9111827 ], [ 75.7852633, 26.9113188 ], [ 75.7855887, 26.9114616 ], [ 75.7859183, 26.9116221 ], [ 75.786199, 26.9117692 ], [ 75.786654, 26.9120248 ], [ 75.7871906, 26.9123218 ], [ 75.7876582, 26.9125622 ], [ 75.7882454, 26.9128128 ], [ 75.7887888, 26.9130055 ], [ 75.7891052, 26.9130989 ], [ 75.7893429, 26.9131691 ], [ 75.7899133, 26.9133406 ], [ 75.7900971, 26.9133785 ], [ 75.7902917, 26.9133961 ] ] ] } },
{ "type": "Feature", "properties": { "FID_1": 163, "OBJECTID": 0.0, "ref": null, "Shape_Leng": 0.0, "Type": "Major", "FID_2": 27462, "osm_id": 758426679.0, "name_1": "Acharya Shri Tulsi Setu", "type_1": "trunk", "oneway": 1, "maxspeed": 0, "Labels": null }, "geometry": { "type": "MultiLineString", "coordinates": [ [ [ 75.7902917, 26.9133961 ], [ 75.7919844, 26.9139296 ], [ 75.7933792, 26.9143693 ] ] ] } },
{ "type": "Feature", "properties": { "FID_1": 262, "OBJECTID": 0.0, "ref": null, "Shape_Leng": 0.0, "Type": "Major", "FID_2": 28693, "osm_id": 866544614.0, "name_1": "Sawai Jai Singh Circle", "type_1": "primary", "oneway": 1, "maxspeed": 0, "Labels": null }, "geometry": { "type": "MultiLineString", "coordinates": [ [ [ 75.7925827, 26.9255585 ], [ 75.7923914, 26.9256472 ], [ 75.7922665, 26.9257526 ], [ 75.7921817, 26.9258639 ], [ 75.7921223, 26.9259928 ], [ 75.7920922, 26.9261668 ], [ 75.7921141, 26.9263411 ], [ 75.7921648, 26.9264591 ], [ 75.792179, 26.9264922 ], [ 75.7922121, 26.9265611 ] ] ] } },
{ "type": "Feature", "properties": { "FID_1": 263, "OBJECTID": 0.0, "ref": null, "Shape_Leng": 0.0, "Type": "Major", "FID_2": 28694, "osm_id": 866544615.0, "name_1": "Sawai Jai Singh Circle", "type_1": "primary", "oneway": 1, "maxspeed": 0, "Labels": null }, "geometry": { "type": "MultiLineString", "coordinates": [ [ [ 75.7922967, 26.9266328 ], [ 75.7924296, 26.9267374 ], [ 75.7926076, 26.9268135 ] ] ] } },
{ "type": "Feature", "properties": { "FID_1": 264, "OBJECTID": 0.0, "ref": null, "Shape_Leng": 0.0, "Type": "Major", "FID_2": 28696, "osm_id": 866544617.0, "name_1": "Sawai Jai Singh Circle", "type_1": "primary", "oneway": 1, "maxspeed": 0, "Labels": null }, "geometry": { "type": "MultiLineString", "coordinates": [ [ [ 75.7930189, 26.9255389 ], [ 75.7929291, 26.9255254 ], [ 75.7927479, 26.9255194 ], [ 75.7925827, 26.9255585 ] ] ] } },
{ "type": "Feature", "properties": { "FID_1": 900, "OBJECTID": 0.0, "ref": null, "Shape_Leng": 0.0, "Type": "Major", "FID_2": 21, "osm_id": 28790106.0, "name_1": null, "type_1": "tertiary", "oneway": 0, "maxspeed": 0, "Labels": null }, "geometry": { "type": "MultiLineString", "coordinates": [ [ [ 75.7975712, 26.9282529 ], [ 75.7975186, 26.9283062 ], [ 75.7974909, 26.9283728 ], [ 75.7974896, 26.9284326 ], [ 75.7975086, 26.9284899 ], [ 75.7975461, 26.9285394 ], [ 75.7975986, 26.9285765 ], [ 75.7976733, 26.9285997 ], [ 75.7977524, 26.9285977 ], [ 75.7978255, 26.9285709 ], [ 75.7978832, 26.9285227 ], [ 75.7979176, 26.9284607 ], [ 75.7979256, 26.9283918 ], [ 75.7979062, 26.9283248 ], [ 75.7978618, 26.928268 ], [ 75.797798, 26.9282286 ], [ 75.7977208, 26.9282113 ], [ 75.7976417, 26.9282198 ], [ 75.7975712, 26.9282529 ] ] ] } },
{ "type": "Feature", "properties": { "FID_1": 901, "OBJECTID": 0.0, "ref": null, "Shape_Leng": 0.0, "Type": "Major", "FID_2": 22, "osm_id": 28790110.0, "name_1": "Shiv Marg", "type_1": "tertiary", "oneway": 0, "maxspeed": 0, "Labels": null }, "geometry": { "type": "MultiLineString", "coordinates": [ [ [ 75.7934868, 26.9265116 ], [ 75.79373, 26.9266212 ], [ 75.7937541, 26.9266321 ], [ 75.7938397, 26.926671 ], [ 75.7940979, 26.9267884 ], [ 75.7941553, 26.9268141 ], [ 75.7945557, 26.9269936 ], [ 75.7948934, 26.9271458 ], [ 75.7950937, 26.9272361 ], [ 75.7952582, 26.9273103 ], [ 75.7955283, 26.9274321 ], [ 75.7955957, 26.9274625 ], [ 75.7956554, 26.9275078 ], [ 75.7959843, 26.9276511 ], [ 75.7963177, 26.927805 ], [ 75.7965341, 26.9279132 ], [ 75.7969201, 26.9280987 ], [ 75.7974909, 26.9283728 ] ] ] } },
{ "type": "Feature", "properties": { "FID_1": 902, "OBJECTID": 0.0, "ref": null, "Shape_Leng": 0.0, "Type": "Major", "FID_2": 24, "osm_id": 28790113.0, "name_1": null, "type_1": "tertiary", "oneway": 0, "maxspeed": 0, "Labels": null }, "geometry": { "type": "MultiLineString", "coordinates": [ [ [ 75.801664, 26.9303983 ], [ 75.8010136, 26.9300758 ], [ 75.8008378, 26.9299886 ], [ 75.8007989, 26.9299693 ], [ 75.8004025, 26.9297727 ], [ 75.8003722, 26.9297577 ], [ 75.800152, 26.9296485 ], [ 75.7999323, 26.9295395 ], [ 75.7996854, 26.9294171 ], [ 75.7994083, 26.9292797 ], [ 75.7990897, 26.9291215 ], [ 75.7990391, 26.9290964 ], [ 75.7981894, 26.9286746 ], [ 75.7978832, 26.9285227 ] ] ] } },
{ "type": "Feature", "properties": { "FID_1": 841, "OBJECTID": 0.0, "ref": null, "Shape_Leng": 0.0, "Type": "Major", "FID_2": 679, "osm_id": 43249932.0, "name_1": null, "type_1": "secondary", "oneway": 1, "maxspeed": 0, "Labels": null }, "geometry": { "type": "MultiLineString", "coordinates": [ [ [ 75.8009654, 26.9387287 ], [ 75.8009761, 26.9388357 ], [ 75.801025, 26.9389784 ], [ 75.8011281, 26.939126 ], [ 75.8012348, 26.9392175 ], [ 75.8013582, 26.9392845 ] ] ] } },
{ "type": "Feature", "properties": { "FID_1": 842, "OBJECTID": 0.0, "ref": null, "Shape_Leng": 0.0, "Type": "Major", "FID_2": 680, "osm_id": 43249933.0, "name_1": null, "type_1": "secondary", "oneway": 1, "maxspeed": 0, "Labels": null }, "geometry": { "type": "MultiLineString", "coordinates": [ [ [ 75.8020923, 26.9382392 ], [ 75.8021338, 26.9381031 ], [ 75.8021712, 26.9379887 ] ] ] } },
{ "type": "Feature", "properties": { "FID_1": 843, "OBJECTID": 0.0, "ref": null, "Shape_Leng": 0.0, "Type": "Major", "FID_2": 681, "osm_id": 43249934.0, "name_1": "Powerhouse Road", "type_1": "secondary", "oneway": 0, "maxspeed": 0, "Labels": null }, "geometry": { "type": "MultiLineString", "coordinates": [ [ [ 75.8031589, 26.9360032 ], [ 75.8032139, 26.9358622 ], [ 75.8033251, 26.9355735 ], [ 75.8033604, 26.9354796 ], [ 75.8033908, 26.9354109 ], [ 75.8034534, 26.9352469 ], [ 75.8034931, 26.9351487 ], [ 75.8036179, 26.9348475 ], [ 75.8037389, 26.9344985 ], [ 75.8037903, 26.934348 ], [ 75.8038172, 26.9342618 ], [ 75.8038574, 26.9341881 ], [ 75.8039335, 26.9339831 ], [ 75.8039803, 26.933827 ], [ 75.804003, 26.9337018 ], [ 75.8039949, 26.9336124 ], [ 75.8039922, 26.9335283 ], [ 75.8037759, 26.9322235 ], [ 75.8037224, 26.9320805 ], [ 75.8036635, 26.931966 ], [ 75.8036229, 26.9319276 ], [ 75.803578, 26.931885 ], [ 75.8033976, 26.9317074 ], [ 75.8033644, 26.9316793 ], [ 75.8029308, 26.9313127 ], [ 75.8028249, 26.9312183 ], [ 75.8025884, 26.9310075 ], [ 75.8024947, 26.9309384 ], [ 75.8024333, 26.9308931 ], [ 75.8021224, 26.9306748 ], [ 75.8020243, 26.9306131 ], [ 75.8017533, 26.9304425 ], [ 75.801664, 26.9303983 ] ] ] } },
{ "type": "Feature", "properties": { "FID_1": 844, "OBJECTID": 0.0, "ref": null, "Shape_Leng": 0.0, "Type": "Major", "FID_2": 682, "osm_id": 43249935.0, "name_1": null, "type_1": "secondary", "oneway": 1, "maxspeed": 0, "Labels": null }, "geometry": { "type": "MultiLineString", "coordinates": [ [ [ 75.8013838, 26.9395707 ], [ 75.8014937, 26.9394288 ], [ 75.8015964, 26.9393667 ], [ 75.8016395, 26.9393475 ] ] ] } },
{ "type": "Feature", "properties": { "FID_1": 848, "OBJECTID": 0.0, "ref": null, "Shape_Leng": 0.0, "Type": "Major", "FID_2": 747, "osm_id": 119019245.0, "name_1": "Kanwatia Circle", "type_1": "secondary", "oneway": 1, "maxspeed": 30, "Labels": null }, "geometry": { "type": "MultiLineString", "coordinates": [ [ [ 75.7981848, 26.9459113 ], [ 75.7982628, 26.9459141 ], [ 75.7983391, 26.9458994 ], [ 75.7984089, 26.9458683 ], [ 75.7984678, 26.9458226 ], [ 75.798512, 26.9457653 ], [ 75.7985407, 26.9456918 ], [ 75.7985453, 26.9456141 ], [ 75.7985254, 26.9455384 ], [ 75.7984827, 26.9454706 ], [ 75.7984205, 26.945416 ] ] ] } },
{ "type": "Feature", "properties": { "FID_1": 854, "OBJECTID": 0.0, "ref": null, "Shape_Leng": 0.0, "Type": "Major", "FID_2": 17309, "osm_id": 449235244.0, "name_1": null, "type_1": "secondary", "oneway": 1, "maxspeed": 0, "Labels": null }, "geometry": { "type": "MultiLineString", "coordinates": [ [ [ 75.8013582, 26.9392845 ], [ 75.8013635, 26.9393523 ], [ 75.8013507, 26.939423 ], [ 75.8012792, 26.9395683 ] ] ] } },
{ "type": "Feature", "properties": { "FID_1": 865, "OBJECTID": 0.0, "ref": null, "Shape_Leng": 0.0, "Type": "Major", "FID_2": 37525, "osm_id": 932709306.0, "name_1": null, "type_1": "secondary", "oneway": 1, "maxspeed": 0, "Labels": null }, "geometry": { "type": "MultiLineString", "coordinates": [ [ [ 75.8022466, 26.9390475 ], [ 75.8023059, 26.9389628 ], [ 75.8023466, 26.9388395 ], [ 75.8023512, 26.9387879 ], [ 75.8023579, 26.9387132 ], [ 75.8023378, 26.9385783 ], [ 75.8022996, 26.9384848 ], [ 75.8022867, 26.9384533 ], [ 75.8022052, 26.9383389 ], [ 75.8020923, 26.9382392 ], [ 75.8019652, 26.9381732 ], [ 75.8019254, 26.9381525 ], [ 75.8018591, 26.9381363 ], [ 75.8017628, 26.9381128 ], [ 75.8016299, 26.9381069 ], [ 75.8015285, 26.9381188 ], [ 75.8015128, 26.9381206 ], [ 75.8013894, 26.9381565 ], [ 75.8013163, 26.938188 ], [ 75.8012267, 26.9382423 ] ] ] } },
{ "type": "Feature", "properties": { "FID_1": 867, "OBJECTID": 0.0, "ref": null, "Shape_Leng": 0.0, "Type": "Major", "FID_2": 37642, "osm_id": 932777011.0, "name_1": "Powerhouse Road", "type_1": "secondary", "oneway": 0, "maxspeed": 0, "Labels": null }, "geometry": { "type": "MultiLineString", "coordinates": [ [ [ 75.8021712, 26.9379887 ], [ 75.8021799, 26.9379716 ], [ 75.8022361, 26.9378615 ], [ 75.8025477, 26.9372511 ], [ 75.8027789, 26.936798 ], [ 75.8030334, 26.9362994 ], [ 75.8030824, 26.9361945 ], [ 75.8030905, 26.9361563 ] ] ] } },
{ "type": "Feature", "properties": { "FID_1": 871, "OBJECTID": 0.0, "ref": null, "Shape_Leng": 0.0, "Type": "Major", "FID_2": 40752, "osm_id": 1206537589.0, "name_1": null, "type_1": "secondary", "oneway": 1, "maxspeed": 0, "Labels": null }, "geometry": { "type": "MultiLineString", "coordinates": [ [ [ 75.8016395, 26.9393475 ], [ 75.8017516, 26.9393427 ], [ 75.801866, 26.9393181 ], [ 75.8018966, 26.9393115 ], [ 75.8020073, 26.939266 ], [ 75.8021002, 26.9392093 ], [ 75.8021818, 26.9391399 ], [ 75.8022466, 26.9390475 ] ] ] } },
{ "type": "Feature", "properties": { "FID_1": 874, "OBJECTID": 0.0, "ref": null, "Shape_Leng": 0.0, "Type": "Major", "FID_2": 40755, "osm_id": 1206537592.0, "name_1": "Kanwatia Circle", "type_1": "secondary", "oneway": 1, "maxspeed": 30, "Labels": null }, "geometry": { "type": "MultiLineString", "coordinates": [ [ [ 75.7982958, 26.9453671 ], [ 75.7981827, 26.9453661 ], [ 75.7980767, 26.9454014 ], [ 75.7979919, 26.9454681 ], [ 75.7979396, 26.9455576 ], [ 75.7979262, 26.9456486 ], [ 75.797947, 26.9457385 ], [ 75.7979996, 26.9458174 ], [ 75.7980783, 26.9458766 ] ] ] } },
{ "type": "Feature", "properties": { "FID_1": 878, "OBJECTID": 0.0, "ref": null, "Shape_Leng": 0.0, "Type": "Major", "FID_2": 40768, "osm_id": 1206544469.0, "name_1": null, "type_1": "secondary", "oneway": 1, "maxspeed": 0, "Labels": null }, "geometry": { "type": "MultiLineString", "coordinates": [ [ [ 75.8013582, 26.9392845 ], [ 75.8014053, 26.9393021 ], [ 75.8014469, 26.9393176 ], [ 75.8014791, 26.9393226 ], [ 75.8016395, 26.9393475 ] ] ] } },
{ "type": "Feature", "properties": { "FID_1": 881, "OBJECTID": 0.0, "ref": null, "Shape_Leng": 0.0, "Type": "Major", "FID_2": 47827, "osm_id": 1348383954.0, "name_1": null, "type_1": "secondary", "oneway": 1, "maxspeed": 0, "Labels": null }, "geometry": { "type": "MultiLineString", "coordinates": [ [ [ 75.8021712, 26.9379887 ], [ 75.8020536, 26.9380888 ], [ 75.8018591, 26.9381363 ] ] ] } },
{ "type": "Feature", "properties": { "FID_1": 104, "OBJECTID": 0.0, "ref": "NH11", "Shape_Leng": 0.0, "Type": "National Highway", "FID_2": 79, "osm_id": 28827964.0, "name_1": "Tripolia Bazaar", "type_1": "primary", "oneway": 1, "maxspeed": 0, "Labels": null }, "geometry": { "type": "MultiLineString", "coordinates": [ [ [ 75.826338500000077, 26.923017800000082 ], [ 75.825174900000093, 26.923258 ], [ 75.823939, 26.923531500000138 ], [ 75.822865200000138, 26.92374180000013 ], [ 75.822639600000116, 26.923786 ], [ 75.822522100000015, 26.923809 ], [ 75.822338500000058, 26.923847000000137 ], [ 75.821332699999971, 26.924043600000061 ], [ 75.820173399999987, 26.924281000000121 ], [ 75.818969, 26.924538899999959 ], [ 75.818907, 26.92454749999996 ], [ 75.818844900000045, 26.924533200000042 ], [ 75.818659799999978, 26.924447700000087 ] ], [ [ 75.818734200000108, 26.9247712 ], [ 75.818867299999908, 26.924686400000098 ], [ 75.819009599999958, 26.924624699999981 ], [ 75.819769899999983, 26.924463300000127 ], [ 75.820038, 26.924405499999978 ], [ 75.820205499999986, 26.924381200000084 ], [ 75.821081299999946, 26.9241935 ], [ 75.821349400000145, 26.924139200000127 ], [ 75.822194300000035, 26.923968100000025 ], [ 75.822388400000136, 26.923928800000112 ], [ 75.822544, 26.923897300000021 ], [ 75.82265110000003, 26.923875599999974 ], [ 75.822660700000085, 26.9238737 ], [ 75.822722900000088, 26.923861100000011 ], [ 75.823150800000121, 26.92377730000004 ], [ 75.82395750000012, 26.923616600000059 ], [ 75.825202, 26.9233433 ], [ 75.825966900000083, 26.923190100000113 ], [ 75.826371399999971, 26.923113199999989 ], [ 75.826572, 26.923109700000055 ] ] ] } },
{ "type": "Feature", "properties": { "FID_1": 443, "OBJECTID": 0.0, "ref": null, "Shape_Leng": 0.0, "Type": "Major", "FID_2": 798, "osm_id": 134988457.0, "name_1": "Amer Road , JAIPUR", "type_1": "secondary", "oneway": 1, "maxspeed": 0, "Labels": null }, "geometry": { "type": "MultiLineString", "coordinates": [ [ [ 75.8400008, 26.9461543 ], [ 75.840051, 26.9463752 ], [ 75.8401024, 26.9465773 ], [ 75.8401768, 26.9468564 ], [ 75.840271, 26.9471483 ], [ 75.8402974, 26.9472288 ], [ 75.8404935, 26.9479569 ], [ 75.8406578, 26.9485609 ], [ 75.840774, 26.9489837 ], [ 75.8409702, 26.9496472 ], [ 75.8411888, 26.950432 ], [ 75.8412752, 26.950726 ], [ 75.8414002, 26.9511014 ], [ 75.8414308, 26.9512046 ], [ 75.8414453, 26.9512512 ], [ 75.8414818, 26.9513696 ], [ 75.8416168, 26.9518035 ], [ 75.841745, 26.9522458 ], [ 75.8420882, 26.9533601 ], [ 75.8421694, 26.9536509 ], [ 75.842241, 26.9539074 ], [ 75.8422556, 26.9539582 ], [ 75.8422736, 26.9540193 ], [ 75.8422948, 26.9540868 ], [ 75.8424503, 26.9546016 ], [ 75.8425542, 26.9549276 ], [ 75.8426659, 26.9552158 ], [ 75.8427946, 26.955572 ], [ 75.8429955, 26.9561131 ], [ 75.8430331, 26.9562148 ], [ 75.8431712, 26.9565783 ], [ 75.8432287, 26.9567307 ], [ 75.8433115, 26.9569281 ], [ 75.8434001, 26.9571158 ], [ 75.8435395, 26.9573812 ], [ 75.8436962, 26.9576753 ], [ 75.8440595, 26.9584173 ], [ 75.8441499, 26.958597 ] ] ] } },
{ "type": "Feature", "properties": { "FID_1": 279, "OBJECTID": 0.0, "ref": "NH11", "Shape_Leng": 0.0, "Type": "National Highway", "FID_2": 959, "osm_id": 170101078.0, "name_1": "Johari Bazar", "type_1": "tertiary", "oneway": 1, "maxspeed": 0, "Labels": null }, "geometry": { "type": "MultiLineString", "coordinates": [ [ [ 75.824588600000084, 26.915211800000066 ], [ 75.824608200000114, 26.915342700000053 ], [ 75.824644300000102, 26.915543900000046 ], [ 75.824680100000023, 26.915821800000117 ], [ 75.824698600000147, 26.915894 ], [ 75.824759700000016, 26.916030699999965 ], [ 75.8247938, 26.916130200000055 ], [ 75.825023400000021, 26.916812700000037 ], [ 75.825144300000034, 26.91723020000012 ], [ 75.82532910000009, 26.9178688 ], [ 75.825640600000099, 26.91893 ], [ 75.825869099999977, 26.919913400000098 ], [ 75.825965699999983, 26.920209300000067 ], [ 75.826052900000093, 26.920480800000121 ], [ 75.826214100000129, 26.920947099999978 ], [ 75.826225000000136, 26.920986200000016 ], [ 75.826660400000094, 26.92254000000014 ], [ 75.826602900000125, 26.922847800000056 ] ], [ [ 75.8269836, 26.922781600000064 ], [ 75.8268397, 26.922673800000041 ], [ 75.826765200000068, 26.922521099999983 ], [ 75.826314300000035, 26.920960900000068 ], [ 75.826166100000023, 26.920456800000068 ], [ 75.826002600000038, 26.91989719999998 ], [ 75.825711, 26.918882 ], [ 75.825416500000017, 26.917857299999923 ], [ 75.825234500000079, 26.91721 ], [ 75.825116500000092, 26.916790300000116 ], [ 75.824892800000043, 26.915980300000058 ], [ 75.824862099999962, 26.915908399999978 ], [ 75.82482020000009, 26.915794900000037 ], [ 75.824774099999956, 26.9156251 ], [ 75.824705900000026, 26.915332300000102 ], [ 75.824687100000062, 26.915206000000126 ], [ 75.824685, 26.915110700000071 ] ] ] } },
{ "type": "Feature", "properties": { "FID_1": 460, "OBJECTID": 0.0, "ref": null, "Shape_Leng": 0.0, "Type": "Major", "FID_2": 28143, "osm_id": 863482439.0, "name_1": "Amer Road", "type_1": "secondary", "oneway": 1, "maxspeed": 0, "Labels": null }, "geometry": { "type": "MultiLineString", "coordinates": [ [ [ 75.8461257, 26.9630671 ], [ 75.8460257, 26.962702 ], [ 75.8457228, 26.9620836 ], [ 75.8456788, 26.9619938 ], [ 75.8456699, 26.9619755 ], [ 75.8456139, 26.9618645 ], [ 75.8455815, 26.9618004 ], [ 75.8455623, 26.9617625 ], [ 75.8454111, 26.961463 ], [ 75.8453348, 26.9613118 ], [ 75.8452833, 26.961207 ], [ 75.8451869, 26.9610105 ], [ 75.8450659, 26.960648 ], [ 75.8450079, 26.9602608 ], [ 75.8449335, 26.9599215 ], [ 75.8448405, 26.9596846 ], [ 75.8445326, 26.9590697 ], [ 75.8442756, 26.9585445 ], [ 75.8438967, 26.9577753 ], [ 75.843506, 26.9569962 ], [ 75.8434068, 26.9567918 ], [ 75.8433397, 26.9566388 ], [ 75.8432686, 26.9564553 ], [ 75.8428046, 26.9551732 ], [ 75.8427295, 26.954982 ], [ 75.8426705, 26.9548027 ], [ 75.8425941, 26.9545603 ], [ 75.842445, 26.9540471 ], [ 75.8424261, 26.9539823 ], [ 75.8424139, 26.9539401 ], [ 75.8424083, 26.9539209 ], [ 75.842333, 26.9536728 ], [ 75.8421159, 26.9529294 ], [ 75.8416882, 26.9514169 ], [ 75.841663, 26.9513276 ], [ 75.8416252, 26.9512083 ], [ 75.8416043, 26.9511408 ], [ 75.8415799, 26.9510621 ], [ 75.8414515, 26.9506797 ], [ 75.8412347, 26.9500307 ], [ 75.8409368, 26.9491234 ], [ 75.8408558, 26.9488348 ], [ 75.8406059, 26.9479448 ], [ 75.8405524, 26.9477544 ], [ 75.8403911, 26.9472243 ], [ 75.8402807, 26.9469097 ], [ 75.8402123, 26.9466802 ], [ 75.8401794, 26.9465469 ], [ 75.8401647, 26.946493 ] ] ] } },
{ "type": "Feature", "properties": { "FID_1": 884, "OBJECTID": 0.0, "ref": null, "Shape_Leng": 0.0, "Type": "Major", "FID_2": 669, "osm_id": 43249919.0, "name_1": "Gangauri Bazaar", "type_1": "secondary", "oneway": 1, "maxspeed": 0, "Labels": null }, "geometry": { "type": "MultiLineString", "coordinates": [ [ [ 75.8184446, 26.9249339 ], [ 75.8186341, 26.9255952 ], [ 75.8186409, 26.9256189 ], [ 75.8186718, 26.9257563 ], [ 75.8188497, 26.926546 ], [ 75.8189987, 26.9270973 ], [ 75.8192736, 26.928314 ], [ 75.8193034, 26.9284064 ], [ 75.8193211, 26.9284608 ], [ 75.8193989, 26.9285343 ] ] ] } },
{ "type": "Feature", "properties": { "FID_1": 885, "OBJECTID": 0.0, "ref": null, "Shape_Leng": 0.0, "Type": "Major", "FID_2": 738, "osm_id": 86623380.0, "name_1": "Brahmpuri Road", "type_1": "tertiary", "oneway": 0, "maxspeed": 40, "Labels": null }, "geometry": { "type": "MultiLineString", "coordinates": [ [ [ 75.8201245, 26.9315961 ], [ 75.8202681, 26.9321037 ], [ 75.8203861, 26.9325835 ], [ 75.8204631, 26.9328812 ], [ 75.8205949, 26.9334273 ], [ 75.8206656, 26.9336475 ], [ 75.8207008, 26.9336953 ], [ 75.8207454, 26.9337559 ], [ 75.8208425, 26.9338309 ], [ 75.8209275, 26.9338979 ], [ 75.8211367, 26.9339827 ], [ 75.8212612, 26.9340332 ], [ 75.8220604, 26.934332 ], [ 75.8222872, 26.9344266 ], [ 75.8224647, 26.9344998 ], [ 75.8226598, 26.9345821 ], [ 75.8229384, 26.9346924 ], [ 75.8230341, 26.9347415 ], [ 75.8232764, 26.9348447 ], [ 75.8235183, 26.9349477 ], [ 75.8243539, 26.9352784 ], [ 75.8244408, 26.9353459 ], [ 75.8244647, 26.9354013 ], [ 75.824546, 26.9355983 ], [ 75.8246111, 26.9357928 ], [ 75.8247039, 26.936093 ], [ 75.8247833, 26.9364231 ], [ 75.8248018, 26.9365338 ], [ 75.8250118, 26.9373162 ] ] ] } },
{ "type": "Feature", "properties": { "FID_1": 886, "OBJECTID": 0.0, "ref": null, "Shape_Leng": 0.0, "Type": "Major", "FID_2": 802, "osm_id": 134988461.0, "name_1": "New Rambah Road", "type_1": "tertiary", "oneway": 0, "maxspeed": 0, "Labels": null }, "geometry": { "type": "MultiLineString", "coordinates": [ [ [ 75.839831, 26.9461308 ], [ 75.8392708, 26.9461659 ], [ 75.8391154, 26.946147 ], [ 75.8389358, 26.9461248 ], [ 75.8389201, 26.9461236 ], [ 75.8382475, 26.9460328 ], [ 75.8376779, 26.9459469 ], [ 75.8376445, 26.945942 ], [ 75.8373878, 26.9458991 ], [ 75.8373383, 26.9458853 ], [ 75.8367993, 26.9457585 ], [ 75.8365266, 26.9456559 ], [ 75.835733, 26.9454888 ], [ 75.8357107, 26.9454841 ] ] ] } },
{ "type": "Feature", "properties": { "FID_1": 888, "OBJECTID": 0.0, "ref": null, "Shape_Leng": 0.0, "Type": "Major", "FID_2": 1659, "osm_id": 231076789.0, "name_1": "New Rambah Road", "type_1": "tertiary", "oneway": 0, "maxspeed": 0, "Labels": null }, "geometry": { "type": "MultiLineString", "coordinates": [ [ [ 75.835427, 26.9454361 ], [ 75.8353455, 26.9454276 ], [ 75.8353025, 26.9454231 ], [ 75.8349576, 26.9453149 ], [ 75.8348091, 26.9453054 ], [ 75.8346448, 26.9452622 ], [ 75.8345039, 26.9452313 ], [ 75.8342337, 26.9451685 ], [ 75.8340377, 26.9451229 ], [ 75.8338897, 26.9450885 ], [ 75.8335913, 26.9450182 ], [ 75.8334786, 26.9450054 ], [ 75.8334049, 26.9449688 ], [ 75.8332903, 26.9449226 ], [ 75.8332605, 26.9449106 ], [ 75.8331286, 26.9448446 ], [ 75.8328684, 26.944629 ], [ 75.8325446, 26.9443608 ], [ 75.8321645, 26.9440787 ], [ 75.8318599, 26.9438453 ], [ 75.831644, 26.9436601 ], [ 75.8315589, 26.9435327 ], [ 75.8311939, 26.9431336 ], [ 75.8310594, 26.942993 ], [ 75.8308516, 26.942776 ], [ 75.8305788, 26.9424708 ], [ 75.8305601, 26.9424486 ], [ 75.8303699, 26.9422233 ], [ 75.8302793, 26.9420226 ], [ 75.8302114, 26.9419211 ], [ 75.8301294, 26.9417903 ], [ 75.829986, 26.94162 ], [ 75.8299049, 26.9415696 ], [ 75.8298129, 26.9415502 ], [ 75.8297444, 26.9415548 ], [ 75.8296632, 26.9415659 ], [ 75.8295465, 26.9416078 ], [ 75.8294021, 26.941665 ], [ 75.8293112, 26.9417508 ], [ 75.8292518, 26.9418114 ], [ 75.8291614, 26.9419034 ], [ 75.8290812, 26.9419511 ], [ 75.8289528, 26.9419892 ], [ 75.8282298, 26.9421181 ], [ 75.8279429, 26.9421692 ], [ 75.8278028, 26.9421942 ], [ 75.8276317, 26.942199 ], [ 75.8274926, 26.9421847 ], [ 75.8274391, 26.9421513 ], [ 75.8273856, 26.942075 ], [ 75.8273696, 26.9419987 ], [ 75.8273696, 26.9419082 ], [ 75.8273589, 26.9417556 ], [ 75.8273321, 26.941603 ], [ 75.8272787, 26.9414599 ], [ 75.8271824, 26.9412787 ], [ 75.827054, 26.9411643 ], [ 75.826947, 26.9410832 ], [ 75.8268133, 26.9410165 ], [ 75.8266635, 26.9409545 ], [ 75.8264496, 26.9409068 ], [ 75.8262891, 26.9408925 ], [ 75.826231, 26.9409018 ], [ 75.8261394, 26.9409164 ], [ 75.8258625, 26.9410056 ] ] ] } },
{ "type": "Feature", "properties": { "FID_1": 891, "OBJECTID": 0.0, "ref": null, "Shape_Leng": 0.0, "Type": "Major", "FID_2": 21962, "osm_id": 482153772.0, "name_1": null, "type_1": "secondary", "oneway": 1, "maxspeed": 0, "Labels": null }, "geometry": { "type": "MultiLineString", "coordinates": [ [ [ 75.8193989, 26.9285343 ], [ 75.8194177, 26.9284399 ], [ 75.8194056, 26.92839 ], [ 75.8194017, 26.9283482 ], [ 75.8191659, 26.9273521 ], [ 75.8191341, 26.9272054 ], [ 75.8189978, 26.9266358 ], [ 75.8189664, 26.9265238 ], [ 75.8189341, 26.9264086 ], [ 75.8188899, 26.9262256 ], [ 75.8188563, 26.9260883 ], [ 75.8187925, 26.9258454 ], [ 75.8187313, 26.925577 ], [ 75.8186164, 26.9250936 ], [ 75.8186101, 26.925067 ], [ 75.8185982, 26.9250121 ], [ 75.8185649, 26.9249112 ] ] ] } },
{ "type": "Feature", "properties": { "FID_1": 893, "OBJECTID": 0.0, "ref": null, "Shape_Leng": 0.0, "Type": "Major", "FID_2": 26866, "osm_id": 735024234.0, "name_1": "Gangauri Bazaar", "type_1": "secondary", "oneway": 0, "maxspeed": 0, "Labels": null }, "geometry": { "type": "MultiLineString", "coordinates": [ [ [ 75.8193989, 26.9285343 ], [ 75.8195002, 26.9290979 ], [ 75.8196544, 26.9297401 ], [ 75.8198305, 26.9304353 ], [ 75.8200912, 26.9314646 ], [ 75.8201245, 26.9315961 ] ] ] } },
{ "type": "Feature", "properties": { "FID_1": 899, "OBJECTID": 0.0, "ref": null, "Shape_Leng": 0.0, "Type": "Major", "FID_2": 35650, "osm_id": 931656311.0, "name_1": "Brahmpuri Road", "type_1": "tertiary", "oneway": 0, "maxspeed": 40, "Labels": null }, "geometry": { "type": "MultiLineString", "coordinates": [ [ [ 75.8250157, 26.9376071 ], [ 75.8250369, 26.93776 ], [ 75.8251625, 26.9382314 ], [ 75.8252109, 26.9384274 ], [ 75.825215, 26.9384442 ], [ 75.8253869, 26.9391406 ], [ 75.8254092, 26.9392334 ], [ 75.8255055, 26.9395566 ], [ 75.8256097, 26.9399582 ], [ 75.825668, 26.9401828 ], [ 75.8257585, 26.9405655 ], [ 75.8258625, 26.9410056 ] ] ] } },
{ "type": "Feature", "properties": { "FID_1": 1382, "OBJECTID": 0.0, "ref": null, "Shape_Leng": 0.0, "Type": "Major", "FID_2": 85, "osm_id": 28828042.0, "name_1": "Govind Marg", "type_1": "tertiary", "oneway": 0, "maxspeed": 0, "Labels": null }, "geometry": { "type": "MultiLineString", "coordinates": [ [ [ 75.8194349, 26.8996981 ], [ 75.8204914, 26.8992598 ], [ 75.8208111, 26.8991262 ], [ 75.821716, 26.8987421 ], [ 75.8218131, 26.8987009 ], [ 75.8223715, 26.8984871 ], [ 75.8228138, 26.8982869 ], [ 75.8234702, 26.898011 ], [ 75.8235266, 26.8979873 ], [ 75.8240351, 26.8977736 ], [ 75.8248393, 26.8974525 ], [ 75.8250218, 26.8973796 ], [ 75.826121, 26.8969406 ], [ 75.8269399, 26.8966136 ] ] ] } },
{ "type": "Feature", "properties": { "FID_1": 1387, "OBJECTID": 0.0, "ref": null, "Shape_Leng": 0.0, "Type": "Major", "FID_2": 197, "osm_id": 28846388.0, "name_1": "TeenMurti Circle", "type_1": "primary", "oneway": 0, "maxspeed": 0, "Labels": null }, "geometry": { "type": "MultiLineString", "coordinates": [ [ [ 75.8159752, 26.898917 ], [ 75.8159919, 26.8989864 ], [ 75.8160266, 26.8990356 ], [ 75.816086, 26.8990774 ], [ 75.8161407, 26.8990949 ], [ 75.8162168, 26.8990962 ], [ 75.8162822, 26.8990761 ], [ 75.8163381, 26.8990365 ], [ 75.8163761, 26.8989811 ], [ 75.8163903, 26.8989194 ], [ 75.8163848, 26.8988889 ] ] ] } },
{ "type": "Feature", "properties": { "FID_1": 1400, "OBJECTID": 0.0, "ref": null, "Shape_Leng": 0.0, "Type": "Major", "FID_2": 964, "osm_id": 170103979.0, "name_1": null, "type_1": "primary", "oneway": 1, "maxspeed": 0, "Labels": null }, "geometry": { "type": "MultiLineString", "coordinates": [ [ [ 75.8123853, 26.8997366 ], [ 75.8124956, 26.8996604 ], [ 75.8126726, 26.8995587 ], [ 75.8127666, 26.8995228 ], [ 75.8128806, 26.8994854 ], [ 75.8134404, 26.8993688 ], [ 75.813581, 26.8992881 ] ] ] } },
{ "type": "Feature", "properties": { "FID_1": 1404, "OBJECTID": 0.0, "ref": null, "Shape_Leng": 0.0, "Type": "Major", "FID_2": 973, "osm_id": 170103995.0, "name_1": null, "type_1": "primary_link", "oneway": 1, "maxspeed": 0, "Labels": null }, "geometry": { "type": "MultiLineString", "coordinates": [ [ [ 75.8128535, 26.8994066 ], [ 75.8125653, 26.8994176 ], [ 75.8123829, 26.899365 ], [ 75.8122837, 26.8993123 ], [ 75.8121466, 26.8991808 ] ] ] } },
{ "type": "Feature", "properties": { "FID_1": 1406, "OBJECTID": 0.0, "ref": null, "Shape_Leng": 0.0, "Type": "Major", "FID_2": 6136, "osm_id": 374923399.0, "name_1": null, "type_1": "tertiary", "oneway": 0, "maxspeed": 0, "Labels": null }, "geometry": { "type": "MultiLineString", "coordinates": [ [ [ 75.8185776, 26.8994833 ], [ 75.8181927, 26.8993211 ], [ 75.8176699, 26.899153 ], [ 75.8169946, 26.8989359 ], [ 75.8166554, 26.8988973 ], [ 75.8165068, 26.8988835 ], [ 75.8163848, 26.8988889 ] ] ] } },
{ "type": "Feature", "properties": { "FID_1": 1408, "OBJECTID": 0.0, "ref": null, "Shape_Leng": 0.0, "Type": "Major", "FID_2": 25432, "osm_id": 532234593.0, "name_1": "Govind Marg", "type_1": "tertiary", "oneway": 0, "maxspeed": 0, "Labels": null }, "geometry": { "type": "MultiLineString", "coordinates": [ [ [ 75.8311391, 26.8970495 ], [ 75.8315841, 26.8974066 ], [ 75.8317301, 26.8975448 ], [ 75.8325494, 26.8983199 ], [ 75.8326106, 26.8983641 ], [ 75.8328456, 26.8986282 ], [ 75.8331642, 26.8989622 ] ] ] } },
{ "type": "Feature", "properties": { "FID_1": 1409, "OBJECTID": 0.0, "ref": null, "Shape_Leng": 0.0, "Type": "Major", "FID_2": 25433, "osm_id": 532234594.0, "name_1": "Govind Marg", "type_1": "tertiary", "oneway": 0, "maxspeed": 0, "Labels": null }, "geometry": { "type": "MultiLineString", "coordinates": [ [ [ 75.8269399, 26.8966136 ], [ 75.8273597, 26.8964587 ], [ 75.8277389, 26.8963469 ], [ 75.8281167, 26.8962965 ], [ 75.8282245, 26.8962821 ], [ 75.82858, 26.8962699 ], [ 75.8290041, 26.8962878 ], [ 75.8291901, 26.8963106 ], [ 75.8293643, 26.8963319 ], [ 75.8297111, 26.8964058 ], [ 75.82991, 26.8964592 ], [ 75.8301906, 26.8965345 ], [ 75.8306082, 26.8967195 ], [ 75.8311391, 26.8970495 ] ] ] } },
{ "type": "Feature", "properties": { "FID_1": 1410, "OBJECTID": 0.0, "ref": null, "Shape_Leng": 0.0, "Type": "Major", "FID_2": 25434, "osm_id": 532234595.0, "name_1": "Govind Marg", "type_1": "tertiary", "oneway": 0, "maxspeed": 0, "Labels": null }, "geometry": { "type": "MultiLineString", "coordinates": [ [ [ 75.8331642, 26.8989622 ], [ 75.8334142, 26.8992286 ], [ 75.8336346, 26.8994501 ], [ 75.8350416, 26.900826 ], [ 75.8353982, 26.9012228 ], [ 75.8356602, 26.9014878 ], [ 75.8359382, 26.9017641 ], [ 75.836128, 26.9019377 ], [ 75.8365299, 26.9023447 ], [ 75.836845, 26.9026637 ] ] ] } },
{ "type": "Feature", "properties": { "FID_1": 1411, "OBJECTID": 0.0, "ref": null, "Shape_Leng": 0.0, "Type": "Major", "FID_2": 25651, "osm_id": 570143722.0, "name_1": "Narayan Singh Road", "type_1": "primary", "oneway": 0, "maxspeed": 0, "Labels": null }, "geometry": { "type": "MultiLineString", "coordinates": [ [ [ 75.813581, 26.8992881 ], [ 75.8138707, 26.8992217 ], [ 75.8142024, 26.8991507 ], [ 75.814503, 26.8991054 ], [ 75.8152421, 26.8989881 ], [ 75.8153241, 26.8989812 ], [ 75.8155937, 26.8989546 ], [ 75.8159752, 26.898917 ] ] ] } },
{ "type": "Feature", "properties": { "FID_1": 1412, "OBJECTID": 0.0, "ref": null, "Shape_Leng": 0.0, "Type": "Major", "FID_2": 25652, "osm_id": 570143723.0, "name_1": "Bus Lane", "type_1": "service", "oneway": 1, "maxspeed": 0, "Labels": null }, "geometry": { "type": "MultiLineString", "coordinates": [ [ [ 75.8129535, 26.9003038 ], [ 75.8129913, 26.9001814 ], [ 75.8129441, 26.8999541 ], [ 75.8128507, 26.8997839 ], [ 75.8128401, 26.8996471 ], [ 75.8129148, 26.8995395 ], [ 75.8133134, 26.8994423 ], [ 75.8135913, 26.8993797 ], [ 75.8138016, 26.8993172 ], [ 75.8138886, 26.8992846 ], [ 75.8139685, 26.8992546 ], [ 75.8142024, 26.8991507 ] ] ] } },
{ "type": "Feature", "properties": { "FID_1": 1415, "OBJECTID": 0.0, "ref": null, "Shape_Leng": 0.0, "Type": "Major", "FID_2": 27052, "osm_id": 753696181.0, "name_1": "TeenMurti Circle", "type_1": "primary", "oneway": 0, "maxspeed": 0, "Labels": null }, "geometry": { "type": "MultiLineString", "coordinates": [ [ [ 75.8163848, 26.8988889 ], [ 75.8163776, 26.8988495 ], [ 75.8163356, 26.8987881 ], [ 75.8163002, 26.8987608 ], [ 75.8162633, 26.8987466 ], [ 75.8162267, 26.8987326 ], [ 75.8161488, 26.8987309 ], [ 75.8160988, 26.8987442 ], [ 75.8160381, 26.8987807 ], [ 75.8159872, 26.8988513 ], [ 75.8159752, 26.898917 ] ] ] } },
{ "type": "Feature", "properties": { "FID_1": 1417, "OBJECTID": 0.0, "ref": null, "Shape_Leng": 0.0, "Type": "Major", "FID_2": 27283, "osm_id": 755768827.0, "name_1": "Govind Marg", "type_1": "tertiary", "oneway": 1, "maxspeed": 0, "Labels": null }, "geometry": { "type": "MultiLineString", "coordinates": [ [ [ 75.839089, 26.9048285 ], [ 75.8386311, 26.9043474 ], [ 75.8381499, 26.903877 ], [ 75.8380348, 26.9037423 ], [ 75.8377084, 26.9034313 ], [ 75.8374586, 26.9031624 ], [ 75.8369238, 26.9026818 ] ] ] } },
{ "type": "Feature", "properties": { "FID_1": 1418, "OBJECTID": 0.0, "ref": null, "Shape_Leng": 0.0, "Type": "Major", "FID_2": 27284, "osm_id": 755768828.0, "name_1": "Govind Marg", "type_1": "tertiary", "oneway": 1, "maxspeed": 0, "Labels": null }, "geometry": { "type": "MultiLineString", "coordinates": [ [ [ 75.841171, 26.9069359 ], [ 75.8411066, 26.906863 ], [ 75.8409481, 26.9067124 ], [ 75.8407607, 26.9065186 ], [ 75.8404483, 26.9061938 ], [ 75.839089, 26.9048285 ] ] ] } },
{ "type": "Feature", "properties": { "FID_1": 1419, "OBJECTID": 0.0, "ref": null, "Shape_Leng": 0.0, "Type": "Major", "FID_2": 27285, "osm_id": 755768829.0, "name_1": "Govind Marg", "type_1": "tertiary", "oneway": 1, "maxspeed": 0, "Labels": null }, "geometry": { "type": "MultiLineString", "coordinates": [ [ [ 75.836845, 26.9026637 ], [ 75.836843, 26.9027528 ], [ 75.8372067, 26.9031189 ], [ 75.8374203, 26.9033339 ], [ 75.8374617, 26.9033756 ], [ 75.8380397, 26.9039575 ], [ 75.8384943, 26.9044072 ], [ 75.8389791, 26.9049184 ] ] ] } },
{ "type": "Feature", "properties": { "FID_1": 1420, "OBJECTID": 0.0, "ref": null, "Shape_Leng": 0.0, "Type": "Major", "FID_2": 27286, "osm_id": 755768831.0, "name_1": "Govind Marg", "type_1": "tertiary", "oneway": 1, "maxspeed": 0, "Labels": null }, "geometry": { "type": "MultiLineString", "coordinates": [ [ [ 75.8389791, 26.9049184 ], [ 75.8394886, 26.9054322 ], [ 75.8403235, 26.9062936 ], [ 75.8408587, 26.9067703 ], [ 75.8410311, 26.906915 ] ] ] } },
{ "type": "Feature", "properties": { "FID_1": 1427, "OBJECTID": 0.0, "ref": null, "Shape_Leng": 0.0, "Type": "Major", "FID_2": 29211, "osm_id": 872370065.0, "name_1": "Motidungri Marg", "type_1": "primary", "oneway": 1, "maxspeed": 0, "Labels": null }, "geometry": { "type": "MultiLineString", "coordinates": [ [ [ 75.8124284, 26.8995722 ], [ 75.8121466, 26.8991808 ] ] ] } },
{ "type": "Feature", "properties": { "FID_1": 1434, "OBJECTID": 0.0, "ref": null, "Shape_Leng": 0.0, "Type": "Major", "FID_2": 37716, "osm_id": 935391527.0, "name_1": null, "type_1": "tertiary", "oneway": 1, "maxspeed": 0, "Labels": null }, "geometry": { "type": "MultiLineString", "coordinates": [ [ [ 75.8185776, 26.8994833 ], [ 75.8190535, 26.8996943 ], [ 75.8192582, 26.8997486 ] ] ] } },
{ "type": "Feature", "properties": { "FID_1": 1435, "OBJECTID": 0.0, "ref": null, "Shape_Leng": 0.0, "Type": "Major", "FID_2": 37717, "osm_id": 935391528.0, "name_1": null, "type_1": "tertiary", "oneway": 0, "maxspeed": 0, "Labels": null }, "geometry": { "type": "MultiLineString", "coordinates": [ [ [ 75.8192582, 26.8997486 ], [ 75.8192715, 26.8997713 ], [ 75.819292, 26.8997892 ], [ 75.8193176, 26.8998007 ], [ 75.819346, 26.8998046 ], [ 75.8193743, 26.8998007 ], [ 75.8193999, 26.8997892 ], [ 75.8194204, 26.8997713 ], [ 75.8194338, 26.8997487 ], [ 75.8194388, 26.8997235 ], [ 75.8194349, 26.8996981 ] ] ] } },
{ "type": "Feature", "properties": { "FID_1": 1436, "OBJECTID": 0.0, "ref": null, "Shape_Leng": 0.0, "Type": "Major", "FID_2": 37733, "osm_id": 935523611.0, "name_1": null, "type_1": "tertiary", "oneway": 1, "maxspeed": 0, "Labels": null }, "geometry": { "type": "MultiLineString", "coordinates": [ [ [ 75.819295, 26.8996527 ], [ 75.819221, 26.8996342 ], [ 75.8187886, 26.8995177 ], [ 75.8185776, 26.8994833 ] ] ] } },
{ "type": "Feature", "properties": { "FID_1": 1437, "OBJECTID": 0.0, "ref": null, "Shape_Leng": 0.0, "Type": "Major", "FID_2": 37734, "osm_id": 935523612.0, "name_1": null, "type_1": "primary", "oneway": 1, "maxspeed": 0, "Labels": null }, "geometry": { "type": "MultiLineString", "coordinates": [ [ [ 75.813581, 26.8992881 ], [ 75.8134102, 26.8992908 ], [ 75.8128535, 26.8994066 ] ] ] } },
{ "type": "Feature", "properties": { "FID_1": 1441, "OBJECTID": 0.0, "ref": null, "Shape_Leng": 0.0, "Type": "Major", "FID_2": 40735, "osm_id": 1206535236.0, "name_1": null, "type_1": "tertiary", "oneway": 0, "maxspeed": 0, "Labels": null }, "geometry": { "type": "MultiLineString", "coordinates": [ [ [ 75.819295, 26.8996527 ], [ 75.8192738, 26.8996698 ], [ 75.8192586, 26.899694 ], [ 75.8192532, 26.8997213 ], [ 75.8192582, 26.8997486 ] ] ] } },
{ "type": "Feature", "properties": { "FID_1": 714, "OBJECTID": 0.0, "ref": null, "Shape_Leng": 0.0, "Type": "Major", "FID_2": 63, "osm_id": 28826233.0, "name_1": null, "type_1": "secondary", "oneway": 1, "maxspeed": 50, "Labels": null }, "geometry": { "type": "MultiLineString", "coordinates": [ [ [ 75.8011951, 26.8983981 ], [ 75.8013174, 26.8982873 ], [ 75.8013851, 26.8982322 ], [ 75.8014999, 26.8981594 ], [ 75.8018365, 26.8980158 ], [ 75.8019735, 26.8979658 ], [ 75.8020452, 26.8979396 ], [ 75.8043259, 26.8968545 ], [ 75.8051578, 26.8964539 ], [ 75.8059842, 26.8960707 ], [ 75.8071754, 26.8954979 ], [ 75.8074102, 26.8953977 ], [ 75.8077598, 26.8952321 ] ] ] } },
{ "type": "Feature", "properties": { "FID_1": 716, "OBJECTID": 0.0, "ref": null, "Shape_Leng": 0.0, "Type": "Major", "FID_2": 65, "osm_id": 28826248.0, "name_1": null, "type_1": "secondary", "oneway": 1, "maxspeed": 0, "Labels": null }, "geometry": { "type": "MultiLineString", "coordinates": [ [ [ 75.7935496, 26.9021127 ], [ 75.7937855, 26.901958 ], [ 75.7939081, 26.9018905 ], [ 75.7955131, 26.9010632 ], [ 75.795954, 26.9008471 ] ] ] } },
{ "type": "Feature", "properties": { "FID_1": 720, "OBJECTID": 0.0, "ref": null, "Shape_Leng": 0.0, "Type": "Major", "FID_2": 775, "osm_id": 133276599.0, "name_1": null, "type_1": "secondary", "oneway": 1, "maxspeed": 0, "Labels": null }, "geometry": { "type": "MultiLineString", "coordinates": [ [ [ 75.7960494, 26.900629 ], [ 75.7952633, 26.9010008 ] ] ] } },
{ "type": "Feature", "properties": { "FID_1": 721, "OBJECTID": 0.0, "ref": null, "Shape_Leng": 0.0, "Type": "Major", "FID_2": 777, "osm_id": 133276603.0, "name_1": null, "type_1": "secondary", "oneway": 1, "maxspeed": 0, "Labels": null }, "geometry": { "type": "MultiLineString", "coordinates": [ [ [ 75.7963473, 26.9005 ], [ 75.7960494, 26.900629 ] ] ] } },
{ "type": "Feature", "properties": { "FID_1": 722, "OBJECTID": 0.0, "ref": null, "Shape_Leng": 0.0, "Type": "Major", "FID_2": 778, "osm_id": 133276604.0, "name_1": null, "type_1": "secondary", "oneway": 1, "maxspeed": 0, "Labels": null }, "geometry": { "type": "MultiLineString", "coordinates": [ [ [ 75.7961114, 26.9007776 ], [ 75.796473, 26.9006125 ] ] ] } },
{ "type": "Feature", "properties": { "FID_1": 723, "OBJECTID": 0.0, "ref": null, "Shape_Leng": 0.0, "Type": "Major", "FID_2": 779, "osm_id": 133276606.0, "name_1": null, "type_1": "secondary", "oneway": 1, "maxspeed": 0, "Labels": null }, "geometry": { "type": "MultiLineString", "coordinates": [ [ [ 75.8005254, 26.8984957 ], [ 75.800394, 26.8985879 ], [ 75.8002721, 26.8986613 ], [ 75.8000961, 26.8987459 ], [ 75.7995799, 26.8989999 ], [ 75.7991177, 26.8992074 ], [ 75.7976515, 26.8999138 ], [ 75.7963473, 26.9005 ] ] ] } },
{ "type": "Feature", "properties": { "FID_1": 729, "OBJECTID": 0.0, "ref": null, "Shape_Leng": 0.0, "Type": "Major", "FID_2": 1253, "osm_id": 200611615.0, "name_1": "Hawa sadak", "type_1": "secondary", "oneway": 1, "maxspeed": 0, "Labels": null }, "geometry": { "type": "MultiLineString", "coordinates": [ [ [ 75.7746391, 26.9030534 ], [ 75.7748525, 26.9028768 ], [ 75.7748954, 26.9028584 ], [ 75.7749919, 26.9028171 ], [ 75.7750116, 26.9028078 ], [ 75.7752728, 26.9026938 ], [ 75.7765059, 26.9021784 ], [ 75.7769076, 26.9020377 ], [ 75.7774775, 26.9018245 ], [ 75.7781215, 26.9016096 ], [ 75.7783201, 26.9015495 ], [ 75.7787006, 26.901489 ], [ 75.7789343, 26.9014654 ], [ 75.7795862, 26.9014653 ], [ 75.7805374, 26.9014543 ], [ 75.7809158, 26.9014527 ], [ 75.7811749, 26.9015239 ], [ 75.7812525, 26.9015479 ], [ 75.7821493, 26.9015364 ], [ 75.7822255, 26.9015374 ], [ 75.7824911, 26.9015407 ], [ 75.7825019, 26.9015408 ], [ 75.7826504, 26.9015436 ], [ 75.7829477, 26.9015492 ], [ 75.7829881, 26.9015496 ], [ 75.7831268, 26.9015495 ], [ 75.783395, 26.9015868 ], [ 75.7836368, 26.9016285 ], [ 75.7836621, 26.9016329 ], [ 75.7839618, 26.9017024 ], [ 75.784396, 26.901867 ], [ 75.7849771, 26.9021608 ], [ 75.7851105, 26.9022331 ], [ 75.7853387, 26.9023602 ], [ 75.7854996, 26.9024499 ], [ 75.7857013, 26.9025622 ], [ 75.7858859, 26.9026472 ], [ 75.7860456, 26.9026941 ], [ 75.7861663, 26.9027248 ], [ 75.7862736, 26.902758 ], [ 75.7864465, 26.9028255 ] ] ] } },
{ "type": "Feature", "properties": { "FID_1": 749, "OBJECTID": 0.0, "ref": null, "Shape_Leng": 0.0, "Type": "Major", "FID_2": 27061, "osm_id": 753703772.0, "name_1": "Bhawani Singh Road", "type_1": "secondary", "oneway": 1, "maxspeed": 50, "Labels": null }, "geometry": { "type": "MultiLineString", "coordinates": [ [ [ 75.8051367, 26.896288 ], [ 75.8044262, 26.8966219 ], [ 75.804235, 26.8967134 ], [ 75.8013123, 26.8981122 ], [ 75.8012216, 26.8981556 ], [ 75.8010865, 26.8981922 ] ] ] } },
{ "type": "Feature", "properties": { "FID_1": 767, "OBJECTID": 0.0, "ref": null, "Shape_Leng": 0.0, "Type": "Major", "FID_2": 39234, "osm_id": 1103110801.0, "name_1": "Elevated Hawa Sadak", "type_1": "secondary", "oneway": 1, "maxspeed": 50, "Labels": null }, "geometry": { "type": "MultiLineString", "coordinates": [ [ [ 75.7956943, 26.9009181 ], [ 75.795954, 26.9008471 ] ] ] } },
{ "type": "Feature", "properties": { "FID_1": 769, "OBJECTID": 0.0, "ref": null, "Shape_Leng": 0.0, "Type": "Major", "FID_2": 40564, "osm_id": 1201594489.0, "name_1": null, "type_1": "secondary", "oneway": 1, "maxspeed": 0, "Labels": null }, "geometry": { "type": "MultiLineString", "coordinates": [ [ [ 75.795954, 26.9008471 ], [ 75.7961114, 26.9007776 ] ] ] } },
{ "type": "Feature", "properties": { "FID_1": 771, "OBJECTID": 0.0, "ref": null, "Shape_Leng": 0.0, "Type": "Major", "FID_2": 43743, "osm_id": 1236243529.0, "name_1": "Hawa sadak", "type_1": "secondary", "oneway": 1, "maxspeed": 0, "Labels": null }, "geometry": { "type": "MultiLineString", "coordinates": [ [ [ 75.7864114, 26.9025174 ], [ 75.7862409, 26.9025066 ], [ 75.7861366, 26.9024942 ], [ 75.7860256, 26.9024635 ], [ 75.7857557, 26.9023405 ], [ 75.7856919, 26.9023007 ], [ 75.7854848, 26.9021571 ], [ 75.7852167, 26.9019712 ], [ 75.7850953, 26.9018948 ], [ 75.7847075, 26.9017113 ], [ 75.7846412, 26.9016799 ], [ 75.7844286, 26.9015998 ], [ 75.7841329, 26.9015124 ], [ 75.7837689, 26.9014152 ], [ 75.7836276, 26.9013887 ], [ 75.7832651, 26.9013635 ], [ 75.783131, 26.9013584 ], [ 75.7827397, 26.9013579 ], [ 75.78268, 26.9013569 ], [ 75.782086, 26.9013441 ], [ 75.7817721, 26.9013386 ], [ 75.7816167, 26.9013359 ], [ 75.780915, 26.9013222 ], [ 75.7807603, 26.9013213 ], [ 75.7796562, 26.9013258 ], [ 75.7795609, 26.9013279 ], [ 75.7793957, 26.9013315 ], [ 75.7791888, 26.9013305 ], [ 75.7787851, 26.9013599 ], [ 75.7784441, 26.9014069 ], [ 75.7781593, 26.9014819 ], [ 75.7780456, 26.9015107 ], [ 75.7775637, 26.9016699 ], [ 75.7774188, 26.901718 ], [ 75.7771704, 26.9018025 ], [ 75.7769582, 26.9018747 ], [ 75.7764861, 26.9020476 ], [ 75.7762363, 26.9021392 ], [ 75.7759777, 26.9022339 ], [ 75.7756195, 26.9023706 ], [ 75.7754097, 26.902451 ], [ 75.7749631, 26.9026403 ] ] ] } },
{ "type": "Feature", "properties": { "FID_1": 1379, "OBJECTID": 0.0, "ref": null, "Shape_Leng": 0.0, "Type": "Major", "FID_2": 66, "osm_id": 28826249.0, "name_1": "Bhagwandas Road", "type_1": "tertiary", "oneway": 1, "maxspeed": 0, "Labels": null }, "geometry": { "type": "MultiLineString", "coordinates": [ [ [ 75.8053093, 26.9070353 ], [ 75.8052722, 26.9069497 ], [ 75.8050161, 26.9064695 ], [ 75.8049828, 26.906404 ], [ 75.8042408, 26.9049553 ], [ 75.8037853, 26.9040628 ], [ 75.8037413, 26.9039739 ], [ 75.8034772, 26.9034405 ], [ 75.8031135, 26.9027283 ], [ 75.803062, 26.9026277 ], [ 75.8026694, 26.9018744 ], [ 75.8022481, 26.9010385 ], [ 75.8019928, 26.9005608 ], [ 75.8014533, 26.8994867 ], [ 75.8011077, 26.8987834 ], [ 75.8010785, 26.8986449 ] ] ] } },
{ "type": "Feature", "properties": { "FID_1": 1393, "OBJECTID": 0.0, "ref": null, "Shape_Leng": 0.0, "Type": "Major", "FID_2": 748, "osm_id": 133268540.0, "name_1": "Bhagwandas Road", "type_1": "tertiary", "oneway": 1, "maxspeed": 0, "Labels": null }, "geometry": { "type": "MultiLineString", "coordinates": [ [ [ 75.8009077, 26.898716 ], [ 75.8010083, 26.8988088 ], [ 75.8012314, 26.8992526 ], [ 75.8012613, 26.8993091 ], [ 75.8013731, 26.8995201 ], [ 75.8013917, 26.8995565 ], [ 75.8019211, 26.9005925 ], [ 75.8021128, 26.9009843 ], [ 75.8022537, 26.9012984 ], [ 75.8025033, 26.9018551 ], [ 75.802727, 26.9022927 ], [ 75.8029273, 26.9026918 ], [ 75.8036871, 26.9041007 ], [ 75.8041657, 26.9049865 ], [ 75.8042733, 26.9051994 ], [ 75.8046797, 26.9060126 ], [ 75.8049319, 26.9065029 ], [ 75.8052284, 26.90707 ] ] ] } },
{ "type": "Feature", "properties": { "FID_1": 1396, "OBJECTID": 0.0, "ref": null, "Shape_Leng": 0.0, "Type": "Major", "FID_2": 790, "osm_id": 133287418.0, "name_1": "Bhagwandas Road", "type_1": "tertiary", "oneway": 1, "maxspeed": 0, "Labels": null }, "geometry": { "type": "MultiLineString", "coordinates": [ [ [ 75.8057513, 26.9079937 ], [ 75.806933, 26.910475 ], [ 75.8073847, 26.9113568 ], [ 75.8075709, 26.9117442 ], [ 75.8081757, 26.9130027 ], [ 75.8082385, 26.9131318 ], [ 75.8083386, 26.9133374 ], [ 75.8085916, 26.9138571 ], [ 75.8092676, 26.9151829 ], [ 75.8097274, 26.9162663 ] ] ] } },
{ "type": "Feature", "properties": { "FID_1": 1397, "OBJECTID": 0.0, "ref": null, "Shape_Leng": 0.0, "Type": "Major", "FID_2": 791, "osm_id": 133287419.0, "name_1": "Bhagwandas Road", "type_1": "tertiary", "oneway": 1, "maxspeed": 0, "Labels": null }, "geometry": { "type": "MultiLineString", "coordinates": [ [ [ 75.8087064, 26.9138338 ], [ 75.8086822, 26.9137842 ], [ 75.80844, 26.9132864 ], [ 75.8083133, 26.9130262 ], [ 75.8081765, 26.9127452 ], [ 75.8078534, 26.9121474 ], [ 75.8074627, 26.9113241 ], [ 75.8073801, 26.9111656 ], [ 75.8070072, 26.9104498 ], [ 75.8065349, 26.909475 ], [ 75.8058047, 26.907968 ] ] ] } },
{ "type": "Feature", "properties": { "FID_1": 1440, "OBJECTID": 0.0, "ref": null, "Shape_Leng": 0.0, "Type": "Major", "FID_2": 37778, "osm_id": 983520757.0, "name_1": "statue circle", "type_1": "tertiary", "oneway": 1, "maxspeed": 0, "Labels": null }, "geometry": { "type": "MultiLineString", "coordinates": [ [ [ 75.8058047, 26.907968 ], [ 75.8059061, 26.9079032 ], [ 75.8059896, 26.9078206 ], [ 75.8060514, 26.907724 ], [ 75.8060886, 26.9076179 ], [ 75.8060995, 26.9075072 ], [ 75.8060836, 26.9073969 ], [ 75.8060417, 26.9072921 ], [ 75.8059929, 26.9072184 ], [ 75.8059311, 26.9071529 ], [ 75.8058581, 26.9070974 ], [ 75.8057757, 26.9070534 ], [ 75.8056864, 26.907022 ], [ 75.8055925, 26.9070043 ], [ 75.8054966, 26.9070006 ], [ 75.8054013, 26.907011 ], [ 75.8053093, 26.9070353 ], [ 75.8052284, 26.90707 ], [ 75.8051321, 26.9071324 ], [ 75.8050521, 26.9072111 ], [ 75.8049917, 26.9073027 ], [ 75.8049537, 26.9074033 ], [ 75.8049395, 26.9075088 ], [ 75.8049497, 26.9076146 ], [ 75.8049839, 26.9077163 ], [ 75.8050206, 26.9077814 ], [ 75.8050917, 26.9078669 ], [ 75.805181, 26.9079376 ], [ 75.8052847, 26.9079905 ], [ 75.8053983, 26.9080234 ], [ 75.805517, 26.9080348 ], [ 75.8056358, 26.9080243 ], [ 75.8057513, 26.9079937 ], [ 75.8058047, 26.907968 ] ] ] } },
{ "type": "Feature", "properties": { "FID_1": 1148, "OBJECTID": 0.0, "ref": null, "Shape_Leng": 0.0, "Type": "Major", "FID_2": 40562, "osm_id": 1201594487.0, "name_1": "Elevated Hawa Sadak", "type_1": "secondary", "oneway": 1, "maxspeed": 50, "Labels": null }, "geometry": { "type": "MultiLineString", "coordinates": [ [ [ 75.7809158, 26.9014527 ], [ 75.7811792, 26.9014562 ] ] ] } },
{ "type": "Feature", "properties": { "FID_1": 369, "OBJECTID": 0.0, "ref": null, "Shape_Leng": 0.0, "Type": "Major", "FID_2": 69, "osm_id": 28826286.0, "name_1": null, "type_1": "primary", "oneway": 1, "maxspeed": 0, "Labels": null }, "geometry": { "type": "MultiLineString", "coordinates": [ [ [ 75.7958353, 26.86249 ], [ 75.7960982, 26.862454 ], [ 75.7963729, 26.8624216 ], [ 75.7965958, 26.8623824 ], [ 75.7970218, 26.8623219 ], [ 75.7974634, 26.862273 ], [ 75.7977863, 26.8622433 ], [ 75.7979401, 26.8622726 ], [ 75.798005, 26.8622849 ], [ 75.7981925, 26.8623471 ], [ 75.7982616, 26.8623802 ], [ 75.7985615, 26.8625237 ], [ 75.798617, 26.8625615 ], [ 75.7990202, 26.8628796 ] ] ] } },
{ "type": "Feature", "properties": { "FID_1": 371, "OBJECTID": 0.0, "ref": null, "Shape_Leng": 0.0, "Type": "Major", "FID_2": 887, "osm_id": 163691416.0, "name_1": "Gopalpura Bypass Road", "type_1": "primary", "oneway": 1, "maxspeed": 0, "Labels": null }, "geometry": { "type": "MultiLineString", "coordinates": [ [ [ 75.8033381, 26.8672866 ], [ 75.8038249, 26.8675356 ], [ 75.8040727, 26.8676205 ], [ 75.8047308, 26.8678387 ], [ 75.8050333, 26.8679028 ], [ 75.8052038, 26.867939 ], [ 75.8055982, 26.8679688 ], [ 75.8057214, 26.8679781 ], [ 75.8064637, 26.8679299 ], [ 75.8076119, 26.8678345 ], [ 75.8079565, 26.8678059 ], [ 75.8080406, 26.8677788 ], [ 75.8080861, 26.8677641 ] ] ] } },
{ "type": "Feature", "properties": { "FID_1": 372, "OBJECTID": 0.0, "ref": null, "Shape_Leng": 0.0, "Type": "Major", "FID_2": 890, "osm_id": 163691423.0, "name_1": "Bhaskar Flyover", "type_1": "primary", "oneway": 1, "maxspeed": 0, "Labels": null }, "geometry": { "type": "MultiLineString", "coordinates": [ [ [ 75.7991073, 26.8629816 ], [ 75.7992177, 26.8631463 ], [ 75.7995678, 26.8637045 ], [ 75.7999005, 26.8642613 ], [ 75.800182, 26.8647362 ], [ 75.8004631, 26.8651241 ], [ 75.8008432, 26.8654974 ], [ 75.8018513, 26.866275 ], [ 75.8022753, 26.8666135 ], [ 75.8031569, 26.8671819 ] ] ] } },
{ "type": "Feature", "properties": { "FID_1": 373, "OBJECTID": 0.0, "ref": null, "Shape_Leng": 0.0, "Type": "Major", "FID_2": 904, "osm_id": 163693214.0, "name_1": null, "type_1": "primary", "oneway": 1, "maxspeed": 0, "Labels": null }, "geometry": { "type": "MultiLineString", "coordinates": [ [ [ 75.7904294, 26.8637097 ], [ 75.7906895, 26.8636234 ], [ 75.7913384, 26.8634481 ], [ 75.7921693, 26.8631623 ], [ 75.7927646, 26.862977 ], [ 75.7931136, 26.8628764 ], [ 75.7935267, 26.8627803 ], [ 75.7942058, 26.8626929 ], [ 75.7947359, 26.862623 ], [ 75.7953036, 26.8625501 ], [ 75.7958353, 26.86249 ] ] ] } },
{ "type": "Feature", "properties": { "FID_1": 325, "OBJECTID": 0.0, "ref": null, "Shape_Leng": 0.0, "Type": "Major", "FID_2": 1801, "osm_id": 240415757.0, "name_1": "Gopalpura Flyover", "type_1": "primary", "oneway": 1, "maxspeed": 0, "Labels": null }, "geometry": { "type": "MultiLineString", "coordinates": [ [ [ 75.7956635, 26.8603948 ], [ 75.795909, 26.8625289 ], [ 75.7962509, 26.8646462 ] ] ] } },
{ "type": "Feature", "properties": { "FID_1": 375, "OBJECTID": 0.0, "ref": null, "Shape_Leng": 0.0, "Type": "Major", "FID_2": 6138, "osm_id": 374926091.0, "name_1": "Gopalpura Bypass Road", "type_1": "primary", "oneway": 1, "maxspeed": 0, "Labels": null }, "geometry": { "type": "MultiLineString", "coordinates": [ [ [ 75.8077044, 26.8677572 ], [ 75.8072941, 26.8677921 ], [ 75.8064669, 26.8678483 ], [ 75.8057364, 26.8678905 ], [ 75.8052126, 26.8678249 ], [ 75.8050784, 26.8677918 ], [ 75.8050347, 26.867781 ], [ 75.8044931, 26.8676304 ], [ 75.8044607, 26.8676205 ], [ 75.8041152, 26.8675151 ], [ 75.8040214, 26.8674826 ], [ 75.8034448, 26.8672234 ] ] ] } },
{ "type": "Feature", "properties": { "FID_1": 380, "OBJECTID": 0.0, "ref": null, "Shape_Leng": 0.0, "Type": "Major", "FID_2": 6147, "osm_id": 374926101.0, "name_1": "Bhaskar Flyover", "type_1": "primary", "oneway": 1, "maxspeed": 0, "Labels": null }, "geometry": { "type": "MultiLineString", "coordinates": [ [ [ 75.8032128, 26.8670928 ], [ 75.8023417, 26.8665276 ], [ 75.8008929, 26.8654164 ], [ 75.8005238, 26.8650746 ], [ 75.800236, 26.8646865 ], [ 75.7996492, 26.8636426 ], [ 75.7994024, 26.8632412 ], [ 75.7991918, 26.862901 ] ] ] } },
{ "type": "Feature", "properties": { "FID_1": 327, "OBJECTID": 0.0, "ref": null, "Shape_Leng": 0.0, "Type": "Major", "FID_2": 6394, "osm_id": 374933209.0, "name_1": "Gopalpura Flyover", "type_1": "primary", "oneway": 1, "maxspeed": 0, "Labels": null }, "geometry": { "type": "MultiLineString", "coordinates": [ [ [ 75.7963416, 26.8646211 ], [ 75.7962004, 26.8637397 ], [ 75.7960109, 26.8625018 ], [ 75.795887, 26.8616331 ], [ 75.7957426, 26.8603749 ] ] ] } },
{ "type": "Feature", "properties": { "FID_1": 331, "OBJECTID": 0.0, "ref": null, "Shape_Leng": 0.0, "Type": "Major", "FID_2": 6399, "osm_id": 374933221.0, "name_1": "Sawai Mansingh Highway", "type_1": "primary_link", "oneway": 1, "maxspeed": 0, "Labels": null }, "geometry": { "type": "MultiLineString", "coordinates": [ [ [ 75.7953979, 26.8586322 ], [ 75.7953353, 26.8587662 ], [ 75.7954261, 26.8593839 ], [ 75.7954954, 26.859905 ], [ 75.795579, 26.8605265 ], [ 75.7956358, 26.861014 ], [ 75.795727, 26.8616958 ], [ 75.7958182, 26.8623776 ], [ 75.7958353, 26.86249 ] ] ] } },
{ "type": "Feature", "properties": { "FID_1": 390, "OBJECTID": 0.0, "ref": null, "Shape_Leng": 0.0, "Type": "Major", "FID_2": 7574, "osm_id": 375081696.0, "name_1": null, "type_1": "primary", "oneway": 1, "maxspeed": 0, "Labels": null }, "geometry": { "type": "MultiLineString", "coordinates": [ [ [ 75.796079, 26.8623412 ], [ 75.7958182, 26.8623776 ], [ 75.7955857, 26.8624115 ], [ 75.7951968, 26.8624534 ], [ 75.7937623, 26.8626342 ], [ 75.7934284, 26.8626749 ], [ 75.7927249, 26.8628478 ], [ 75.7925769, 26.8628969 ], [ 75.791726, 26.863167 ], [ 75.791164, 26.8633668 ], [ 75.7902342, 26.8636548 ] ] ] } },
{ "type": "Feature", "properties": { "FID_1": 393, "OBJECTID": 0.0, "ref": null, "Shape_Leng": 0.0, "Type": "Major", "FID_2": 7991, "osm_id": 375201311.0, "name_1": null, "type_1": "residential", "oneway": 0, "maxspeed": 0, "Labels": null }, "geometry": { "type": "MultiLineString", "coordinates": [ [ [ 75.7990202, 26.8628796 ], [ 75.7990043, 26.8629446 ], [ 75.7990233, 26.8629902 ], [ 75.7990442, 26.8630376 ], [ 75.799123, 26.8631553 ], [ 75.7991945, 26.8632696 ], [ 75.7993692, 26.8636233 ], [ 75.7995508, 26.8639331 ], [ 75.7998884, 26.864509 ], [ 75.7999415, 26.8645996 ], [ 75.800251, 26.865073 ], [ 75.8003614, 26.8651815 ], [ 75.8007684, 26.8655819 ], [ 75.8008222, 26.8656221 ], [ 75.8009824, 26.8657746 ], [ 75.8010997, 26.8658688 ] ] ] } },
{ "type": "Feature", "properties": { "FID_1": 394, "OBJECTID": 0.0, "ref": null, "Shape_Leng": 0.0, "Type": "Major", "FID_2": 8413, "osm_id": 375201751.0, "name_1": null, "type_1": "residential", "oneway": 0, "maxspeed": 0, "Labels": null }, "geometry": { "type": "MultiLineString", "coordinates": [ [ [ 75.7989049, 26.8625324 ], [ 75.7990628, 26.8626754 ], [ 75.7991859, 26.8627787 ], [ 75.7992301, 26.8628395 ], [ 75.7993191, 26.8629662 ], [ 75.799421, 26.8631588 ], [ 75.7994441, 26.8631983 ], [ 75.7994909, 26.8632785 ], [ 75.7998975, 26.8639479 ], [ 75.8000975, 26.8642771 ], [ 75.8002121, 26.8644804 ], [ 75.8003789, 26.8647764 ], [ 75.8004514, 26.8648614 ], [ 75.8005942, 26.8650288 ], [ 75.8007199, 26.8651763 ], [ 75.8010693, 26.8654603 ] ] ] } },
{ "type": "Feature", "properties": { "FID_1": 342, "OBJECTID": 0.0, "ref": null, "Shape_Leng": 0.0, "Type": "Major", "FID_2": 27289, "osm_id": 756961331.0, "name_1": "Sawai Mansingh Highway", "type_1": "primary_link", "oneway": 1, "maxspeed": 0, "Labels": null }, "geometry": { "type": "MultiLineString", "coordinates": [ [ [ 75.796079, 26.8623412 ], [ 75.7960622, 26.862047 ], [ 75.7960442, 26.8619325 ], [ 75.7960077, 26.8616664 ], [ 75.7959434, 26.8611978 ], [ 75.7958755, 26.8606975 ], [ 75.7957934, 26.8600504 ], [ 75.7957257, 26.8596799 ], [ 75.7956386, 26.8590987 ], [ 75.7955707, 26.8587037 ], [ 75.7954992, 26.8585779 ] ] ] } },
{ "type": "Feature", "properties": { "FID_1": 346, "OBJECTID": 0.0, "ref": null, "Shape_Leng": 0.0, "Type": "Major", "FID_2": 28181, "osm_id": 863572364.0, "name_1": "Motidungri Marg", "type_1": "primary", "oneway": 1, "maxspeed": 0, "Labels": null }, "geometry": { "type": "MultiLineString", "coordinates": [ [ [ 75.8024883, 26.8866566 ], [ 75.8024186, 26.8865216 ], [ 75.8023083, 26.8863081 ], [ 75.8022237, 26.8861444 ], [ 75.8019048, 26.885527 ], [ 75.8017481, 26.885198 ], [ 75.8017054, 26.8851158 ], [ 75.8003233, 26.8824533 ], [ 75.8002022, 26.8821933 ], [ 75.8000743, 26.8819343 ], [ 75.7997038, 26.8811539 ], [ 75.7996799, 26.8810947 ], [ 75.7995382, 26.8807805 ], [ 75.7994946, 26.8806815 ], [ 75.7994055, 26.8804376 ], [ 75.799311, 26.8801789 ], [ 75.7991389, 26.8797078 ], [ 75.7990905, 26.8795752 ], [ 75.7990049, 26.879341 ], [ 75.7989628, 26.8792339 ] ] ] } },
{ "type": "Feature", "properties": { "FID_1": 796, "OBJECTID": 0.0, "ref": null, "Shape_Leng": 0.0, "Type": "Major", "FID_2": 42, "osm_id": 28809506.0, "name_1": "Sawai Mansingh Road", "type_1": "primary", "oneway": 1, "maxspeed": 0, "Labels": null }, "geometry": { "type": "MultiLineString", "coordinates": [ [ [ 75.7994214, 26.8808158 ], [ 75.7995702, 26.8811428 ], [ 75.7995794, 26.8811631 ], [ 75.7996564, 26.8813323 ], [ 75.7997766, 26.8815834 ], [ 75.799821, 26.8816759 ], [ 75.8000818, 26.8821815 ], [ 75.8004615, 26.882984 ], [ 75.8004777, 26.8830154 ], [ 75.8005056, 26.8830681 ], [ 75.8005149, 26.8830857 ], [ 75.8005745, 26.8831986 ], [ 75.8007607, 26.8835509 ], [ 75.8015013, 26.8849857 ], [ 75.8015308, 26.8850467 ], [ 75.8015938, 26.8851681 ], [ 75.8016404, 26.8852581 ], [ 75.8017983, 26.8855686 ], [ 75.8018048, 26.885582 ], [ 75.8020786, 26.8861418 ], [ 75.8021495, 26.8862869 ], [ 75.8022957, 26.8865686 ], [ 75.8023568, 26.8866864 ] ] ] } },
{ "type": "Feature", "properties": { "FID_1": 797, "OBJECTID": 0.0, "ref": null, "Shape_Leng": 0.0, "Type": "Major", "FID_2": 27348, "osm_id": 757545713.0, "name_1": "Motidungri Marg", "type_1": "primary", "oneway": 1, "maxspeed": 0, "Labels": null }, "geometry": { "type": "MultiLineString", "coordinates": [ [ [ 75.8086595, 26.8947071 ], [ 75.8084839, 26.8944866 ], [ 75.8084395, 26.8944404 ], [ 75.8083432, 26.8943318 ], [ 75.8079631, 26.8939137 ], [ 75.8075201, 26.8934015 ], [ 75.8071697, 26.8929755 ], [ 75.8061863, 26.8918174 ], [ 75.8061041, 26.8917182 ], [ 75.8060381, 26.891644 ], [ 75.8060242, 26.8916284 ], [ 75.8055135, 26.8910551 ], [ 75.80525, 26.890769 ], [ 75.8051035, 26.8906099 ], [ 75.8046628, 26.8900824 ], [ 75.8044487, 26.8898162 ], [ 75.8041515, 26.8894467 ], [ 75.8040196, 26.8892827 ], [ 75.8039217, 26.889161 ], [ 75.8035934, 26.8886611 ], [ 75.8030262, 26.8877289 ], [ 75.8027948, 26.8872922 ] ] ] } },
{ "type": "Feature", "properties": { "FID_1": 801, "OBJECTID": 0.0, "ref": null, "Shape_Leng": 0.0, "Type": "Major", "FID_2": 39786, "osm_id": 1190644100.0, "name_1": "Sawai Mansingh Road", "type_1": "primary", "oneway": 1, "maxspeed": 0, "Labels": null }, "geometry": { "type": "MultiLineString", "coordinates": [ [ [ 75.8023949, 26.8867609 ], [ 75.8024461, 26.8868628 ], [ 75.8027538, 26.8874749 ], [ 75.8028611, 26.8876919 ], [ 75.8029068, 26.887787 ], [ 75.8031731, 26.8882519 ], [ 75.8034557, 26.8887168 ], [ 75.803554, 26.888872 ], [ 75.8037972, 26.8892251 ], [ 75.8040494, 26.8895603 ], [ 75.804357, 26.8898835 ], [ 75.8045914, 26.8901592 ], [ 75.8051063, 26.8907813 ], [ 75.8051503, 26.8908344 ] ] ] } },
{ "type": "Feature", "properties": { "FID_1": 735, "OBJECTID": 0.0, "ref": null, "Shape_Leng": 0.0, "Type": "Major", "FID_2": 6127, "osm_id": 374923390.0, "name_1": "Bhawani Singh Road", "type_1": "secondary", "oneway": 1, "maxspeed": 0, "Labels": null }, "geometry": { "type": "MultiLineString", "coordinates": [ [ [ 75.8086402, 26.8948778 ], [ 75.8087639, 26.8948225 ], [ 75.8090919, 26.8946626 ], [ 75.809225, 26.8945976 ], [ 75.8102533, 26.8940881 ], [ 75.8113598, 26.8935567 ], [ 75.8126243, 26.8929574 ], [ 75.8130739, 26.8927396 ], [ 75.8134016, 26.8925899 ], [ 75.8137198, 26.8924446 ], [ 75.8138455, 26.8923872 ], [ 75.8141763, 26.8922383 ], [ 75.8143882, 26.892143 ] ] ] } },
{ "type": "Feature", "properties": { "FID_1": 1324, "OBJECTID": 0.0, "ref": null, "Shape_Leng": 0.0, "Type": "Major", "FID_2": 6319, "osm_id": 374932294.0, "name_1": null, "type_1": "tertiary", "oneway": 1, "maxspeed": 0, "Labels": null }, "geometry": { "type": "MultiLineString", "coordinates": [ [ [ 75.7986056, 26.8777807 ], [ 75.7986736, 26.8777709 ], [ 75.7989307, 26.8776773 ], [ 75.7998175, 26.8774949 ], [ 75.8008173, 26.8772832 ], [ 75.8011206, 26.8772221 ], [ 75.8016286, 26.8771213 ], [ 75.8019941, 26.8770451 ], [ 75.8033361, 26.8767482 ], [ 75.8049406, 26.8764264 ], [ 75.8068426, 26.8760195 ], [ 75.8072425, 26.8759366 ], [ 75.8077168, 26.8758344 ], [ 75.8079122, 26.8757916 ], [ 75.8082741, 26.8757208 ], [ 75.8088841, 26.8755987 ], [ 75.8097682, 26.8754164 ], [ 75.8099682, 26.8753752 ], [ 75.8100578, 26.875354 ], [ 75.8101753, 26.8753276 ] ] ] } },
{ "type": "Feature", "properties": { "FID_1": 0, "OBJECTID": 26841.0, "ref": null, "Shape_Leng": 0.00228310569551, "Type": "Major", "FID_2": 0, "osm_id": 734694475.0, "name_1": null, "type_1": "secondary", "oneway": 1, "maxspeed": 0, "Labels": null }, "geometry": { "type": "MultiLineString", "coordinates": [ [ [ 75.807321500087198, 26.885669899746119 ], [ 75.80507909992059, 26.886099100293279 ] ] ] } },
{ "type": "Feature", "properties": { "FID_1": 0, "OBJECTID": 26843.0, "ref": null, "Shape_Leng": 0.0048336099063000003, "Type": "Major", "FID_2": 0, "osm_id": 734694477.0, "name_1": null, "type_1": "secondary", "oneway": 0, "maxspeed": 0, "Labels": null }, "geometry": { "type": "MultiLineString", "coordinates": [ [ [ 75.807463299791493, 26.885664900414895 ], [ 75.808891999666116, 26.885373399562809 ], [ 75.809819900368154, 26.885165499688128 ], [ 75.81009550030717, 26.885127899932684 ], [ 75.810530300033349, 26.885031200329706 ], [ 75.811010600059205, 26.884924400440752 ], [ 75.811757200134707, 26.884769699961737 ], [ 75.811898700364793, 26.884740400049452 ], [ 75.812195099824066, 26.884682499897508 ] ] ] } },
{ "type": "Feature", "properties": { "FID_1": 0, "OBJECTID": 26844.0, "ref": null, "Shape_Leng": 0.0026501777496399999, "Type": "Major", "FID_2": 0, "osm_id": 734694478.0, "name_1": null, "type_1": "secondary", "oneway": 1, "maxspeed": 0, "Labels": null }, "geometry": { "type": "MultiLineString", "coordinates": [ [ [ 75.80507909992059, 26.886099100293279 ], [ 75.803886199588476, 26.886355700255422 ], [ 75.80312709983582, 26.8865117002548 ], [ 75.802661199754596, 26.886617400272883 ], [ 75.802488299695312, 26.886656599922219 ] ] ] } },
{ "type": "Feature", "properties": { "FID_1": 1312, "OBJECTID": 0.0, "ref": null, "Shape_Leng": 0.0, "Type": "Major", "FID_2": 50, "osm_id": 28814925.0, "name_1": "Calgiri Road", "type_1": "primary", "oneway": 1, "maxspeed": 0, "Labels": null }, "geometry": { "type": "MultiLineString", "coordinates": [ [ [ 75.8204894, 26.8557713 ], [ 75.8202452, 26.8558353 ], [ 75.8194337, 26.8560482 ], [ 75.8190612, 26.8561479 ], [ 75.8173065, 26.8566175 ], [ 75.8148707, 26.8572467 ], [ 75.8143272, 26.8573933 ], [ 75.8142122, 26.857425 ], [ 75.8134078, 26.8576467 ], [ 75.8124386, 26.8579274 ], [ 75.8119922, 26.8581028 ], [ 75.8115689, 26.8582573 ], [ 75.8114845, 26.8582881 ], [ 75.8093587, 26.8591191 ], [ 75.8092329, 26.8591687 ], [ 75.8092093, 26.8591779 ], [ 75.8088944, 26.8593019 ], [ 75.8087111, 26.8593741 ], [ 75.8085854, 26.8594236 ], [ 75.8084139, 26.8594912 ], [ 75.8083167, 26.8595295 ], [ 75.8081258, 26.8596046 ], [ 75.8077186, 26.85978 ], [ 75.8071883, 26.8599563 ], [ 75.8069702, 26.8600401 ] ] ] } },
{ "type": "Feature", "properties": { "FID_1": 1321, "OBJECTID": 0.0, "ref": null, "Shape_Leng": 0.0, "Type": "Major", "FID_2": 3929, "osm_id": 374555559.0, "name_1": "Girdhar Marg", "type_1": "tertiary", "oneway": 0, "maxspeed": 0, "Labels": null }, "geometry": { "type": "MultiLineString", "coordinates": [ [ [ 75.8068827, 26.8472998 ], [ 75.8064099, 26.8474062 ] ] ] } },
{ "type": "Feature", "properties": { "FID_1": 1323, "OBJECTID": 0.0, "ref": null, "Shape_Leng": 0.0, "Type": "Major", "FID_2": 3987, "osm_id": 374555617.0, "name_1": "Girdhar Marg", "type_1": "tertiary", "oneway": 0, "maxspeed": 0, "Labels": null }, "geometry": { "type": "MultiLineString", "coordinates": [ [ [ 75.8064099, 26.8474062 ], [ 75.8063471, 26.8474219 ], [ 75.8058401, 26.8475483 ], [ 75.8057496, 26.8475709 ], [ 75.8051988, 26.8477136 ], [ 75.8047279, 26.8478221 ], [ 75.8045252, 26.8478392 ], [ 75.8041713, 26.8478979 ], [ 75.80406, 26.8479163 ], [ 75.8039445, 26.8479395 ], [ 75.8034207, 26.8480447 ], [ 75.8032263, 26.8480818 ], [ 75.8030564, 26.8481142 ] ] ] } },
{ "type": "Feature", "properties": { "FID_1": 1345, "OBJECTID": 0.0, "ref": null, "Shape_Leng": 0.0, "Type": "Major", "FID_2": 28346, "osm_id": 864707772.0, "name_1": "Girdhar Marg", "type_1": "tertiary", "oneway": 0, "maxspeed": 0, "Labels": null }, "geometry": { "type": "MultiLineString", "coordinates": [ [ [ 75.8084444, 26.8469302 ], [ 75.8082451, 26.8469795 ], [ 75.8080445, 26.8470287 ], [ 75.807873, 26.8470715 ], [ 75.8071064, 26.8472482 ], [ 75.8069632, 26.8472812 ], [ 75.8068827, 26.8472998 ] ] ] } },
{ "type": "Feature", "properties": { "FID_1": 1348, "OBJECTID": 0.0, "ref": null, "Shape_Leng": 0.0, "Type": "Major", "FID_2": 28528, "osm_id": 865638243.0, "name_1": "Calgiri Road", "type_1": "primary", "oneway": 1, "maxspeed": 0, "Labels": null }, "geometry": { "type": "MultiLineString", "coordinates": [ [ [ 75.8240893, 26.8548047 ], [ 75.8239642, 26.8548443 ], [ 75.8223939, 26.8552723 ], [ 75.8223468, 26.8552875 ], [ 75.8210389, 26.8556235 ], [ 75.8204894, 26.8557713 ] ] ] } },
{ "type": "Feature", "properties": { "FID_1": 0, "OBJECTID": 3933.0, "ref": null, "Shape_Leng": 0.0040620982759199996, "Type": "Minor", "FID_2": 0, "osm_id": 374555561.0, "name_1": null, "type_1": "tertiary", "oneway": 0, "maxspeed": 0, "Labels": null }, "geometry": { "type": "MultiLineString", "coordinates": [ [ [ 75.813983599563528, 26.848699800155714 ], [ 75.814121200333204, 26.84878180033985 ], [ 75.814402400350559, 26.848949299970286 ], [ 75.815389300176093, 26.849537200281645 ], [ 75.81627719993287, 26.850061399813796 ], [ 75.816433299757023, 26.850153600108627 ], [ 75.817241899993746, 26.850630999820851 ], [ 75.817476300191174, 26.850773799571243 ] ] ] } },
{ "type": "Feature", "properties": { "FID_1": 0, "OBJECTID": 8560.0, "ref": null, "Shape_Leng": 0.010415360002099999, "Type": "Minor", "FID_2": 0, "osm_id": 375217171.0, "name_1": null, "type_1": "tertiary", "oneway": 0, "maxspeed": 40, "Labels": null }, "geometry": { "type": "MultiLineString", "coordinates": [ [ [ 75.810085800219554, 26.849692499709136 ], [ 75.810176899744192, 26.850012099878541 ], [ 75.810289100061993, 26.850406100061491 ], [ 75.810449000421102, 26.851128600104857 ], [ 75.810601500259111, 26.851530099734362 ], [ 75.810672300286512, 26.851766300374493 ], [ 75.81067769981604, 26.851917300143327 ], [ 75.810657199769992, 26.852123199925813 ], [ 75.810439199609448, 26.852357399574373 ], [ 75.809909999846695, 26.853063100281929 ], [ 75.809616700350489, 26.853454299976022 ], [ 75.808797399980108, 26.854546999644356 ], [ 75.807927199780522, 26.855707500101119 ], [ 75.807345799768882, 26.856482999890602 ], [ 75.805892300189555, 26.858421400427346 ] ] ] } },
{ "type": "Feature", "properties": { "FID_1": 0, "OBJECTID": 8574.0, "ref": null, "Shape_Leng": 0.0030892985016099999, "Type": "Minor", "FID_2": 0, "osm_id": 375217185.0, "name_1": null, "type_1": "tertiary", "oneway": 0, "maxspeed": 0, "Labels": null }, "geometry": { "type": "MultiLineString", "coordinates": [ [ [ 75.809086399817545, 26.84677199992791 ], [ 75.809236600089093, 26.84723480004601 ], [ 75.809512500401638, 26.848084799673813 ], [ 75.809635599603268, 26.848464200262697 ], [ 75.809782600086976, 26.848945199961065 ], [ 75.809829300082185, 26.849097900347886 ], [ 75.809877599971344, 26.849209800292101 ], [ 75.810085800219554, 26.849692499709136 ] ] ] } },
{ "type": "Feature", "properties": { "FID_1": 0, "OBJECTID": 9303.0, "ref": null, "Shape_Leng": 0.0060190892551000002, "Type": "Minor", "FID_2": 0, "osm_id": 375377509.0, "name_1": null, "type_1": "tertiary", "oneway": 0, "maxspeed": 0, "Labels": null }, "geometry": { "type": "MultiLineString", "coordinates": [ [ [ 75.817476300191174, 26.850773799571243 ], [ 75.817579400269153, 26.850831699723187 ], [ 75.817852599917614, 26.850973600151576 ], [ 75.818033799820057, 26.851109600127984 ], [ 75.81835180009557, 26.85134820015935 ], [ 75.818489999813721, 26.851463799914484 ], [ 75.818692599983535, 26.85172750002414 ], [ 75.818931200014902, 26.852037900129062 ], [ 75.818998400056159, 26.852135300303928 ], [ 75.819196099820203, 26.852419399735538 ], [ 75.819319899593722, 26.85263620020055 ], [ 75.819425399962313, 26.852820800439645 ], [ 75.819491099934396, 26.85295779956283 ], [ 75.819631100095251, 26.853306099796725 ], [ 75.819864199872995, 26.853976899614281 ], [ 75.820312100023443, 26.855219099881595 ], [ 75.820489399566213, 26.855771299805667 ] ] ] } },
{ "type": "Feature", "properties": { "FID_1": 71, "OBJECTID": 0.0, "ref": "NH21", "Shape_Leng": 0.0, "Type": "National Highway", "FID_2": 28338, "osm_id": 864700212.0, "name_1": "Underpass", "type_1": "secondary", "oneway": 1, "maxspeed": 60, "Labels": null }, "geometry": { "type": "MultiLineString", "coordinates": [ [ [ 75.7968343, 26.839011300000038 ], [ 75.796280499999966, 26.839030200000025 ], [ 75.796019800000067, 26.839039100000036 ], [ 75.795366600000023, 26.8390364 ], [ 75.79424350000005, 26.83887030000011 ] ], [ [ 75.794193000000121, 26.838987900000063 ], [ 75.79477930000013, 26.839054700000077 ], [ 75.795356700000127, 26.839121900000123 ], [ 75.796987800000068, 26.839148900000055 ], [ 75.797593200000051, 26.839164200000084 ], [ 75.797886600000027, 26.839175200000113 ] ] ] } },
{ "type": "Feature", "properties": { "FID_1": 368, "OBJECTID": 0.0, "ref": null, "Shape_Leng": 0.0, "Type": "Major", "FID_2": 39, "osm_id": 28801705.0, "name_1": null, "type_1": "primary", "oneway": 1, "maxspeed": 0, "Labels": null }, "geometry": { "type": "MultiLineString", "coordinates": [ [ [ 75.7692558, 26.8793586 ], [ 75.7699232, 26.8789491 ] ] ] } },
{ "type": "Feature", "properties": { "FID_1": 386, "OBJECTID": 0.0, "ref": null, "Shape_Leng": 0.0, "Type": "Major", "FID_2": 7054, "osm_id": 375044269.0, "name_1": null, "type_1": "primary", "oneway": 1, "maxspeed": 0, "Labels": null }, "geometry": { "type": "MultiLineString", "coordinates": [ [ [ 75.7699232, 26.8789491 ], [ 75.7706417, 26.8785438 ] ] ] } },
{ "type": "Feature", "properties": { "FID_1": 387, "OBJECTID": 0.0, "ref": null, "Shape_Leng": 0.0, "Type": "Major", "FID_2": 7055, "osm_id": 375044272.0, "name_1": null, "type_1": "primary", "oneway": 1, "maxspeed": 0, "Labels": null }, "geometry": { "type": "MultiLineString", "coordinates": [ [ [ 75.7705848, 26.8784852 ], [ 75.7699264, 26.8788686 ] ] ] } },
{ "type": "Feature", "properties": { "FID_1": 389, "OBJECTID": 0.0, "ref": null, "Shape_Leng": 0.0, "Type": "Major", "FID_2": 7057, "osm_id": 375044280.0, "name_1": null, "type_1": "primary", "oneway": 1, "maxspeed": 0, "Labels": null }, "geometry": { "type": "MultiLineString", "coordinates": [ [ [ 75.7699264, 26.8788686 ], [ 75.7693541, 26.8791927 ] ] ] } },
{ "type": "Feature", "properties": { "FID_1": 1313, "OBJECTID": 0.0, "ref": null, "Shape_Leng": 0.0, "Type": "Major", "FID_2": 52, "osm_id": 28814930.0, "name_1": null, "type_1": "primary", "oneway": 1, "maxspeed": 0, "Labels": null }, "geometry": { "type": "MultiLineString", "coordinates": [ [ [ 75.8069702, 26.8600401 ], [ 75.8068772, 26.8600818 ], [ 75.8067783, 26.8601198 ], [ 75.8066396, 26.8601216 ], [ 75.8065179, 26.8600392 ], [ 75.806395, 26.8598973 ], [ 75.8063032, 26.8596688 ], [ 75.8062148, 26.8595381 ], [ 75.8061293, 26.8595104 ], [ 75.8060251, 26.8595165 ] ] ] } }
]
}
