{
"type": "FeatureCollection",
"name": "A05",
"crs": { "type": "name", "properties": { "name": "urn:ogc:def:crs:OGC:1.3:CRS84" } },
"features": [
{ "type": "Feature", "properties": { "OBJECTID": 1.0, "ORIG_FID": 1.0, "OBJECTID_1": 1291.0, "osm_id": 200670475.0, "name": "Sikar Road", "ref": null, "type": "primary", "oneway": 1.0, "bridge": 0.0, "maxspeed": 60.0, "Shape_Leng": 0.0166706042782, "BUFF_DIST": 200.0, "Shape_Le_1": 0.012006800764799999, "Shape_Area": 1.14166264163e-05 }, "geometry": { "type": "Polygon", "coordinates": [ [ [ 75.773574270077631, 26.980416160383925 ], [ 75.773700771947233, 26.980412598568364 ], [ 75.773826774547956, 26.980401927179059 ], [ 75.773951780581569, 26.98038418833346 ], [ 75.774075296683634, 26.98035945204191 ], [ 75.774196835371185, 26.980327815931275 ], [ 75.774315916966259, 26.980289404860855 ], [ 75.774432071489798, 26.980244370428125 ], [ 75.774544840516626, 26.980192890371143 ], [ 75.774653778984998, 26.980135167866649 ], [ 75.774758456952952, 26.980071430728401 ], [ 75.774858461295537, 26.980001930507228 ], [ 75.774953397335366, 26.979926941499116 ], [ 75.775042890400584, 26.979846759661939 ], [ 75.775126587302623, 26.979761701447273 ], [ 75.775204157730968, 26.979672102551319 ], [ 75.775275295556867, 26.979578316590107 ], [ 75.775339720040392, 26.979480713703992 ], [ 75.775397176939009, 26.979379679096098 ], [ 75.775447439510742, 26.979275611512378 ], [ 75.775490309408212, 26.979168921667679 ], [ 75.775525617462336, 26.979060030624851 ], [ 75.775553224348357, 26.978949368132703 ], [ 75.775573021135813, 26.978837370929909 ], [ 75.775584929718946, 26.978724481021459 ], [ 75.775588903123094, 26.978611143934529 ], [ 75.775584925691021, 26.978497806959183 ], [ 75.775573013143799, 26.978384917384176 ], [ 75.775553212518162, 26.978272920731115 ], [ 75.775525601980462, 26.978162258996235 ], [ 75.775490290518974, 26.978053368906615 ], [ 75.775447417511771, 26.977946680195771 ], [ 75.775397152177504, 26.977842613908763 ], [ 75.775339692906755, 26.977741580739917 ], [ 75.775275266479014, 26.977643979412733 ], [ 75.775204127167456, 26.977550195105493 ], [ 75.775126555735369, 26.977460597932577 ], [ 75.775042858327595, 26.977375541482559 ], [ 75.774953365262377, 26.97729536142424 ], [ 75.774858429728283, 26.977220374181115 ], [ 75.774758426389326, 26.97715087568298 ], [ 75.774653749907088, 26.977087140198535 ], [ 75.774544813382931, 26.977029419252972 ], [ 75.774432046728236, 26.976977940635209 ], [ 75.774315894967344, 26.97693290749919 ], [ 75.774196816481947, 26.976894497562625 ], [ 75.774075281201817, 26.976862862405198 ], [ 75.773951768751203, 26.976838126870859 ], [ 75.773826766555942, 26.976820388574879 ], [ 75.773700767919536, 26.976809717519188 ], [ 75.773574270077631, 26.976806155815382 ], [ 75.773447772235954, 26.976809717519188 ], [ 75.773321773599548, 26.976820388574879 ], [ 75.773196771404116, 26.976838126870859 ], [ 75.773073258953502, 26.976862862405198 ], [ 75.772951723673543, 26.976894497562625 ], [ 75.772832645187975, 26.97693290749919 ], [ 75.772716493427083, 26.976977940635209 ], [ 75.772603726772388, 26.977029419252972 ], [ 75.772494790248402, 26.977087140198535 ], [ 75.772390113765994, 26.97715087568298 ], [ 75.772290110427036, 26.977220374181115 ], [ 75.772195174892943, 26.97729536142424 ], [ 75.772105681827895, 26.977375541482559 ], [ 75.772021984419951, 26.977460597932577 ], [ 75.771944412987807, 26.977550195105493 ], [ 75.771873273676306, 26.977643979412733 ], [ 75.771808847248735, 26.977741580739917 ], [ 75.771751387977986, 26.977842613908763 ], [ 75.771701122643492, 26.977946680195771 ], [ 75.771658249636346, 26.978053368906615 ], [ 75.771622938174858, 26.978162258996235 ], [ 75.771595327637328, 26.978272920731115 ], [ 75.771575527011464, 26.978384917384176 ], [ 75.771563614464299, 26.978497806959183 ], [ 75.771559637032226, 26.978611143934529 ], [ 75.771563610436374, 26.978724481021459 ], [ 75.771575519019507, 26.978837370929909 ], [ 75.771595315806962, 26.978949368132703 ], [ 75.771622922692984, 26.979060030624851 ], [ 75.771658230747107, 26.979168921667679 ], [ 75.771701100644748, 26.979275611512378 ], [ 75.77175136321631, 26.979379679096098 ], [ 75.771808820114927, 26.979480713703992 ], [ 75.771873244598453, 26.979578316590107 ], [ 75.771944382424351, 26.979672102551319 ], [ 75.772021952852867, 26.979761701447273 ], [ 75.772105649754678, 26.979846759661939 ], [ 75.772195142819953, 26.979926941499116 ], [ 75.772290078859783, 26.980001930507228 ], [ 75.772390083202538, 26.980071430728401 ], [ 75.772494761170492, 26.980135167866649 ], [ 75.772603699638694, 26.980192890371143 ], [ 75.772716468665521, 26.980244370428125 ], [ 75.772832623189061, 26.980289404860855 ], [ 75.772951704784134, 26.980327815931275 ], [ 75.773073243471686, 26.98035945204191 ], [ 75.773196759573921, 26.98038418833346 ], [ 75.773321765607534, 26.980401927179059 ], [ 75.77344776820803, 26.980412598568364 ], [ 75.773574270077631, 26.980416160383925 ] ] ] } },
{ "type": "Feature", "properties": { "OBJECTID": 2.0, "ORIG_FID": 2.0, "OBJECTID_1": 1291.0, "osm_id": 200670475.0, "name": "Sikar Road", "ref": null, "type": "primary", "oneway": 1.0, "bridge": 0.0, "maxspeed": 60.0, "Shape_Leng": 0.0166706042782, "BUFF_DIST": 200.0, "Shape_Le_1": 0.0120072424634, "Shape_Area": 1.14174006411e-05 }, "geometry": { "type": "Polygon", "coordinates": [ [ [ 75.773156850482962, 26.988213508386025 ], [ 75.773283361071947, 26.988209946574386 ], [ 75.773409372357662, 26.988199275197019 ], [ 75.773534387007658, 26.988181536370973 ], [ 75.773657911623445, 26.988156800106367 ], [ 75.773779458688296, 26.988125164030748 ], [ 75.773898548491218, 26.988086753002619 ], [ 75.774014711020925, 26.988041718619456 ], [ 75.774127487820408, 26.987990238619261 ], [ 75.774236433797228, 26.987932516178375 ], [ 75.77434111898009, 26.987868779110329 ], [ 75.77444113021545, 26.987799278965838 ], [ 75.774536072798696, 26.987724290040546 ], [ 75.774625572031937, 26.987644108291647 ], [ 75.774709274702332, 26.987559050170773 ], [ 75.774786850476971, 26.987469451373556 ], [ 75.774857993205615, 26.987375665516083 ], [ 75.774922422129009, 26.98727806273763 ], [ 75.774979882987282, 26.987177028241319 ], [ 75.775030149022712, 26.987072960772537 ], [ 75.775073021874448, 26.986966271045617 ], [ 75.775108332361413, 26.986857380123183 ], [ 75.775135941149586, 26.986746717753249 ], [ 75.775155739300772, 26.98663472067426 ], [ 75.775167648704041, 26.986521830890865 ], [ 75.775171622381436, 26.986408493929218 ], [ 75.775167644674525, 26.986295157079439 ], [ 75.775155731305574, 26.98618226762926 ], [ 75.775135929314445, 26.986070271100232 ], [ 75.7751083168734, 26.985959609488134 ], [ 75.775073002977592, 26.985850719519078 ], [ 75.775030127014873, 26.985744030926526 ], [ 75.774979858215602, 26.985639964754853 ], [ 75.774922394984287, 26.985538931698102 ], [ 75.774857964115824, 26.985441330479091 ], [ 75.774786819901067, 26.985347546276103 ], [ 75.774709243122288, 26.985257949202492 ], [ 75.774625539945816, 26.985172892846947 ], [ 75.77453604071269, 26.985092712877588 ], [ 75.774441098635407, 26.985017725717682 ], [ 75.774341088404185, 26.984948227296798 ], [ 75.774236404707608, 26.984884491883236 ], [ 75.774127460675686, 26.984826771001792 ], [ 75.774014686249302, 26.984775292440986 ], [ 75.773898526483379, 26.984730259355103 ], [ 75.773779439791213, 26.984691849461399 ], [ 75.773657896135376, 26.984660214339101 ], [ 75.773534375172687, 26.984635478832331 ], [ 75.773409364362465, 26.984617740556075 ], [ 75.773283357042658, 26.984607069512094 ], [ 75.773156850482962, 26.984603507812153 ], [ 75.773030343923381, 26.984607069512094 ], [ 75.77290433660346, 26.984617740556075 ], [ 75.772779325793408, 26.984635478832331 ], [ 75.772655804830663, 26.984660214339101 ], [ 75.772534261174656, 26.984691849461399 ], [ 75.772415174482489, 26.984730259355103 ], [ 75.772299014716793, 26.984775292440986 ], [ 75.772186240290353, 26.984826771001792 ], [ 75.772077296258431, 26.984884491883236 ], [ 75.77197261256191, 26.984948227296798 ], [ 75.771872602330518, 26.985017725717682 ], [ 75.771777660253349, 26.985092712877588 ], [ 75.771688161020279, 26.985172892846947 ], [ 75.771604457843637, 26.985257949202492 ], [ 75.771526881065029, 26.985347546276103 ], [ 75.771455736850214, 26.985441330479091 ], [ 75.771391305981751, 26.985538931698102 ], [ 75.771333842750266, 26.985639964754853 ], [ 75.771283573951166, 26.985744030926526 ], [ 75.771240697988503, 26.985850719519078 ], [ 75.771205384092696, 26.985959609488134 ], [ 75.77117777165148, 26.986070271100232 ], [ 75.771157969660294, 26.98618226762926 ], [ 75.771146056291343, 26.986295157079439 ], [ 75.77114207858466, 26.986408493929218 ], [ 75.771146052262054, 26.986521830890865 ], [ 75.771157961665097, 26.98663472067426 ], [ 75.77117775981651, 26.986746717753249 ], [ 75.771205368604456, 26.986857380123183 ], [ 75.771240679091591, 26.986966271045617 ], [ 75.771283551943384, 26.987072960772537 ], [ 75.771333817978814, 26.987177028241319 ], [ 75.771391278837086, 26.98727806273763 ], [ 75.771455707760424, 26.987375665516083 ], [ 75.771526850488954, 26.987469451373556 ], [ 75.771604426263707, 26.987559050170773 ], [ 75.771688128934102, 26.987644108291647 ], [ 75.771777628167399, 26.987724290040546 ], [ 75.771872570750588, 26.987799278965838 ], [ 75.771972581985835, 26.987868779110329 ], [ 75.77207726716864, 26.987932516178375 ], [ 75.772186213145687, 26.987990238619261 ], [ 75.772298989945114, 26.988041718619456 ], [ 75.772415152474878, 26.988086753002619 ], [ 75.7725342422778, 26.988125164030748 ], [ 75.77265578934248, 26.988156800106367 ], [ 75.77277931395821, 26.988181536370973 ], [ 75.772904328608263, 26.988199275197019 ], [ 75.773030339893921, 26.988209946574386 ], [ 75.773156850482962, 26.988213508386025 ] ] ] } },
{ "type": "Feature", "properties": { "OBJECTID": 3.0, "ORIG_FID": 3.0, "OBJECTID_1": 8655.0, "osm_id": 375269976.0, "name": "Sikar Road", "ref": "NH52", "type": "trunk", "oneway": 1.0, "bridge": 0.0, "maxspeed": 0.0, "Shape_Leng": 0.019155618452199999, "BUFF_DIST": 200.0, "Shape_Le_1": 0.0120083863268, "Shape_Area": 1.1419405578700001e-05 }, "geometry": { "type": "Polygon", "coordinates": [ [ [ 75.7704772107586, 27.008390823925481 ], [ 75.770603743927609, 27.008387262124131 ], [ 75.770729777704105, 27.008376590777118 ], [ 75.770854814666905, 27.00835885200172 ], [ 75.770978361329583, 27.008334115807656 ], [ 75.771099930088212, 27.008302479822248 ], [ 75.77121904114631, 27.008264068903543 ], [ 75.771335224408631, 27.008219034648789 ], [ 75.771448021336312, 27.008167554795534 ], [ 75.77155698675756, 27.008109832519324 ], [ 75.771661690624114, 27.008046095633176 ], [ 75.77176171970865, 27.007976595686898 ], [ 75.77185667923635, 27.007901606975679 ], [ 75.771946194442478, 27.007821425455745 ], [ 75.772029912050925, 27.007736367577706 ], [ 75.772107501670121, 27.007646769036512 ], [ 75.772178657094628, 27.007552983446885 ], [ 75.772243097515798, 27.007455380947306 ], [ 75.772300568628111, 27.007354346739817 ], [ 75.772350843633262, 27.007250279568552 ], [ 75.772393724135043, 27.007143590146825 ], [ 75.772429040922418, 27.00703469953578 ], [ 75.772456654636244, 27.006924037482577 ], [ 75.772476456319168, 27.006812040724242 ], [ 75.772488367846222, 27.006699151263945 ], [ 75.772492342230976, 27.006585814626987 ], [ 75.772488363812499, 27.006472478101955 ], [ 75.772476448315615, 27.006359588975442 ], [ 75.772456642788825, 27.006247592767409 ], [ 75.772429025418035, 27.006136931472554 ], [ 75.772393705218292, 27.006028041815796 ], [ 75.772350821602345, 27.005921353529288 ], [ 75.772300543830511, 27.005817287656384 ], [ 75.772243070342654, 27.005716254889705 ], [ 75.772178627974426, 27.005618653950989 ], [ 75.7721074710621, 27.005524870017325 ], [ 75.772029880437856, 27.005435273201158 ], [ 75.771946162322706, 27.005350217089983 ], [ 75.771856647116806, 27.005270037351238 ], [ 75.771761688095523, 27.005195050406769 ], [ 75.771661660016036, 27.005125552185746 ], [ 75.771556957637358, 27.005061816955504 ], [ 75.771447994163225, 27.005004096239986 ], [ 75.77133519961103, 27.004952617827541 ], [ 75.771219019115563, 27.004907584871148 ], [ 75.771099911171461, 27.00486917508789 ], [ 75.770978345825199, 27.004837540056542 ], [ 75.770854802819542, 27.004812804620997 ], [ 75.770729769700552, 27.0047950663959 ], [ 75.770603739894057, 27.004784395382671 ], [ 75.7704772107586, 27.004780833692848 ], [ 75.77035068162337, 27.004784395382671 ], [ 75.770224651816875, 27.0047950663959 ], [ 75.770099618697714, 27.004812804620997 ], [ 75.769976075692, 27.004837540056542 ], [ 75.769854510345795, 27.00486917508789 ], [ 75.769735402401807, 27.004907584871148 ], [ 75.769619221906225, 27.004952617827541 ], [ 75.769506427354202, 27.005004096239986 ], [ 75.769397463879841, 27.005061816955504 ], [ 75.769292761501163, 27.005125552185746 ], [ 75.769192733421846, 27.005195050406769 ], [ 75.769097774400564, 27.005270037351238 ], [ 75.769008259194493, 27.005350217089983 ], [ 75.7689245410794, 27.005435273201158 ], [ 75.768846950455327, 27.005524870017325 ], [ 75.768775793542773, 27.005618653950989 ], [ 75.768711351174545, 27.005716254889705 ], [ 75.768653877686688, 27.005817287656384 ], [ 75.768603599915082, 27.005921353529288 ], [ 75.768560716298964, 27.006028041815796 ], [ 75.768525396099221, 27.006136931472554 ], [ 75.768497778728602, 27.006247592767409 ], [ 75.768477973201755, 27.006359588975442 ], [ 75.768466057704757, 27.006472478101955 ], [ 75.76846207928628, 27.006585814626987 ], [ 75.768466053671148, 27.006699151263945 ], [ 75.768477965198031, 27.006812040724242 ], [ 75.768497766881183, 27.006924037482577 ], [ 75.768525380594781, 27.00703469953578 ], [ 75.768560697382156, 27.007143590146825 ], [ 75.768603577884164, 27.007250279568552 ], [ 75.768653852889315, 27.007354346739817 ], [ 75.768711324001458, 27.007455380947306 ], [ 75.768775764422628, 27.007552983446885 ], [ 75.768846919847249, 27.007646769036512 ], [ 75.768924509466274, 27.007736367577706 ], [ 75.769008227074949, 27.007821425455745 ], [ 75.769097742280849, 27.007901606975679 ], [ 75.76919270180872, 27.007976595686898 ], [ 75.769292730893312, 27.008046095633176 ], [ 75.769397434759696, 27.008109832519324 ], [ 75.769506400180887, 27.008167554795534 ], [ 75.769619197108796, 27.008219034648789 ], [ 75.769735380370889, 27.008264068903543 ], [ 75.769854491428987, 27.008302479822248 ], [ 75.769976060187616, 27.008334115807656 ], [ 75.770099606850295, 27.00835885200172 ], [ 75.770224643813094, 27.008376590777118 ], [ 75.770350677589761, 27.008387262124131 ], [ 75.7704772107586, 27.008390823925481 ] ] ] } },
{ "type": "Feature", "properties": { "OBJECTID": 4.0, "ORIG_FID": 4.0, "OBJECTID_1": 8655.0, "osm_id": 375269976.0, "name": "Sikar Road", "ref": "NH52", "type": "trunk", "oneway": 1.0, "bridge": 0.0, "maxspeed": 0.0, "Shape_Leng": 0.019155618452199999, "BUFF_DIST": 200.0, "Shape_Le_1": 0.0120088343746, "Shape_Area": 1.14201908807e-05 }, "geometry": { "type": "Polygon", "coordinates": [ [ [ 75.769191615234149, 27.016288162461308 ], [ 75.769318157247312, 27.01628460066371 ], [ 75.769444199833117, 27.016273929328747 ], [ 75.769569245535592, 27.016256190573074 ], [ 75.769692800833525, 27.016231454406693 ], [ 75.769814378089336, 27.016199818456471 ], [ 75.769933497472834, 27.016161407580739 ], [ 75.770049688855579, 27.016116373376292 ], [ 75.770162493667101, 27.016064893580392 ], [ 75.770271466704457, 27.016007171368869 ], [ 75.77037617788892, 27.015943434553776 ], [ 75.770476213964855, 27.015873934685317 ], [ 75.770571180129366, 27.015798946057771 ], [ 75.770660701591794, 27.015718764627536 ], [ 75.770744425051419, 27.015633706844483 ], [ 75.770822020092965, 27.015544108403503 ], [ 75.770893180490532, 27.015450322918696 ], [ 75.770957625415122, 27.015352720528483 ], [ 75.771015100543764, 27.015251686433999 ], [ 75.771065379062009, 27.015147619379263 ], [ 75.771108262560347, 27.015040930077078 ], [ 75.771143581815409, 27.014932039587961 ], [ 75.771171197458557, 27.014821377658734 ], [ 75.771191000524936, 27.014709381025966 ], [ 75.771202912883666, 27.014596491692146 ], [ 75.771206887545532, 27.014483155182404 ], [ 75.771202908848295, 27.01436981878436 ], [ 75.771190992517973, 27.014256929784494 ], [ 75.771171185606306, 27.014144933702198 ], [ 75.771143566304829, 27.014034272531489 ], [ 75.771108243635922, 27.013925382997115 ], [ 75.771065357022223, 27.013818694830547 ], [ 75.771015075735875, 27.01371462907457 ], [ 75.770957598230837, 27.013613596421408 ], [ 75.77089315135845, 27.013515995592456 ], [ 75.770821989472438, 27.013422211764123 ], [ 75.770744393425161, 27.013332615048796 ], [ 75.770660669458948, 27.013247559033402 ], [ 75.770571147996691, 27.013167379384754 ], [ 75.770476182338768, 27.013092392524811 ], [ 75.770376147268394, 27.013022894381947 ], [ 75.770271437572205, 27.012959159223442 ], [ 75.770162466482816, 27.012901438573124 ], [ 75.77004966404786, 27.012849960218603 ], [ 75.769933475432879, 27.0128049273128 ], [ 75.769814359164741, 27.012766517572913 ], [ 75.769692785322889, 27.01273488257732 ], [ 75.769569233683228, 27.012710147169628 ], [ 75.769444191826153, 27.012692408964426 ], [ 75.769318153211941, 27.012681737963248 ], [ 75.769191615234149, 27.012678176277575 ], [ 75.769065077256414, 27.012681737963248 ], [ 75.768939038642202, 27.012692408964426 ], [ 75.768813996785127, 27.012710147169628 ], [ 75.768690445145467, 27.01273488257732 ], [ 75.768568871303614, 27.012766517572913 ], [ 75.768449755035647, 27.0128049273128 ], [ 75.768333566420495, 27.012849960218603 ], [ 75.768220763985539, 27.012901438573124 ], [ 75.76811179289615, 27.012959159223442 ], [ 75.768007083199961, 27.013022894381947 ], [ 75.767907048129587, 27.013092392524811 ], [ 75.767812082471664, 27.013167379384754 ], [ 75.767722561009407, 27.013247559033402 ], [ 75.767638837043194, 27.013332615048796 ], [ 75.767561240995917, 27.013422211764123 ], [ 75.767490079110075, 27.013515995592456 ], [ 75.767425632237519, 27.013613596421408 ], [ 75.76736815473248, 27.01371462907457 ], [ 75.767317873446302, 27.013818694830547 ], [ 75.767274986832604, 27.013925382997115 ], [ 75.767239664163696, 27.014034272531489 ], [ 75.767212044861992, 27.014144933702198 ], [ 75.767192237950326, 27.014256929784494 ], [ 75.767180321620003, 27.01436981878436 ], [ 75.767176342922824, 27.014483155182404 ], [ 75.767180317584689, 27.014596491692146 ], [ 75.767192229943419, 27.014709381025966 ], [ 75.767212033009798, 27.014821377658734 ], [ 75.76723964865289, 27.014932039587961 ], [ 75.767274967908008, 27.015040930077078 ], [ 75.767317851406347, 27.015147619379263 ], [ 75.767368129924762, 27.015251686433999 ], [ 75.767425605053234, 27.015352720528483 ], [ 75.767490049977823, 27.015450322918696 ], [ 75.767561210375391, 27.015544108403503 ], [ 75.767638805417107, 27.015633706844483 ], [ 75.767722528876561, 27.015718764627536 ], [ 75.767812050338989, 27.015798946057771 ], [ 75.7679070165035, 27.015873934685317 ], [ 75.768007052579435, 27.015943434553776 ], [ 75.768111763764068, 27.016007171368869 ], [ 75.768220736801254, 27.016064893580392 ], [ 75.768333541612776, 27.016116373376292 ], [ 75.768449732995691, 27.016161407580739 ], [ 75.768568852379019, 27.016199818456471 ], [ 75.76869042963483, 27.016231454406693 ], [ 75.768813984932933, 27.016256190573074 ], [ 75.768939030635238, 27.016273929328747 ], [ 75.769065073221043, 27.01628460066371 ], [ 75.769191615234149, 27.016288162461308 ] ] ] } },
{ "type": "Feature", "properties": { "OBJECTID": 5.0, "ORIG_FID": 5.0, "OBJECTID_1": 17921.0, "osm_id": 463448496.0, "name": "Sikar Road", "ref": null, "type": "primary", "oneway": 1.0, "bridge": 0.0, "maxspeed": 60.0, "Shape_Leng": 0.0186129827973, "BUFF_DIST": 200.0, "Shape_Le_1": 0.012005094255199999, "Shape_Area": 1.14136350541e-05 }, "geometry": { "type": "Polygon", "coordinates": [ [ [ 75.772871072892883, 26.950259759794619 ], [ 75.772997541073039, 26.950256197963768 ], [ 75.773123510117443, 26.950245526529216 ], [ 75.773248482860026, 26.950227787608128 ], [ 75.773371966068225, 26.95020305121102 ], [ 75.773493472388395, 26.950171414965723 ], [ 75.773612522270696, 26.950133003731708 ], [ 75.773728645860899, 26.950087969107187 ], [ 75.773841384856496, 26.95003648883096 ], [ 75.77395029431392, 26.949978766080619 ], [ 75.774054944405748, 26.949915028670773 ], [ 75.77415492211702, 26.949845528153446 ], [ 75.774249832875739, 26.949770538825817 ], [ 75.774339302109183, 26.949690356646897 ], [ 75.774422976723599, 26.949605298069287 ], [ 75.77450052649607, 26.949515698791231 ], [ 75.774571645379297, 26.949421912429955 ], [ 75.77463605270799, 26.949324309127292 ], [ 75.774693494307769, 26.949223274088126 ], [ 75.774743743496572, 26.949119206060118 ], [ 75.774786601980281, 26.949012515759819 ], [ 75.774821900634208, 26.948903624251727 ], [ 75.774849500170887, 26.948792961286699 ], [ 75.774869291689186, 26.94868096360517 ], [ 75.774881197103639, 26.948568073214119 ], [ 75.774885169452489, 26.948454735642258 ], [ 75.774881193082138, 26.948341398182095 ], [ 75.774869283709791, 26.948228508124089 ], [ 75.774849488359223, 26.948116510991497 ], [ 75.77482188517655, 26.948005848782827 ], [ 75.774786583120488, 26.947896958226693 ], [ 75.774743721532104, 26.947790269058601 ], [ 75.774693469585145, 26.947686202325599 ], [ 75.774636025616985, 26.947585168723663 ], [ 75.774571616346861, 26.947487566977998 ], [ 75.774500495980362, 26.947393782268534 ], [ 75.774422945205856, 26.947304184711072 ], [ 75.774339270086443, 26.947219127896176 ], [ 75.774249800852772, 26.947138947493784 ], [ 75.774154890599277, 26.947063959928641 ], [ 75.774054913890041, 26.946994461132022 ], [ 75.773950265281542, 26.946930725373875 ], [ 75.773841357765434, 26.946873004180361 ], [ 75.773728621138275, 26.946821525341363 ], [ 75.773612500306228, 26.946776492011963 ], [ 75.773493453528658, 26.946738081910382 ], [ 75.77337195061051, 26.946706446617043 ], [ 75.773248471048305, 26.946681710976293 ], [ 75.773123502137878, 26.946663972604142 ], [ 75.772997537051708, 26.946653301502408 ], [ 75.772871072892883, 26.946649739783311 ], [ 75.772744608734286, 26.946653301502408 ], [ 75.772618643647945, 26.946663972604142 ], [ 75.772493674737518, 26.946681710976293 ], [ 75.772370195175313, 26.946706446617043 ], [ 75.772248692257165, 26.946738081910382 ], [ 75.772129645479765, 26.946776492011963 ], [ 75.772013524647491, 26.946821525341363 ], [ 75.77190078802056, 26.946873004180361 ], [ 75.771791880504281, 26.946930725373875 ], [ 75.771687231895953, 26.946994461132022 ], [ 75.771587255186546, 26.947063959928641 ], [ 75.771492344932994, 26.947138947493784 ], [ 75.77140287569938, 26.947219127896176 ], [ 75.771319200580137, 26.947304184711072 ], [ 75.771241649805404, 26.947393782268534 ], [ 75.771170529438962, 26.947487566977998 ], [ 75.771106120169009, 26.947585168723663 ], [ 75.771048676200849, 26.947686202325599 ], [ 75.770998424253719, 26.947790269058601 ], [ 75.770955562665335, 26.947896958226693 ], [ 75.770920260609273, 26.948005848782827 ], [ 75.7708926574266, 26.948116510991497 ], [ 75.770872862076203, 26.948228508124089 ], [ 75.770860952703686, 26.948341398182095 ], [ 75.770856976333505, 26.948454735642258 ], [ 75.770860948682184, 26.948568073214119 ], [ 75.770872854096638, 26.94868096360517 ], [ 75.770892645614879, 26.948792961286699 ], [ 75.770920245151615, 26.948903624251727 ], [ 75.770955543805542, 26.949012515759819 ], [ 75.770998402289251, 26.949119206060118 ], [ 75.771048651478054, 26.949223274088297 ], [ 75.771106093077606, 26.949324309127292 ], [ 75.771170500406527, 26.949421912429955 ], [ 75.771241619289754, 26.949515698791231 ], [ 75.771319169062394, 26.949605298069287 ], [ 75.77140284367664, 26.94969035664667 ], [ 75.771492312910084, 26.949770538825817 ], [ 75.771587223668803, 26.949845528153446 ], [ 75.771687201380246, 26.949915028670773 ], [ 75.771791851471903, 26.94997876608079 ], [ 75.771900760929327, 26.95003648883096 ], [ 75.772013499924867, 26.950087969107187 ], [ 75.772129623515298, 26.950133003731708 ], [ 75.772248673397428, 26.950171414965723 ], [ 75.772370179717598, 26.95020305121102 ], [ 75.772493662925797, 26.950227787608128 ], [ 75.77261863566855, 26.950245526529216 ], [ 75.772744604712784, 26.950256197963768 ], [ 75.772871072892883, 26.950259759794619 ] ] ] } },
{ "type": "Feature", "properties": { "OBJECTID": 6.0, "ORIG_FID": 6.0, "OBJECTID_1": 17921.0, "osm_id": 463448496.0, "name": "Sikar Road", "ref": null, "type": "primary", "oneway": 1.0, "bridge": 0.0, "maxspeed": 60.0, "Shape_Leng": 0.0186129827973, "BUFF_DIST": 200.0, "Shape_Le_1": 0.0120055270304, "Shape_Area": 1.1414393691199999e-05 }, "geometry": { "type": "Polygon", "coordinates": [ [ [ 75.771354421387343, 26.957912199803218 ], [ 75.771480898111577, 26.957908637976459 ], [ 75.771606875666009, 26.957897966553446 ], [ 75.771731856851602, 26.957880227651344 ], [ 75.771855348401914, 26.957855491281066 ], [ 75.771976862930842, 26.957823855069933 ], [ 75.772095920855747, 26.957785443877469 ], [ 75.772212052291081, 26.95774040930155 ], [ 75.772324798902787, 26.957688929080973 ], [ 75.772433715717739, 26.957631206392989 ], [ 75.772538372879069, 26.957567469052094 ], [ 75.772638357344363, 26.957497968609857 ], [ 75.772733274514678, 26.95742297936323 ], [ 75.772822749792169, 26.957342797270996 ], [ 75.772906430058811, 26.957257738785586 ], [ 75.772983985069743, 26.957168139604335 ], [ 75.773055108757148, 26.957074353344694 ], [ 75.773119520436524, 26.956976750147703 ], [ 75.77317696591615, 26.956875715217961 ], [ 75.773227218499073, 26.956771647302617 ], [ 75.773270079877364, 26.956664957117709 ], [ 75.77330538091519, 26.956556065727796 ], [ 75.773332982315821, 26.95644540288265 ], [ 75.773352775170451, 26.956333405322482 ], [ 75.7733646813885, 26.956220515053928 ], [ 75.773368654004855, 26.95610717760519 ], [ 75.773364677365407, 26.955993840267979 ], [ 75.773352767187646, 26.955880950332528 ], [ 75.773332970499496, 26.955768953321581 ], [ 75.773305365451449, 26.955658291233021 ], [ 75.773270061010123, 26.955549400795235 ], [ 75.773227196525909, 26.955442711743331 ], [ 75.773176941183578, 26.955338645123447 ], [ 75.773119493334434, 26.955237611631276 ], [ 75.773055079713174, 26.955140009991794 ], [ 75.772983954541985, 26.955046225384365 ], [ 75.772906398528505, 26.954956627924446 ], [ 75.77282271775664, 26.954871571202204 ], [ 75.772733242479148, 26.95479139088684 ], [ 75.772638325814057, 26.954716403403438 ], [ 75.772538342351311, 26.954646904682704 ], [ 75.772433686673764, 26.954583168993963 ], [ 75.772324771800925, 26.954525447863318 ], [ 75.77221202755851, 26.954473969080482 ], [ 75.772095898882583, 26.954428935800138 ], [ 75.771976844063602, 26.95439052574028 ], [ 75.771855332938173, 26.954358890481387 ], [ 75.771731845035106, 26.954334154867865 ], [ 75.771606867683261, 26.954316416515042 ], [ 75.771480894088484, 26.954305745425074 ], [ 75.771354421387343, 26.954302183709672 ], [ 75.77122794868626, 26.954305745425074 ], [ 75.771101975091483, 26.954316416515042 ], [ 75.770976997739638, 26.954334154867865 ], [ 75.77085350983657, 26.954358890481387 ], [ 75.770731998711142, 26.95439052574028 ], [ 75.770612943892161, 26.954428935800138 ], [ 75.770496815216234, 26.954473969080482 ], [ 75.770384070973819, 26.954525447863318 ], [ 75.77027515610115, 26.954583168993963 ], [ 75.770170500423603, 26.954646904682704 ], [ 75.770070516960686, 26.954716403403438 ], [ 75.769975600295766, 26.95479139088684 ], [ 75.769886125018274, 26.954871571202204 ], [ 75.769802444246238, 26.954956627924446 ], [ 75.769724888232759, 26.955046225384365 ], [ 75.769653763061569, 26.955140009991794 ], [ 75.769589349440253, 26.955237611631276 ], [ 75.769531901591108, 26.955338645123447 ], [ 75.769481646249005, 26.955442711743331 ], [ 75.76943878176462, 26.955549400795235 ], [ 75.769403477323294, 26.955658291233021 ], [ 75.769375872275248, 26.955768953321581 ], [ 75.769356075587041, 26.955880950332528 ], [ 75.769344165409336, 26.955993840267979 ], [ 75.769340188769888, 26.95610717760519 ], [ 75.769344161386414, 26.956220515053928 ], [ 75.769356067604292, 26.956333405322482 ], [ 75.769375860458922, 26.95644540288265 ], [ 75.769403461859554, 26.956556065727796 ], [ 75.76943876289738, 26.956664957117709 ], [ 75.769481624275841, 26.956771647302617 ], [ 75.769531876858537, 26.956875715217961 ], [ 75.76958932233822, 26.956976750147703 ], [ 75.769653734017766, 26.957074353344694 ], [ 75.769724857705, 26.957168139604335 ], [ 75.769802412716103, 26.957257738785586 ], [ 75.769886092982745, 26.957342797270996 ], [ 75.769975568260236, 26.95742297936323 ], [ 75.770070485430324, 26.957497968609857 ], [ 75.770170469895675, 26.957567469052094 ], [ 75.770275127057175, 26.957631206392989 ], [ 75.770384043871957, 26.957688929080973 ], [ 75.770496790483662, 26.95774040930155 ], [ 75.770612921918939, 26.957785443877469 ], [ 75.770731979843902, 26.957823855069933 ], [ 75.77085349437283, 26.957855491281066 ], [ 75.770976985923141, 26.957880227651344 ], [ 75.771101967108734, 26.957897966553446 ], [ 75.771227944663337, 26.957908637976459 ], [ 75.771354421387343, 26.957912199803218 ] ] ] } },
{ "type": "Feature", "properties": { "OBJECTID": 7.0, "ORIG_FID": 7.0, "OBJECTID_1": 40844.0, "osm_id": 1207210429.0, "name": "Sikar Road", "ref": null, "type": "primary", "oneway": 1.0, "bridge": 0.0, "maxspeed": 60.0, "Shape_Leng": 0.011119723541600001, "BUFF_DIST": 200.0, "Shape_Le_1": 0.012007718388000001, "Shape_Area": 1.14182348423e-05 }, "geometry": { "type": "Polygon", "coordinates": [ [ [ 75.771356770866532, 26.996611335111766 ], [ 75.77148329085054, 26.99660777330439 ], [ 75.771609311494103, 26.996597101939642 ], [ 75.77173433542788, 26.996579363134515 ], [ 75.771857869216774, 26.99655462689941 ], [ 75.771979425307791, 26.996522990861308 ], [ 75.772098523954469, 26.996484579878597 ], [ 75.772214695110392, 26.996439545549094 ], [ 75.772327480284673, 26.996388065609892 ], [ 75.772436434351903, 26.99633034323756 ], [ 75.772541127308443, 26.996266606245172 ], [ 75.772641145970454, 26.996197106183274 ], [ 75.772736095603818, 26.996122117346999 ], [ 75.772825601482964, 26.996041935693484 ], [ 75.772909310368675, 26.995956877673677 ], [ 75.772986891903656, 26.995867278982871 ], [ 75.773058039914702, 26.995773493236811 ], [ 75.773122473622095, 26.995675890574489 ], [ 75.773179938746694, 26.995574856198402 ], [ 75.773230208514235, 26.995470788853424 ], [ 75.773273084549032, 26.99536409925355 ], [ 75.773308397657388, 26.995255208460605 ], [ 75.773336008494937, 26.995144546222491 ], [ 75.773355808115696, 26.995032549277084 ], [ 75.77336771840254, 26.99491965962801 ], [ 75.773371692374269, 26.99480632280148 ], [ 75.773367714371261, 26.994692986086704 ], [ 75.773355800116974, 26.994580096771415 ], [ 75.773335996654794, 26.994468100375968 ], [ 75.773308382162611, 26.994357438895804 ], [ 75.773273065643821, 26.994248549056636 ], [ 75.773230186496846, 26.994141860591412 ], [ 75.773179913964384, 26.994037794544283 ], [ 75.77312244646555, 26.993936761608154 ], [ 75.773058010812292, 26.993839160505843 ], [ 75.772986861314223, 26.993745376414722 ], [ 75.772909278774932, 26.993655779448261 ], [ 75.772825569382803, 26.993570723194523 ], [ 75.772736063503828, 26.993490543321116 ], [ 75.772641114376654, 26.993415556251023 ], [ 75.772541096719237, 26.993346057913129 ], [ 75.772436405249493, 26.993282322575908 ], [ 75.772327453128241, 26.993224601763416 ], [ 75.772214670327912, 26.993173123264455 ], [ 75.77209850193708, 26.993128090232574 ], [ 75.771979406402579, 26.993089680384628 ], [ 75.77185785372194, 26.993058045300245 ], [ 75.771734323587566, 26.99303330982309 ], [ 75.771609303495325, 26.993015571568151 ], [ 75.771483286819318, 26.99300490053696 ], [ 75.771356770866532, 26.993001338841339 ], [ 75.771230254913803, 26.99300490053696 ], [ 75.771104238237797, 26.993015571568151 ], [ 75.770979218145555, 26.99303330982309 ], [ 75.770855688011352, 26.993058045300245 ], [ 75.770734135330542, 26.993089680384628 ], [ 75.770615039796212, 26.993128090232574 ], [ 75.770498871405209, 26.993173123264455 ], [ 75.770386088605051, 26.993224601763416 ], [ 75.770277136483571, 26.993282322575908 ], [ 75.770172445014055, 26.993346057913129 ], [ 75.770072427356411, 26.993415556251023 ], [ 75.769977478229293, 26.993490543321116 ], [ 75.769887972350318, 26.993570723194523 ], [ 75.769804262958189, 26.993655779448261 ], [ 75.769726680418842, 26.993745376414722 ], [ 75.769655530920829, 26.993839160505843 ], [ 75.769591095267572, 26.993936761608154 ], [ 75.769533627768737, 26.994037794544283 ], [ 75.769483355236446, 26.994141860591412 ], [ 75.769440476089471, 26.994248549056636 ], [ 75.769405159570681, 26.994357438895804 ], [ 75.769377545078498, 26.994468100375968 ], [ 75.769357741616147, 26.994580096771415 ], [ 75.76934582736186, 26.994692986086704 ], [ 75.769341849358852, 26.99480632280148 ], [ 75.769345823330582, 26.99491965962801 ], [ 75.769357733617426, 26.995032549277084 ], [ 75.769377533238185, 26.995144546222491 ], [ 75.769405144075733, 26.995255208460605 ], [ 75.769440457184089, 26.99536409925355 ], [ 75.769483333218886, 26.995470788853424 ], [ 75.769533602986428, 26.995574856198402 ], [ 75.769591068110969, 26.995675890574489 ], [ 75.76965550181842, 26.995773493236811 ], [ 75.769726649829465, 26.995867278982871 ], [ 75.769804231364446, 26.995956877673677 ], [ 75.769887940250328, 26.996041935693484 ], [ 75.769977446129303, 26.996122117346999 ], [ 75.770072395762668, 26.996197106183274 ], [ 75.770172414424678, 26.996266606245172 ], [ 75.770277107381162, 26.99633034323773 ], [ 75.770386061448448, 26.996388065609892 ], [ 75.7704988466229, 26.996439545549094 ], [ 75.770615017778823, 26.996484579878597 ], [ 75.770734116425331, 26.996522990861308 ], [ 75.770855672516348, 26.99655462689941 ], [ 75.770979206305412, 26.996579363134515 ], [ 75.771104230239018, 26.996597101939642 ], [ 75.771230250882581, 26.99660777330439 ], [ 75.771356770866532, 26.996611335111766 ] ] ] } },
{ "type": "Feature", "properties": { "OBJECTID": 8.0, "ORIG_FID": 8.0, "OBJECTID_1": 1641.0, "osm_id": 230935555.0, "name": "Vaishali Marg", "ref": null, "type": "tertiary", "oneway": 1.0, "bridge": 0.0, "maxspeed": 0.0, "Shape_Leng": 0.00959187143791, "BUFF_DIST": 200.0, "Shape_Le_1": 0.0120032222866, "Shape_Area": 1.1410353413300001e-05 }, "geometry": { "type": "Polygon", "coordinates": [ [ [ 75.751646917240578, 26.917122241371999 ], [ 75.751773348461938, 26.917118679524492 ], [ 75.751899280693522, 26.917108008040145 ], [ 75.752024216914549, 26.917090269036123 ], [ 75.752147664036386, 26.917065532523395 ], [ 75.752269134848291, 26.917033896130135 ], [ 75.752388149940145, 26.916995484716551 ], [ 75.75250423959551, 26.916950449881483 ], [ 75.752616945645343, 26.916898969364354 ], [ 75.752725823276364, 26.916841246344234 ], [ 75.752830442786717, 26.91677750863613 ], [ 75.752930391282462, 26.916708007793545 ], [ 75.753025274306538, 26.916633018115078 ], [ 75.753114717395761, 26.916552835560651 ], [ 75.753198367559548, 26.916467776584966 ], [ 75.75327589467156, 26.916378176887122 ], [ 75.753346992773686, 26.916284390086616 ], [ 75.753411381283343, 26.916186786326705 ], [ 75.753468806099363, 26.916085750814091 ], [ 75.753519040606591, 26.915981682298138 ], [ 75.753561886568548, 26.915874991497617 ], [ 75.753597174910226, 26.915766099478674 ], [ 75.753624766384576, 26.915655435994438 ], [ 75.753644552122239, 26.915543437787278 ], [ 75.753656454060547, 26.915430546866276 ], [ 75.753660425251383, 26.915317208762247 ], [ 75.75365645004598, 26.915203870769574 ], [ 75.753644544156373, 26.915090980181105 ], [ 75.753624754593091, 26.914978982522143 ], [ 75.75359715947917, 26.914868319793015 ], [ 75.753561867741325, 26.914759428724778 ], [ 75.753519018679924, 26.914652739054873 ], [ 75.753468781419201, 26.914548671832335 ], [ 75.753411354238665, 26.914447637754847 ], [ 75.753346963791387, 26.914350035549433 ], [ 75.753275864208433, 26.91425625039841 ], [ 75.753198336095977, 26.914166652418885 ], [ 75.753114685428102, 26.914081595203186 ], [ 75.753025242338708, 26.914001414422785 ], [ 75.75293035981889, 26.91392642650419 ], [ 75.752830412323647, 26.913856927380039 ], [ 75.752725794294008, 26.913793191321304 ], [ 75.752616918600836, 26.913735469855624 ], [ 75.752504214915348, 26.913683990773848 ], [ 75.752388128013479, 26.913638957231797 ], [ 75.752269116020898, 26.913600546948999 ], [ 75.752147648605387, 26.913568911506445 ], [ 75.752024205123064, 26.913544175749053 ], [ 75.751899272727655, 26.913526437293172 ], [ 75.751773344447372, 26.913515766141188 ], [ 75.751646917240578, 26.913512204405208 ], [ 75.751520490033727, 26.913515766141188 ], [ 75.751394561753443, 26.913526437293172 ], [ 75.751269629358035, 26.913544175749053 ], [ 75.751146185875712, 26.913568911506445 ], [ 75.751024718460258, 26.913600546948999 ], [ 75.75090570646779, 26.913638957231797 ], [ 75.750789619565921, 26.913683990773848 ], [ 75.750676915880433, 26.913735469855624 ], [ 75.750568040187261, 26.913793191321304 ], [ 75.750463422157623, 26.913856927380039 ], [ 75.750363474662379, 26.91392642650419 ], [ 75.75026859214239, 26.914001414422785 ], [ 75.750179149053054, 26.914081595203186 ], [ 75.750095498385292, 26.914166652418885 ], [ 75.750017970272836, 26.91425625039841 ], [ 75.749946870689712, 26.914350035549433 ], [ 75.749882480242604, 26.914447637754847 ], [ 75.749825053062125, 26.914548671832335 ], [ 75.749774815801345, 26.914652739054873 ], [ 75.749731966740001, 26.914759428724778 ], [ 75.749696675002099, 26.914868319793015 ], [ 75.749669079888179, 26.914978982522143 ], [ 75.749649290324783, 26.915090980181105 ], [ 75.749637384435346, 26.915203870769574 ], [ 75.749633409229943, 26.915317208762247 ], [ 75.749637380420779, 26.915430546866276 ], [ 75.74964928235903, 26.915543437787278 ], [ 75.749669068096694, 26.915655435994438 ], [ 75.749696659571043, 26.915766099478674 ], [ 75.749731947912721, 26.915874991497617 ], [ 75.749774793874508, 26.915981682298138 ], [ 75.749825028381736, 26.916085750814091 ], [ 75.749882453197927, 26.916186786326705 ], [ 75.749946841707413, 26.916284390086616 ], [ 75.750017939809766, 26.916378176887122 ], [ 75.750095466921778, 26.916467776584966 ], [ 75.750179117085338, 26.916552835560651 ], [ 75.750268560174732, 26.916633018115078 ], [ 75.750363443198637, 26.916708007793545 ], [ 75.750463391694382, 26.91677750863613 ], [ 75.750568011204734, 26.916841246344234 ], [ 75.750676888835926, 26.916898969364354 ], [ 75.750789594885759, 26.916950449881483 ], [ 75.750905684541181, 26.916995484716551 ], [ 75.751024699632978, 26.917033896130135 ], [ 75.751146170444883, 26.917065532523395 ], [ 75.75126961756672, 26.917090269036123 ], [ 75.751394553787748, 26.917108008040145 ], [ 75.75152048601916, 26.917118679524492 ], [ 75.751646917240578, 26.917122241371999 ] ] ] } },
{ "type": "Feature", "properties": { "OBJECTID": 9.0, "ORIG_FID": 9.0, "OBJECTID_1": 1648.0, "osm_id": 230935567.0, "name": "Vaishali Marg", "ref": null, "type": "tertiary", "oneway": 1.0, "bridge": 0.0, "maxspeed": 0.0, "Shape_Leng": 0.0137700553601, "BUFF_DIST": 200.0, "Shape_Le_1": 0.012003191296699999, "Shape_Area": 1.14102990844e-05 }, "geometry": { "type": "Polygon", "coordinates": [ [ [ 75.737413441755734, 26.916573153363174 ], [ 75.737539872365346, 26.916569591515497 ], [ 75.737665803987284, 26.916558920030241 ], [ 75.737790739603611, 26.916541181024797 ], [ 75.73791418612808, 26.91651644451025 ], [ 75.738035656352224, 26.916484808114546 ], [ 75.738154670868141, 26.91644639669795 ], [ 75.738270759961665, 26.916401361859471 ], [ 75.738383465466143, 26.916349881338476 ], [ 75.738492342570282, 26.916292158313524 ], [ 75.738596961574217, 26.916228420600646 ], [ 75.738696909586224, 26.916158919752718 ], [ 75.738791792151176, 26.916083930068396 ], [ 75.73888123480765, 26.916003747507716 ], [ 75.738964884566599, 26.915918688525494 ], [ 75.739042411303444, 26.915829088820772 ], [ 75.739113509061667, 26.915735302012934 ], [ 75.739177897259594, 26.915637698245519 ], [ 75.739235321797935, 26.915536662724946 ], [ 75.739285556061986, 26.915432594201036 ], [ 75.739328401816636, 26.915325903392159 ], [ 75.739363689987613, 26.915217011364859 ], [ 75.739391281328381, 26.91510634787187 ], [ 75.73941106697032, 26.914994349656013 ], [ 75.739422968851216, 26.9148814587262 ], [ 75.739426940022895, 26.914768120613417 ], [ 75.739422964836649, 26.914654782612047 ], [ 75.739411059004794, 26.91454189201454 ], [ 75.739391269537464, 26.914429894346881 ], [ 75.739363674556955, 26.914319231609227 ], [ 75.739328382989925, 26.914210340532634 ], [ 75.739285534136059, 26.914103650854372 ], [ 75.739235297118285, 26.913999583623649 ], [ 75.739177870215769, 26.913898549538203 ], [ 75.73911348008005, 26.913800947325285 ], [ 75.739042380841227, 26.913707162166816 ], [ 75.738964853103937, 26.913617564180356 ], [ 75.738881202840844, 26.91353250695812 ], [ 75.73879176018437, 26.913452326171466 ], [ 75.73869687812379, 26.913377338247017 ], [ 75.738596931112056, 26.913307839117351 ], [ 75.738492313588665, 26.913244103053785 ], [ 75.738383438422375, 26.91318638158333 ], [ 75.738270735282242, 26.913134902497632 ], [ 75.738154648942043, 26.913089868952227 ], [ 75.738035637525513, 26.913051458666416 ], [ 75.737914170697593, 26.913019823221248 ], [ 75.737790727812694, 26.912995087462036 ], [ 75.737665796021759, 26.912977349004734 ], [ 75.73753986835078, 26.912966677851898 ], [ 75.737413441755734, 26.912963116115577 ], [ 75.737287015160689, 26.912966677851898 ], [ 75.737161087489881, 26.912977349004734 ], [ 75.737036155698775, 26.912995087462036 ], [ 75.736912712813876, 26.913019823221248 ], [ 75.736791245986183, 26.913051458666416 ], [ 75.736672234569426, 26.913089868952227 ], [ 75.736556148229283, 26.913134902497632 ], [ 75.736443445089265, 26.91318638158333 ], [ 75.736334569922974, 26.913244103053785 ], [ 75.736229952399469, 26.913307839117351 ], [ 75.736130005387906, 26.913377338247017 ], [ 75.73603512332727, 26.913452326171466 ], [ 75.735945680670625, 26.91353250695812 ], [ 75.735862030407532, 26.913617564180356 ], [ 75.735784502670413, 26.913707162166816 ], [ 75.735713403431419, 26.913800947325285 ], [ 75.735649013295699, 26.913898549538203 ], [ 75.735591586393184, 26.913999583623649 ], [ 75.73554134937558, 26.914103650854372 ], [ 75.735498500521544, 26.914210340532634 ], [ 75.735463208954513, 26.914319231609227 ], [ 75.735435613974175, 26.914429894346881 ], [ 75.735415824506674, 26.91454189201454 ], [ 75.73540391867482, 26.914654782612047 ], [ 75.735399943488801, 26.914768120613417 ], [ 75.735403914660424, 26.9148814587262 ], [ 75.735415816541149, 26.914994349656013 ], [ 75.735435602183088, 26.91510634787187 ], [ 75.735463193524026, 26.915217011364859 ], [ 75.735498481694833, 26.915325903392159 ], [ 75.735541327449482, 26.915432594201036 ], [ 75.735591561713704, 26.915536662724946 ], [ 75.735648986251874, 26.915637698245519 ], [ 75.735713374449801, 26.915735302012934 ], [ 75.735784472208024, 26.915829088820772 ], [ 75.73586199894487, 26.915918688525494 ], [ 75.735945648703819, 26.916003747507716 ], [ 75.736035091360293, 26.916083930068396 ], [ 75.736129973925244, 26.916158919752718 ], [ 75.736229921937252, 26.916228420600646 ], [ 75.736334540941357, 26.916292158313524 ], [ 75.736443418045496, 26.916349881338476 ], [ 75.736556123549803, 26.916401361859471 ], [ 75.736672212643498, 26.91644639669795 ], [ 75.736791227159244, 26.916484808114546 ], [ 75.736912697383389, 26.91651644451008 ], [ 75.737036143907858, 26.916541181024797 ], [ 75.737161079524356, 26.916558920030241 ], [ 75.737287011146293, 26.916569591515497 ], [ 75.737413441755734, 26.916573153363174 ] ] ] } },
{ "type": "Feature", "properties": { "OBJECTID": 10.0, "ORIG_FID": 10.0, "OBJECTID_1": 7570.0, "osm_id": 375075779.0, "name": "Vaishali Marg", "ref": null, "type": "tertiary", "oneway": 1.0, "bridge": 0.0, "maxspeed": 0.0, "Shape_Leng": 0.0095872460897400008, "BUFF_DIST": 200.0, "Shape_Le_1": 0.0120032116044, "Shape_Area": 1.1410334686199999e-05 }, "geometry": { "type": "Polygon", "coordinates": [ [ [ 75.745125925206196, 26.916932972495715 ], [ 75.745252356216724, 26.916929410648208 ], [ 75.745378288237987, 26.916918739163521 ], [ 75.745503224250626, 26.91690100015893 ], [ 75.745626671166633, 26.916876263645634 ], [ 75.745748141775834, 26.916844627251521 ], [ 75.745867156669249, 26.916806215837028 ], [ 75.745983246131004, 26.916761181000709 ], [ 75.746095951992913, 26.916709700482215 ], [ 75.746204829442206, 26.916651977460276 ], [ 75.746309448778163, 26.916588239750581 ], [ 75.746409397107072, 26.916518738906234 ], [ 75.746504279972726, 26.916443749225664 ], [ 75.746593722912849, 26.916363566669247 ], [ 75.746677372937029, 26.916278507691231 ], [ 75.746754899919893, 26.916188907991113 ], [ 75.746825997903557, 26.916095121188107 ], [ 75.746890386305552, 26.915997517425524 ], [ 75.746947811025848, 26.915896481910067 ], [ 75.746998045449402, 26.9157924133915 ], [ 75.747040891339793, 26.915685722587909 ], [ 75.747076179622638, 26.915576830566295 ], [ 75.747103771051002, 26.915466167078876 ], [ 75.747123556755639, 26.915354168868703 ], [ 75.747135458674165, 26.915241277944688 ], [ 75.747139429858294, 26.915127939837589 ], [ 75.747135454659599, 26.915014601842074 ], [ 75.747123548789887, 26.914901711250479 ], [ 75.747103759259687, 26.914789713588448 ], [ 75.74707616419181, 26.914679050856535 ], [ 75.747040872512684, 26.914570159785228 ], [ 75.746998023522906, 26.91446347011248 ], [ 75.746947786346027, 26.914359402887101 ], [ 75.746890359261215, 26.914258368806941 ], [ 75.746825968921428, 26.914160766598854 ], [ 75.746754869456993, 26.914066981445387 ], [ 75.746677341473855, 26.913977383463362 ], [ 75.746593690945531, 26.913892326245389 ], [ 75.746504248005408, 26.913812145462998 ], [ 75.746409365643842, 26.913737157542243 ], [ 75.746309418315207, 26.913667658416159 ], [ 75.746204800460021, 26.913603922355776 ], [ 75.746095924948577, 26.913546200888561 ], [ 75.745983221451013, 26.913494721805307 ], [ 75.745867134742809, 26.913449688262233 ], [ 75.745748122948783, 26.913411277978355 ], [ 75.745626655735748, 26.913379642534949 ], [ 75.745503212459539, 26.913354906776817 ], [ 75.745378280272462, 26.913337168320595 ], [ 75.745252352202158, 26.913326497168271 ], [ 75.745125925206196, 26.91332293543212 ], [ 75.744999498210234, 26.913326497168271 ], [ 75.744873570140101, 26.913337168320595 ], [ 75.744748637953023, 26.913354906776817 ], [ 75.744625194676644, 26.913379642534949 ], [ 75.744503727463609, 26.913411277978355 ], [ 75.744384715669582, 26.913449688262233 ], [ 75.744268628961379, 26.913494721805307 ], [ 75.744155925463986, 26.913546200888561 ], [ 75.744047049952371, 26.913603922355776 ], [ 75.743942432097185, 26.913667658416159 ], [ 75.74384248476872, 26.913737157542243 ], [ 75.743747602407041, 26.913812145462998 ], [ 75.743658159467032, 26.913892326245389 ], [ 75.743574508938593, 26.913977383463362 ], [ 75.743496980955399, 26.914066981445387 ], [ 75.743425881491135, 26.914160766598854 ], [ 75.743361491151177, 26.91425836880677 ], [ 75.743304064066535, 26.914359402887101 ], [ 75.743253826889656, 26.91446347011248 ], [ 75.743210977899707, 26.914570159785228 ], [ 75.743175686220809, 26.914679050856535 ], [ 75.743148091152875, 26.914789713588448 ], [ 75.743128301622676, 26.914901711250479 ], [ 75.743116395752963, 26.915014601842074 ], [ 75.743112420554098, 26.915127939837589 ], [ 75.743116391738397, 26.915241277944688 ], [ 75.74312829365698, 26.915354168868703 ], [ 75.743148079361561, 26.915466167078876 ], [ 75.743175670789924, 26.915576830566295 ], [ 75.743210959072599, 26.915685722587909 ], [ 75.743253804963217, 26.9157924133915 ], [ 75.743304039386544, 26.915896481910067 ], [ 75.743361464107011, 26.915997517425524 ], [ 75.743425852509006, 26.916095121188107 ], [ 75.74349695049267, 26.916188907991113 ], [ 75.743574477475363, 26.916278507691231 ], [ 75.743658127499543, 26.916363566669247 ], [ 75.743747570439723, 26.916443749225664 ], [ 75.743842453305376, 26.916518738906234 ], [ 75.743942401634456, 26.916588239750581 ], [ 75.744047020970186, 26.916651977460276 ], [ 75.744155898419649, 26.916709700482215 ], [ 75.744268604281388, 26.916761181000709 ], [ 75.744384693743314, 26.916806215837028 ], [ 75.744503708636557, 26.916844627251521 ], [ 75.744625179245759, 26.916876263645634 ], [ 75.744748626161766, 26.91690100015893 ], [ 75.744873562174405, 26.916918739163521 ], [ 75.744999494195667, 26.916929410648208 ], [ 75.745125925206196, 26.916932972495715 ] ] ] } },
{ "type": "Feature", "properties": { "OBJECTID": 11.0, "ORIG_FID": 11.0, "OBJECTID_1": 28191.0, "osm_id": 863482439.0, "name": "Amer Road", "ref": null, "type": "secondary", "oneway": 1.0, "bridge": 0.0, "maxspeed": 0.0, "Shape_Leng": 0.0176735322407, "BUFF_DIST": 200.0, "Shape_Le_1": 0.0120055022657, "Shape_Area": 1.1414350280099999e-05 }, "geometry": { "type": "Polygon", "coordinates": [ [ [ 75.842984172415186, 26.957474391978224 ], [ 75.843110648650395, 26.957470830151124 ], [ 75.843236625717907, 26.957460158727372 ], [ 75.843361606420501, 26.957442419824361 ], [ 75.843485097493499, 26.957417683452491 ], [ 75.843606611552616, 26.957386047239368 ], [ 75.84372566901726, 26.957347636044631 ], [ 75.843841800003702, 26.957302601465869 ], [ 75.843954546179646, 26.957251121242052 ], [ 75.844063462573445, 26.957193398550544 ], [ 75.844168119330277, 26.957129661205727 ], [ 75.844268103409263, 26.957060160759283 ], [ 75.844363020212541, 26.956985171507995 ], [ 75.844452495144196, 26.956904989410589 ], [ 75.844536175087342, 26.956819930919892 ], [ 75.844613729798652, 26.956730331733297 ], [ 75.844684853211049, 26.956636545467632 ], [ 75.844749264641564, 26.956538942264785 ], [ 75.84480670989916, 26.956437907328791 ], [ 75.844856962287736, 26.956333839406852 ], [ 75.844899823500441, 26.956227149215636 ], [ 75.844935124402014, 26.95611825781873 ], [ 75.844962725695893, 26.956007594966707 ], [ 75.844982518473955, 26.955895597399774 ], [ 75.844994424646018, 26.955782707124115 ], [ 75.844998397247082, 26.955669369668271 ], [ 75.844994420623095, 26.955556032324125 ], [ 75.844982510491548, 26.955443142381569 ], [ 75.844962713879738, 26.955331145363687 ], [ 75.844935108938444, 26.955220483268192 ], [ 75.844899804633542, 26.955111592823641 ], [ 75.844856940315083, 26.955004903764973 ], [ 75.8448066851671, 26.954900837138723 ], [ 75.844749237540213, 26.954799803640356 ], [ 75.844684824167757, 26.954702201994678 ], [ 75.844613699271576, 26.954608417381507 ], [ 75.844536143557718, 26.954518819916075 ], [ 75.844452463109405, 26.954433763188376 ], [ 75.84436298817775, 26.954353582868237 ], [ 75.84426807187964, 26.954278595380174 ], [ 75.844168088803258, 26.954209096655006 ], [ 75.844063433530152, 26.954145360962173 ], [ 75.843954519078295, 26.954087639828003 ], [ 75.843841775271642, 26.954036161041984 ], [ 75.843725647044607, 26.953991127758741 ], [ 75.843606592685717, 26.953952717696609 ], [ 75.843485082029986, 26.953921082435784 ], [ 75.843361594604346, 26.953896346820613 ], [ 75.843236617735499, 26.953878608466709 ], [ 75.843110644627473, 26.95386793737606 ], [ 75.842984172415186, 26.953864375660487 ], [ 75.842857700202956, 26.95386793737606 ], [ 75.842731727094929, 26.953878608466709 ], [ 75.842606750226253, 26.953896346820613 ], [ 75.842483262800442, 26.953921082435784 ], [ 75.842361752144654, 26.953952717696609 ], [ 75.842242697785935, 26.953991127758741 ], [ 75.842126569558729, 26.954036161041984 ], [ 75.842013825752076, 26.954087639828003 ], [ 75.841904911300219, 26.954145360962173 ], [ 75.841800256027341, 26.954209096655006 ], [ 75.841700272950959, 26.954278595380174 ], [ 75.841605356652849, 26.954353582868237 ], [ 75.841515881721193, 26.954433763188376 ], [ 75.841432201272653, 26.954518819916075 ], [ 75.841354645558795, 26.954608417381507 ], [ 75.841283520662785, 26.954702201994849 ], [ 75.841219107290385, 26.954799803640356 ], [ 75.841161659663271, 26.954900837138723 ], [ 75.841111404515345, 26.955004903764973 ], [ 75.841068540196829, 26.955111592823641 ], [ 75.841033235891928, 26.955220483268192 ], [ 75.84100563095069, 26.955331145363687 ], [ 75.840985834338881, 26.955443142381569 ], [ 75.840973924207333, 26.955556032324125 ], [ 75.840969947583289, 26.955669369668271 ], [ 75.84097392018441, 26.955782707124115 ], [ 75.840985826356416, 26.955895597399774 ], [ 75.841005619134705, 26.956007594966707 ], [ 75.841033220428585, 26.95611825781873 ], [ 75.841068521329987, 26.956227149215636 ], [ 75.841111382542692, 26.956333839406852 ], [ 75.841161634931268, 26.956437907328791 ], [ 75.841219080189035, 26.956538942264785 ], [ 75.841283491619379, 26.956636545467632 ], [ 75.841354615031776, 26.956730331733297 ], [ 75.84143216974303, 26.956819930919892 ], [ 75.841515849686402, 26.956904989410589 ], [ 75.841605324618001, 26.956985171507995 ], [ 75.841700241421336, 26.957060160759283 ], [ 75.841800225500094, 26.957129661205727 ], [ 75.841904882256983, 26.957193398550544 ], [ 75.842013798650726, 26.957251121242052 ], [ 75.842126544826726, 26.957302601465869 ], [ 75.842242675813111, 26.957347636044631 ], [ 75.842361733277812, 26.957386047239368 ], [ 75.8424832473371, 26.957417683452491 ], [ 75.842606738410097, 26.957442419824361 ], [ 75.842731719112521, 26.957460158727372 ], [ 75.842857696180033, 26.957470830151124 ], [ 75.842984172415186, 26.957474391978224 ] ] ] } },
{ "type": "Feature", "properties": { "OBJECTID": 12.0, "ORIG_FID": 12.0, "OBJECTID_1": 28191.0, "osm_id": 863482439.0, "name": "Amer Road", "ref": null, "type": "secondary", "oneway": 1.0, "bridge": 0.0, "maxspeed": 0.0, "Shape_Leng": 0.0176735322407, "BUFF_DIST": 200.0, "Shape_Le_1": 0.012005066221299999, "Shape_Area": 1.14135859114e-05 }, "geometry": { "type": "Polygon", "coordinates": [ [ [ 75.840609869400396, 26.949763946677479 ], [ 75.840736337027181, 26.949760384846456 ], [ 75.840862305520204, 26.949749713411165 ], [ 75.84098727771584, 26.949731974488827 ], [ 75.841110760383629, 26.949707238090127 ], [ 75.841232266172028, 26.949675601842557 ], [ 75.841351315533302, 26.94963719060587 ], [ 75.841467438615666, 26.94959215597828 ], [ 75.841580177117748, 26.949540675698358 ], [ 75.841689086098427, 26.949482952943924 ], [ 75.841793735732267, 26.949419215529645 ], [ 75.841893713006186, 26.949349715007543 ], [ 75.841988623349437, 26.94927472567457 ], [ 75.842078092191571, 26.949194543489966 ], [ 75.842161766439688, 26.949109484906501 ], [ 75.842239315872916, 26.949019885622022 ], [ 75.842310434444926, 26.948926099254209 ], [ 75.842374841491903, 26.948828495944781 ], [ 75.842432282840264, 26.94872746089851 ], [ 75.842482531809196, 26.948623392863226 ], [ 75.842525390105266, 26.948516702555253 ], [ 75.842560688604863, 26.948407811039715 ], [ 75.842588288020806, 26.948297148066729 ], [ 75.842608079452589, 26.948185150377356 ], [ 75.842619984814974, 26.948072259978289 ], [ 75.842623957146373, 26.947958922398641 ], [ 75.842619980793643, 26.947845584930519 ], [ 75.842608071473364, 26.947732694864499 ], [ 75.842588276209426, 26.947620697724062 ], [ 75.842560673147716, 26.947510035507605 ], [ 75.84252537124604, 26.947401144943626 ], [ 75.842482509845411, 26.947294455768315 ], [ 75.842432258118208, 26.94719038902798 ], [ 75.842374814401353, 26.947089355418939 ], [ 75.842310405413173, 26.946991753666339 ], [ 75.842239285357948, 26.946897968950168 ], [ 75.842161734922684, 26.946808371386453 ], [ 75.842078060169683, 26.946723314565531 ], [ 75.841988591327606, 26.946643134157398 ], [ 75.841893681489182, 26.946568146586969 ], [ 75.841793705217299, 26.946498647785575 ], [ 75.841689057066901, 26.946434912022937 ], [ 75.841580150027255, 26.946377190825331 ], [ 75.841467413893383, 26.946325711982638 ], [ 75.841351293569403, 26.946280678650055 ], [ 75.841232247312803, 26.946242268545802 ], [ 75.841110744926311, 26.946210633250132 ], [ 75.840987265904459, 26.94618589760762 ], [ 75.840862297540809, 26.946168159234389 ], [ 75.84073633300585, 26.946157488131973 ], [ 75.840609869400396, 26.946153926412535 ], [ 75.840483405795112, 26.946157488131973 ], [ 75.840357441259926, 26.946168159234389 ], [ 75.840232472896275, 26.94618589760762 ], [ 75.840108993874424, 26.946210633250132 ], [ 75.839987491487989, 26.946242268545802 ], [ 75.839868445231389, 26.946280678650055 ], [ 75.839752324907352, 26.946325711982638 ], [ 75.839639588773707, 26.946377190825331 ], [ 75.839530681734061, 26.946434912022937 ], [ 75.839426033583436, 26.946498647785575 ], [ 75.839326057311553, 26.946568146586969 ], [ 75.839231147473356, 26.946643134157398 ], [ 75.839141678631222, 26.946723314565531 ], [ 75.839058003878051, 26.946808371386453 ], [ 75.838980453442844, 26.946897968950168 ], [ 75.838909333387562, 26.946991753666339 ], [ 75.838844924399382, 26.947089355418939 ], [ 75.838787480682754, 26.94719038902798 ], [ 75.838737228955551, 26.947294455768315 ], [ 75.838694367554695, 26.947401144943626 ], [ 75.838659065653246, 26.947510035507605 ], [ 75.838631462591366, 26.947620697724062 ], [ 75.838611667327598, 26.947732694864499 ], [ 75.838599758007319, 26.947845584930519 ], [ 75.838595781654533, 26.947958922398641 ], [ 75.838599753985818, 26.948072259978289 ], [ 75.838611659348373, 26.948185150377356 ], [ 75.838631450779985, 26.948297148066729 ], [ 75.838659050195872, 26.948407811039715 ], [ 75.838694348695469, 26.948516702555253 ], [ 75.838737206991595, 26.948623392863226 ], [ 75.838787455960471, 26.94872746089851 ], [ 75.838844897308888, 26.948828495944781 ], [ 75.838909304356037, 26.948926099254209 ], [ 75.838980422928046, 26.949019885622022 ], [ 75.839057972361047, 26.949109484906501 ], [ 75.839141646609392, 26.949194543489966 ], [ 75.839231115451355, 26.94927472567457 ], [ 75.839326025794719, 26.949349715007543 ], [ 75.839426003068468, 26.949419215529645 ], [ 75.839530652702308, 26.949482952943924 ], [ 75.839639561682986, 26.949540675698358 ], [ 75.839752300185296, 26.94959215597828 ], [ 75.839868423267433, 26.94963719060587 ], [ 75.839987472628763, 26.949675601842557 ], [ 75.840108978417277, 26.949707238090127 ], [ 75.840232461084952, 26.949731974488827 ], [ 75.840357433280758, 26.949749713411165 ], [ 75.840483401773781, 26.949760384846456 ], [ 75.840609869400396, 26.949763946677479 ] ] ] } },
{ "type": "Feature", "properties": { "OBJECTID": 13.0, "ORIG_FID": 13.0, "OBJECTID_1": 0.0, "osm_id": 374933223.0, "name": null, "ref": null, "type": "Major", "oneway": 1.0, "bridge": 0.0, "maxspeed": 0.0, "Shape_Leng": 0.0, "BUFF_DIST": 200.0, "Shape_Le_1": 0.0120004146172, "Shape_Area": 1.1405430971100001e-05 }, "geometry": { "type": "Polygon", "coordinates": [ [ [ 75.796472000620952, 26.867308226792261 ], [ 75.796598376404233, 26.867304664919857 ], [ 75.796724253416301, 26.86729399336059 ], [ 75.796849134854654, 26.867276254232024 ], [ 75.796972527847174, 26.867251517545526 ], [ 75.797093945396284, 26.867219880930236 ], [ 75.79721290830247, 26.867181469246987 ], [ 75.797328947055291, 26.867136434095755 ], [ 75.797441603686536, 26.867084953217159 ], [ 75.797550433577953, 26.86702722979129 ], [ 75.797655007216235, 26.866963491635602 ], [ 75.797754911888148, 26.866893990304845 ], [ 75.797849753310118, 26.866819000099156 ], [ 75.797939157182896, 26.86673881698124 ], [ 75.798022770670741, 26.866653757407448 ], [ 75.79810026379198, 26.866564157079551 ], [ 75.798171330722823, 26.866470369619492 ], [ 75.798235691003129, 26.866372765172798 ], [ 75.79829309064371, 26.86627172894913 ], [ 75.798343303128547, 26.866167659700636 ], [ 75.798386130308074, 26.866060968148702 ], [ 75.79842140318101, 26.865952075362884 ], [ 75.798448982561752, 26.865841411098813 ], [ 75.798468759628349, 26.865729412102439 ], [ 75.798480656352638, 26.865616520385458 ], [ 75.798484625806566, 26.865503181482268 ], [ 75.79848065234836, 26.865389842690206 ], [ 75.798468751683231, 26.865276951305077 ], [ 75.798448970800848, 26.865164952855423 ], [ 75.798421387789972, 26.865054289345267 ], [ 75.798386111529453, 26.864945397507881 ], [ 75.79834328125861, 26.864838707084402 ], [ 75.798293066027497, 26.864734639126254 ], [ 75.798235664028425, 26.864633604334699 ], [ 75.798171301815444, 26.864536001439149 ], [ 75.798100233407581, 26.864442215624877 ], [ 75.798022739288569, 26.864352617011548 ], [ 75.797939125298001, 26.864267559194047 ], [ 75.797849721425223, 26.864187377846235 ], [ 75.797754880506091, 26.864112389396837 ], [ 75.79765497683178, 26.864042889780649 ], [ 75.797550404670574, 26.863979153270691 ], [ 75.797441576712004, 26.863921431396136 ], [ 75.797328922439078, 26.863869951949653 ], [ 75.797212886432646, 26.863824918088767 ], [ 75.79709392661772, 26.863786507533803 ], [ 75.796972512456136, 26.863754871867116 ], [ 75.796849123093921, 26.863730135934361 ], [ 75.796724245471012, 26.863712397352913 ], [ 75.796598372400126, 26.863701726125271 ], [ 75.796472000620952, 26.863698164364052 ], [ 75.796345628841948, 26.863701726125271 ], [ 75.796219755770892, 26.863712397352913 ], [ 75.796094878148153, 26.863730135934361 ], [ 75.795971488785938, 26.863754871867116 ], [ 75.795850074624184, 26.863786507533803 ], [ 75.795731114809428, 26.863824918088767 ], [ 75.795615078802996, 26.863869951949653 ], [ 75.795502424530071, 26.863921431396136 ], [ 75.7953935965715, 26.863979153270691 ], [ 75.795289024410067, 26.864042889780649 ], [ 75.795189120735756, 26.864112389396837 ], [ 75.795094279816851, 26.864187377846235 ], [ 75.795004875944073, 26.864267559194047 ], [ 75.794921261953505, 26.864352617011718 ], [ 75.794843767834323, 26.864442215624877 ], [ 75.79477269942663, 26.864536001439149 ], [ 75.794708337213478, 26.864633604334699 ], [ 75.794650935214577, 26.864734639126254 ], [ 75.794600719983293, 26.864838707084402 ], [ 75.794557889712621, 26.864945397507881 ], [ 75.794522613452102, 26.865054289345267 ], [ 75.794495030441055, 26.865164952855423 ], [ 75.794475249558673, 26.865276951305077 ], [ 75.794463348893487, 26.865389842690206 ], [ 75.794459375435508, 26.865503181482268 ], [ 75.794463344889436, 26.865616520385458 ], [ 75.794475241613554, 26.865729412102439 ], [ 75.794495018680323, 26.865841411098813 ], [ 75.794522598061064, 26.865952075362884 ], [ 75.794557870934, 26.866060968148702 ], [ 75.794600698113527, 26.866167659700636 ], [ 75.794650910598193, 26.86627172894913 ], [ 75.794708310238946, 26.866372765172798 ], [ 75.794772670519251, 26.866470369619492 ], [ 75.794843737450094, 26.866564157079551 ], [ 75.794921230571333, 26.866653757407448 ], [ 75.795004844059008, 26.86673881698124 ], [ 75.795094247931956, 26.866819000099156 ], [ 75.795189089353755, 26.866893990304845 ], [ 75.795288994025839, 26.866963491635602 ], [ 75.795393567664121, 26.86702722979129 ], [ 75.795502397555538, 26.867084953217159 ], [ 75.795615054186612, 26.867136434095755 ], [ 75.795731092939434, 26.867181469246987 ], [ 75.79585005584579, 26.867219880930236 ], [ 75.7959714733949, 26.867251517545526 ], [ 75.79609486638725, 26.867276254232024 ], [ 75.796219747825774, 26.86729399336059 ], [ 75.796345624837841, 26.867304664919857 ], [ 75.796472000620952, 26.867308226792261 ] ] ] } },
{ "type": "Feature", "properties": { "OBJECTID": 14.0, "ORIG_FID": 14.0, "OBJECTID_1": 0.0, "osm_id": 862954963.0, "name": null, "ref": null, "type": "Major", "oneway": 1.0, "bridge": 0.0, "maxspeed": 0.0, "Shape_Leng": 0.0, "BUFF_DIST": 200.0, "Shape_Le_1": 0.0120008309254, "Shape_Area": 1.1406160884200001e-05 }, "geometry": { "type": "Polygon", "coordinates": [ [ [ 75.797330396390691, 26.874702986500836 ], [ 75.797456780394384, 26.874699424632183 ], [ 75.797582665594632, 26.874688753084058 ], [ 75.797707555156421, 26.874671013973966 ], [ 75.797830956175233, 26.874646277313275 ], [ 75.797952381622395, 26.874614640731011 ], [ 75.798071352266902, 26.874576229087722 ], [ 75.798187398567848, 26.874531193983387 ], [ 75.798300062526891, 26.874479713158451 ], [ 75.798408899497247, 26.874421989792779 ], [ 75.798513479937583, 26.874358251703484 ], [ 75.798613391107949, 26.874288750445089 ], [ 75.79870823869868, 26.87421376031773 ], [ 75.79879764838671, 26.87413357728326 ], [ 75.798881267312879, 26.874048517798315 ], [ 75.798958765474367, 26.873958917564039 ], [ 75.799029837027433, 26.873865130201636 ], [ 75.799094201493745, 26.873767525856977 ], [ 75.799151604867518, 26.873666489738639 ], [ 75.799201820617839, 26.87356242059883 ], [ 75.799244650582295, 26.873455729158422 ], [ 75.79927992574909, 26.873346836486519 ], [ 75.799307506923071, 26.873236172338068 ], [ 75.799327285275524, 26.873124173458734 ], [ 75.79933918277294, 26.873011281859931 ], [ 75.799343152484425, 26.872897943075145 ], [ 75.799339178767241, 26.872784604401772 ], [ 75.799327277327393, 26.872671713134764 ], [ 75.799307495157734, 26.872559714802605 ], [ 75.799279910352141, 26.872449051408239 ], [ 75.799244631796626, 26.872340159685052 ], [ 75.799201798739546, 26.872233469373327 ], [ 75.799151580241698, 26.872129401524262 ], [ 75.799094174508753, 26.87202836683872 ], [ 75.799029808108912, 26.871930764045487 ], [ 75.798958735078429, 26.871836978329611 ], [ 75.79888123591877, 26.871747379810415 ], [ 75.798797616489537, 26.871662322082273 ], [ 75.798708206801507, 26.871582140818532 ], [ 75.798613359713841, 26.871507152447975 ], [ 75.798513449541588, 26.871437652904774 ], [ 75.798408870578726, 26.871373916461664 ], [ 75.798300035541899, 26.871316194647818 ], [ 75.798187373942028, 26.871264715255506 ], [ 75.798071330388609, 26.871219681441858 ], [ 75.797952362836668, 26.871181270927252 ], [ 75.79783094077834, 26.871149635293762 ], [ 75.797707543391084, 26.871124899387098 ], [ 75.797582657646331, 26.871107160824124 ], [ 75.797456776388742, 26.87109648960768 ], [ 75.797330396390691, 26.871092927850214 ], [ 75.797204016392698, 26.87109648960768 ], [ 75.797078135135109, 26.871107160824124 ], [ 75.796953249390299, 26.871124899387098 ], [ 75.7968298520031, 26.871149635293762 ], [ 75.796708429944715, 26.871181270927252 ], [ 75.796589462392831, 26.871219681441858 ], [ 75.796473418839582, 26.871264715255506 ], [ 75.796360757239484, 26.871316194647818 ], [ 75.796251922202714, 26.871373916461664 ], [ 75.796147343239966, 26.871437652904774 ], [ 75.79604743306777, 26.871507152447975 ], [ 75.795952585980046, 26.871582140818532 ], [ 75.795863176291846, 26.871662322082273 ], [ 75.795779556862783, 26.871747379810415 ], [ 75.795702057703011, 26.871836978329611 ], [ 75.795630984672528, 26.871930764045487 ], [ 75.79556661827263, 26.87202836683872 ], [ 75.795509212539855, 26.872129401524262 ], [ 75.795458994042065, 26.872233469373327 ], [ 75.795416160984985, 26.872340159685052 ], [ 75.795380882429413, 26.872449051408239 ], [ 75.795353297623706, 26.872559714802605 ], [ 75.795333515454161, 26.872671713134764 ], [ 75.79532161401437, 26.872784604401772 ], [ 75.795317640297014, 26.872897943075145 ], [ 75.795321610008671, 26.873011281859931 ], [ 75.795333507505859, 26.873124173458734 ], [ 75.795353285858369, 26.873236172338068 ], [ 75.795380867032293, 26.873346836486519 ], [ 75.795416142199088, 26.873455729158422 ], [ 75.795458972163715, 26.87356242059883 ], [ 75.795509187914035, 26.873666489738639 ], [ 75.795566591287866, 26.873767525856977 ], [ 75.79563095575412, 26.873865130201636 ], [ 75.795702027307016, 26.873958917564039 ], [ 75.795779525468504, 26.874048517798315 ], [ 75.79586314439473, 26.87413357728326 ], [ 75.795952554082703, 26.87421376031773 ], [ 75.796047401673491, 26.874288750445089 ], [ 75.796147312843857, 26.874358251703484 ], [ 75.796251893284307, 26.874421989792779 ], [ 75.796360730254492, 26.874479713158451 ], [ 75.796473394213763, 26.874531193983387 ], [ 75.796589440514481, 26.874576229087722 ], [ 75.796708411159045, 26.874614640731011 ], [ 75.79682983660615, 26.874646277313275 ], [ 75.796953237624962, 26.874671013973966 ], [ 75.797078127186978, 26.874688753084058 ], [ 75.797204012386999, 26.874699424632183 ], [ 75.797330396390691, 26.874702986500836 ] ] ] } },
{ "type": "Feature", "properties": { "OBJECTID": 15.0, "ORIG_FID": 15.0, "OBJECTID_1": 2044.0, "osm_id": 293692016.0, "name": "Chandpol Bazaar", "ref": null, "type": "primary", "oneway": 1.0, "bridge": 0.0, "maxspeed": 0.0, "Shape_Leng": 0.0098821742467400005, "BUFF_DIST": 200.0, "Shape_Le_1": 0.0120037777128, "Shape_Area": 1.14113271257e-05 }, "geometry": { "type": "Polygon", "coordinates": [ [ [ 75.816396374576811, 26.92696063559913 ], [ 75.816522816764575, 26.926957073756569 ], [ 75.816648759918962, 26.926946402287001 ], [ 75.816773706976448, 26.926928663307649 ], [ 75.816897164805823, 26.926903926829198 ], [ 75.817018646153485, 26.926872290479992 ], [ 75.817137671568219, 26.926833879119499 ], [ 75.817253771292542, 26.926788844346959 ], [ 75.817366487118022, 26.926737363901452 ], [ 75.817475374192327, 26.926679640961254 ], [ 75.817580002776708, 26.926615903341656 ], [ 75.817679959941188, 26.926546402595704 ], [ 75.817774851194486, 26.926471413021318 ], [ 75.817864302041187, 26.926391230578417 ], [ 75.817947959459786, 26.926306171720853 ], [ 75.818025493295465, 26.926216572147553 ], [ 75.818096597563908, 26.926122785477389 ], [ 75.818160991657351, 26.92602518185339 ], [ 75.818218421453366, 26.925924146481123 ], [ 75.818268660316789, 26.925820078110178 ], [ 75.818311509994146, 26.925713387457904 ], [ 75.818346801395592, 26.925604495590676 ], [ 75.818374395262197, 26.925493832260599 ], [ 75.81839418271511, 26.925381834209418 ], [ 75.818406085684728, 26.925268943445644 ], [ 75.818410057219126, 26.925155605499697 ], [ 75.818406081668229, 26.925042267665106 ], [ 75.818394174745151, 26.924929377233923 ], [ 75.818374383464857, 26.924817379731053 ], [ 75.818346785956749, 26.924706717156482 ], [ 75.818311491157317, 26.924597826240301 ], [ 75.818268638378925, 26.924491136719439 ], [ 75.818218396760585, 26.924387069642194 ], [ 75.818160964598803, 26.924286035705734 ], [ 75.818096568566659, 26.924188433636914 ], [ 75.818025462816763, 26.924094648616801 ], [ 75.817947927980072, 26.92400505076256 ], [ 75.817864270057157, 26.923919993665891 ], [ 75.817774819210456, 26.923839812997755 ], [ 75.817679928461473, 26.923764825183923 ], [ 75.817579972297949, 26.923695326157087 ], [ 75.817475345195078, 26.92363159018754 ], [ 75.817366460059532, 26.923573868802691 ], [ 75.817253746599761, 26.923522389792879 ], [ 75.81713764963024, 26.923477356314038 ], [ 75.817018627316429, 26.923438946085071 ], [ 75.81689714936681, 26.923407310686628 ], [ 75.816773695179108, 26.923382574963966 ], [ 75.816648751948946, 26.923364836532983 ], [ 75.816522812747849, 26.923354165395949 ], [ 75.816396374576811, 26.923350603664971 ], [ 75.816269936405774, 26.923354165395949 ], [ 75.816143997204676, 26.923364836532983 ], [ 75.816019053974685, 26.923382574963966 ], [ 75.815895599786813, 26.923407310686628 ], [ 75.815774121837137, 26.923438946085071 ], [ 75.815655099523383, 26.923477356314038 ], [ 75.815539002553805, 26.923522389792879 ], [ 75.815426289094091, 26.923573868802691 ], [ 75.815317403958716, 26.92363159018754 ], [ 75.815212776855844, 26.923695326157087 ], [ 75.815112820692093, 26.923764825183923 ], [ 75.815017929943338, 26.923839812997755 ], [ 75.814928479096636, 26.923919993665891 ], [ 75.814844821173551, 26.92400505076256 ], [ 75.81476728633703, 26.924094648616801 ], [ 75.814696180587134, 26.924188433636914 ], [ 75.81463178455482, 26.924286035705734 ], [ 75.814574352393208, 26.924387069642194 ], [ 75.814524110774698, 26.924491136719439 ], [ 75.814481257996476, 26.924597826240301 ], [ 75.814445963197045, 26.924706717156482 ], [ 75.814418365688937, 26.924817379731053 ], [ 75.814398574408472, 26.924929377233923 ], [ 75.814386667485564, 26.925042267665106 ], [ 75.814382691934497, 26.925155605499697 ], [ 75.814386663468895, 26.925268943445644 ], [ 75.814398566438683, 26.925381834209418 ], [ 75.814418353891597, 26.925493832260599 ], [ 75.814445947758202, 26.925604495590676 ], [ 75.81448123915942, 26.925713387457904 ], [ 75.814524088836833, 26.925820078110178 ], [ 75.814574327700427, 26.925924146481123 ], [ 75.814631757496443, 26.92602518185339 ], [ 75.814696151589885, 26.926122785477389 ], [ 75.814767255858101, 26.926216572147553 ], [ 75.814844789694007, 26.926306171720853 ], [ 75.814928447112607, 26.926391230578417 ], [ 75.815017897959308, 26.926471413021318 ], [ 75.815112789212606, 26.926546402595704 ], [ 75.815212746377085, 26.926615903341656 ], [ 75.815317374961467, 26.926679640961254 ], [ 75.815426262035771, 26.926737363901452 ], [ 75.815538977861024, 26.926788844346959 ], [ 75.815655077585575, 26.926833879119499 ], [ 75.815774103000308, 26.926872290479992 ], [ 75.81589558434797, 26.926903926829198 ], [ 75.816019042177174, 26.926928663307649 ], [ 75.816143989234831, 26.926946402287001 ], [ 75.816269932389218, 26.926957073756569 ], [ 75.816396374576811, 26.92696063559913 ] ] ] } },
{ "type": "Feature", "properties": { "OBJECTID": 16.0, "ORIG_FID": 16.0, "OBJECTID_1": 5.0, "osm_id": 28776728.0, "name": "Amer Road", "ref": null, "type": "secondary", "oneway": 1.0, "bridge": 0.0, "maxspeed": 0.0, "Shape_Leng": 0.0096778092175400007, "BUFF_DIST": 200.0, "Shape_Le_1": 0.012003756432000001, "Shape_Area": 1.1411289818799999e-05 }, "geometry": { "type": "Polygon", "coordinates": [ [ [ 75.827404410396582, 26.926583780506746 ], [ 75.827530852164045, 26.926580218664185 ], [ 75.827656794899895, 26.926569547194106 ], [ 75.827781741542481, 26.926551808213674 ], [ 75.827905198961503, 26.926527071733972 ], [ 75.828026679905406, 26.926495435383003 ], [ 75.828145704924736, 26.926457024020579 ], [ 75.828261804263434, 26.926411989245707 ], [ 75.828374519714089, 26.926360508797359 ], [ 75.828483406426699, 26.926302785854148 ], [ 75.828588034663426, 26.926239048231139 ], [ 75.828687991495769, 26.926169547481436 ], [ 75.8287828824337, 26.926094557903014 ], [ 75.828872332983281, 26.92601437545585 ], [ 75.828955990123859, 26.925929316593852 ], [ 75.82903352370198, 26.925839717015776 ], [ 75.829104627734012, 26.925745930340611 ], [ 75.829169021613552, 26.925648326711269 ], [ 75.829226451218801, 26.925547291333885 ], [ 75.829276689915389, 26.925443222957199 ], [ 75.829319539450296, 26.925336532299298 ], [ 75.82935483073453, 26.925227640426328 ], [ 75.829382424509447, 26.925116977090056 ], [ 75.82940221189665, 26.925004979033019 ], [ 75.829414114826818, 26.924892088263391 ], [ 75.829418086348085, 26.924778750311248 ], [ 75.829414110810319, 26.924665412470631 ], [ 75.829402203927032, 26.924552522033366 ], [ 75.829382412712278, 26.924440524524812 ], [ 75.829354815296028, 26.924329861944216 ], [ 75.829319520613808, 26.92422097102218 ], [ 75.829276667977922, 26.924114281495633 ], [ 75.829226426526532, 26.924010214412647 ], [ 75.829168994555744, 26.923909180470901 ], [ 75.829104598737445, 26.923811578396737 ], [ 75.82903349322379, 26.923717793371679 ], [ 75.828955958644883, 26.923628195512777 ], [ 75.828872300999763, 26.923543138411333 ], [ 75.828782850450239, 26.923462957738934 ], [ 75.828687960016566, 26.92338796992118 ], [ 75.828588004185235, 26.923318470890479 ], [ 75.828483377429961, 26.923254734917691 ], [ 75.82837449265628, 26.923197013529659 ], [ 75.828261779570994, 26.923145534517175 ], [ 75.82814568298727, 26.923100501035833 ], [ 75.828026661068918, 26.923062090804763 ], [ 75.82790518352283, 26.923030455404671 ], [ 75.827781729745311, 26.923005719680646 ], [ 75.827656786930277, 26.922987981248752 ], [ 75.827530848147717, 26.922977310111037 ], [ 75.827404410396582, 26.922973748379832 ], [ 75.827277972645618, 26.922977310111037 ], [ 75.827152033862887, 26.922987981248752 ], [ 75.827027091048024, 26.923005719680646 ], [ 75.826903637270505, 26.923030455404671 ], [ 75.826782159724416, 26.923062090804763 ], [ 75.826663137806065, 26.923100501035833 ], [ 75.826547041222341, 26.923145534517175 ], [ 75.826434328136884, 26.923197013529659 ], [ 75.826325443363146, 26.923254734917691 ], [ 75.826220816607929, 26.923318470890479 ], [ 75.826120860776541, 26.92338796992118 ], [ 75.826025970342926, 26.923462957738934 ], [ 75.825936519793402, 26.923543138411333 ], [ 75.825852862148452, 26.923628195512777 ], [ 75.825775327569374, 26.923717793371679 ], [ 75.82570422205589, 26.923811578396737 ], [ 75.825639826237591, 26.923909180470901 ], [ 75.825582394266803, 26.924010214412647 ], [ 75.825532152815242, 26.924114281495633 ], [ 75.825489300179299, 26.92422097102218 ], [ 75.825454005497306, 26.924329861944216 ], [ 75.825426408080887, 26.924440524524812 ], [ 75.825406616866303, 26.924552522033366 ], [ 75.825394709982845, 26.924665412470631 ], [ 75.825390734445079, 26.924778750311248 ], [ 75.825394705966346, 26.924892088263391 ], [ 75.825406608896685, 26.925004979033019 ], [ 75.825426396283717, 26.925116977090056 ], [ 75.825453990058634, 26.925227640426328 ], [ 75.825489281342811, 26.925336532299298 ], [ 75.825532130877775, 26.925443222957199 ], [ 75.825582369574363, 26.925547291333885 ], [ 75.825639799179612, 26.925648326711269 ], [ 75.825704193059153, 26.925745930340611 ], [ 75.825775297091184, 26.925839717015776 ], [ 75.825852830669476, 26.925929316593852 ], [ 75.825936487810054, 26.92601437545585 ], [ 75.826025938359635, 26.926094557903014 ], [ 75.826120829297565, 26.926169547481436 ], [ 75.826220786129909, 26.926239048231139 ], [ 75.826325414366636, 26.926302785854148 ], [ 75.826434301079075, 26.926360508797359 ], [ 75.826547016529901, 26.926411989245707 ], [ 75.826663115868598, 26.926457024020579 ], [ 75.826782140887758, 26.926495435383003 ], [ 75.826903621831832, 26.926527071733972 ], [ 75.827027079250854, 26.926551808213674 ], [ 75.827152025893213, 26.926569547194106 ], [ 75.827277968629119, 26.926580218664185 ], [ 75.827404410396582, 26.926583780506746 ] ] ] } },
{ "type": "Feature", "properties": { "OBJECTID": 17.0, "ORIG_FID": 17.0, "OBJECTID_1": 27983.0, "osm_id": 862509168.0, "name": "Amer Road", "ref": null, "type": "secondary", "oneway": 1.0, "bridge": 0.0, "maxspeed": 0.0, "Shape_Leng": 0.0089103103336200008, "BUFF_DIST": 200.0, "Shape_Le_1": 0.0120040264407, "Shape_Area": 1.14117631609e-05 }, "geometry": { "type": "Polygon", "coordinates": [ [ [ 75.829998160260516, 26.931364698983316 ], [ 75.830124607359039, 26.931361137143256 ], [ 75.830250555404632, 26.931350465680111 ], [ 75.830375507314955, 26.93133272671173 ], [ 75.830498969939072, 26.93130799024874 ], [ 75.830620456004908, 26.931276353919088 ], [ 75.830739486042262, 26.931237942582584 ], [ 75.830855590275689, 26.931192907838124 ], [ 75.830968310478454, 26.931141427424393 ], [ 75.831077201781738, 26.93108370452029 ], [ 75.831181834429344, 26.931019966940255 ], [ 75.831281795475718, 26.930950466237448 ], [ 75.831376690414231, 26.930875476709787 ], [ 75.831466144734804, 26.930795294316624 ], [ 75.831549805402176, 26.930710235512038 ], [ 75.831627342248794, 26.930620635994501 ], [ 75.831698449278406, 26.930526849382773 ], [ 75.83176284587239, 26.930429245819369 ], [ 75.831820277898487, 26.93032821051014 ], [ 75.831870518712662, 26.930224142203997 ], [ 75.831913370053769, 26.93011745161823 ], [ 75.831948662825312, 26.930008559818987 ], [ 75.831976257763245, 26.929897896557691 ], [ 75.831996045984226, 26.929785898576483 ], [ 75.832007949415697, 26.929673007883082 ], [ 75.83201192110414, 26.929559670007791 ], [ 75.832007945398288, 26.929446332244083 ], [ 75.831996038012505, 26.929333441883387 ], [ 75.831976245963233, 26.929221444450548 ], [ 75.831948647383115, 26.929110781945099 ], [ 75.831913351212506, 26.929001891096902 ], [ 75.831870496769852, 26.928895201642661 ], [ 75.831820253200021, 26.928791134630444 ], [ 75.831762818807647, 26.928690100757422 ], [ 75.831698420274392, 26.928592498749538 ], [ 75.8316273117631, 26.928498713788201 ], [ 75.831549773915356, 26.928409115990064 ], [ 75.831466112743328, 26.928324058946544 ], [ 75.831376658422926, 26.928243878328658 ], [ 75.831281763988898, 26.928168890561892 ], [ 75.831181803943707, 26.928099391578428 ], [ 75.831077172777725, 26.928035655649012 ], [ 75.830968283413881, 26.927977934300088 ], [ 75.830855565577053, 26.927926455322734 ], [ 75.830739464099281, 26.927881421872144 ], [ 75.830620437163589, 26.927843011667164 ], [ 75.830498954496647, 26.927811376288616 ], [ 75.830375495514943, 26.927786640581417 ], [ 75.830250547433025, 26.927768902161461 ], [ 75.830124603341403, 26.927758231031135 ], [ 75.829998160260516, 26.927754669302487 ], [ 75.829871717179628, 26.927758231031135 ], [ 75.829745773088064, 26.927768902161461 ], [ 75.829620825006316, 26.927786640581417 ], [ 75.829497366024384, 26.927811376288616 ], [ 75.829375883357443, 26.927843011667164 ], [ 75.82925685642175, 26.927881421872144 ], [ 75.829140754944035, 26.927926455322734 ], [ 75.82902803710715, 26.927977934300088 ], [ 75.828919147743306, 26.928035655649012 ], [ 75.828814516577381, 26.928099391578428 ], [ 75.828714556532134, 26.928168890561892 ], [ 75.828619662098333, 26.928243878328658 ], [ 75.82853020777776, 26.928324058946544 ], [ 75.828446546605903, 26.928409115990064 ], [ 75.828369008758102, 26.928498713788201 ], [ 75.828297900246696, 26.928592498749538 ], [ 75.828233501713441, 26.928690100757422 ], [ 75.828176067321237, 26.928791134630444 ], [ 75.828125823751407, 26.928895201642661 ], [ 75.828082969308582, 26.929001891096902 ], [ 75.828047673138144, 26.929110781945099 ], [ 75.828020074558026, 26.929221444450548 ], [ 75.828000282508583, 26.929333441883387 ], [ 75.827988375122743, 26.929446332244083 ], [ 75.827984399417119, 26.929559670007791 ], [ 75.827988371105334, 26.929673007883082 ], [ 75.828000274536805, 26.929785898576483 ], [ 75.828020062757844, 26.929897896557691 ], [ 75.82804765769572, 26.930008559818987 ], [ 75.828082950467262, 26.93011745161823 ], [ 75.828125801808426, 26.930224142203997 ], [ 75.828176042622601, 26.93032821051014 ], [ 75.828233474648869, 26.930429245819369 ], [ 75.828297871242853, 26.930526849382773 ], [ 75.828368978272294, 26.930620635994501 ], [ 75.828446515119083, 26.930710235512038 ], [ 75.828530175786454, 26.930795294316624 ], [ 75.828619630106857, 26.930875476709787 ], [ 75.82871452504537, 26.930950466237448 ], [ 75.828814486091744, 26.931019966940255 ], [ 75.82891911873952, 26.93108370452029 ], [ 75.829028010042578, 26.931141427424393 ], [ 75.82914073024557, 26.931192907838124 ], [ 75.829256834478997, 26.931237942582584 ], [ 75.829375864516351, 26.931276353919088 ], [ 75.829497350582017, 26.93130799024874 ], [ 75.829620813206134, 26.93133272671173 ], [ 75.829745765116456, 26.931350465680111 ], [ 75.82987171316222, 26.931361137143256 ], [ 75.829998160260516, 26.931364698983316 ] ] ] } },
{ "type": "Feature", "properties": { "OBJECTID": 18.0, "ORIG_FID": 18.0, "OBJECTID_1": 0.0, "osm_id": 28776728.0, "name": null, "ref": null, "type": "Major", "oneway": 1.0, "bridge": 0.0, "maxspeed": 0.0, "Shape_Leng": 0.0, "BUFF_DIST": 200.0, "Shape_Le_1": 0.012003756432000001, "Shape_Area": 1.1411289818799999e-05 }, "geometry": { "type": "Polygon", "coordinates": [ [ [ 75.827404410193196, 26.926583780047395 ], [ 75.82753085196083, 26.926580218204833 ], [ 75.827656794696509, 26.926569546734584 ], [ 75.827781741339095, 26.926551807754322 ], [ 75.827905198758117, 26.92652707127462 ], [ 75.82802667970202, 26.926495434923652 ], [ 75.828145704721351, 26.926457023561227 ], [ 75.828261804060048, 26.926411988786185 ], [ 75.828374519510703, 26.926360508338007 ], [ 75.828483406223313, 26.926302785394796 ], [ 75.82858803446004, 26.926239047771787 ], [ 75.828687991292384, 26.926169547022084 ], [ 75.828782882230314, 26.926094557443662 ], [ 75.828872332779895, 26.926014374996441 ], [ 75.828955989920473, 26.925929316134273 ], [ 75.829033523498595, 26.925839716556425 ], [ 75.829104627530569, 26.925745929881259 ], [ 75.829169021410166, 26.925648326251917 ], [ 75.829226451015415, 26.925547290874306 ], [ 75.829276689712003, 26.925443222497677 ], [ 75.82931953924691, 26.925336531839946 ], [ 75.829354830531145, 26.925227639966977 ], [ 75.829382424306061, 26.925116976630704 ], [ 75.829402211693264, 26.925004978573668 ], [ 75.829414114623432, 26.924892087803869 ], [ 75.829418086144699, 26.924778749851839 ], [ 75.829414110606933, 26.924665412011223 ], [ 75.829402203723589, 26.924552521573958 ], [ 75.829382412508892, 26.92444052406529 ], [ 75.829354815092643, 26.924329861484864 ], [ 75.829319520410422, 26.924220970562772 ], [ 75.829276667774536, 26.924114281036054 ], [ 75.829226426323146, 26.924010213953295 ], [ 75.829168994352358, 26.923909180011549 ], [ 75.829104598534059, 26.923811577937386 ], [ 75.829033493020404, 26.923717792912328 ], [ 75.828955958441441, 26.923628195053254 ], [ 75.828872300796377, 26.923543137951981 ], [ 75.828782850246853, 26.923462957279526 ], [ 75.82868795981318, 26.923387969461828 ], [ 75.828588003981849, 26.923318470431127 ], [ 75.828483377226576, 26.923254734458169 ], [ 75.828374492452838, 26.923197013070137 ], [ 75.828261779367608, 26.923145534057596 ], [ 75.828145682783884, 26.923100500576481 ], [ 75.828026660865532, 26.923062090345411 ], [ 75.827905183319444, 26.923030454945319 ], [ 75.827781729541925, 26.923005719221294 ], [ 75.827656786726891, 26.92298798078923 ], [ 75.827530847944274, 26.922977309651628 ], [ 75.827404410193196, 26.92297374792048 ], [ 75.827277972442232, 26.922977309651628 ], [ 75.827152033659445, 26.92298798078923 ], [ 75.827027090844638, 26.923005719221294 ], [ 75.826903637067119, 26.923030454945319 ], [ 75.826782159521031, 26.923062090345411 ], [ 75.826663137602679, 26.923100500576481 ], [ 75.826547041018955, 26.923145534057596 ], [ 75.826434327933669, 26.923197013070137 ], [ 75.82632544315976, 26.923254734458169 ], [ 75.826220816404714, 26.923318470431127 ], [ 75.826120860573155, 26.923387969461828 ], [ 75.82602597013954, 26.923462957279526 ], [ 75.825936519589959, 26.923543137951981 ], [ 75.825852861945066, 26.923628195053254 ], [ 75.825775327365989, 26.923717792912328 ], [ 75.825704221852504, 26.923811577937386 ], [ 75.825639826034205, 26.923909180011549 ], [ 75.825582394063417, 26.924010213953295 ], [ 75.825532152611856, 26.924114281036054 ], [ 75.825489299975914, 26.924220970562772 ], [ 75.825454005293921, 26.924329861484864 ], [ 75.825426407877444, 26.92444052406529 ], [ 75.825406616662917, 26.924552521573958 ], [ 75.82539470977963, 26.924665412011223 ], [ 75.825390734241864, 26.924778749851839 ], [ 75.82539470576296, 26.924892087803869 ], [ 75.825406608693299, 26.925004978573668 ], [ 75.825426396080331, 26.925116976630704 ], [ 75.825453989855248, 26.925227639966977 ], [ 75.825489281139426, 26.925336531839946 ], [ 75.82553213067456, 26.925443222497677 ], [ 75.825582369370977, 26.925547290874306 ], [ 75.825639798976226, 26.925648326251917 ], [ 75.825704192855937, 26.925745929881259 ], [ 75.825775296887969, 26.925839716556425 ], [ 75.82585283046609, 26.925929316134273 ], [ 75.825936487606668, 26.926014374996441 ], [ 75.826025938156249, 26.926094557443662 ], [ 75.826120829094179, 26.926169547022084 ], [ 75.826220785926523, 26.926239047771787 ], [ 75.82632541416325, 26.926302785394796 ], [ 75.82643430087569, 26.926360508338007 ], [ 75.826547016326515, 26.926411988786185 ], [ 75.826663115665212, 26.926457023561227 ], [ 75.826782140684372, 26.926495434923652 ], [ 75.826903621628446, 26.92652707127462 ], [ 75.827027079047468, 26.926551807754322 ], [ 75.827152025689827, 26.926569546734584 ], [ 75.827277968425733, 26.926580218204833 ], [ 75.827404410193196, 26.926583780047395 ] ] ] } },
{ "type": "Feature", "properties": { "OBJECTID": 19.0, "ORIG_FID": 19.0, "OBJECTID_1": 0.0, "osm_id": 862509168.0, "name": null, "ref": null, "type": "Major", "oneway": 1.0, "bridge": 0.0, "maxspeed": 0.0, "Shape_Leng": 0.0, "BUFF_DIST": 200.0, "Shape_Le_1": 0.0120040264408, "Shape_Area": 1.1411763161e-05 }, "geometry": { "type": "Polygon", "coordinates": [ [ [ 75.82999816046447, 26.931364698650611 ], [ 75.830124607562936, 26.931361136810551 ], [ 75.8302505556087, 26.931350465347407 ], [ 75.830375507518852, 26.931332726379026 ], [ 75.830498970142969, 26.931307989916036 ], [ 75.830620456208806, 26.931276353586384 ], [ 75.830739486246216, 26.93123794225005 ], [ 75.830855590479644, 26.931192907505419 ], [ 75.830968310682408, 26.931141427091859 ], [ 75.831077201985636, 26.931083704187529 ], [ 75.831181834633469, 26.93101996660755 ], [ 75.831281795679672, 26.930950465904743 ], [ 75.831376690618129, 26.930875476377082 ], [ 75.831466144938702, 26.93079529398392 ], [ 75.831549805606073, 26.930710235179276 ], [ 75.831627342452691, 26.930620635661967 ], [ 75.831698449482303, 26.930526849050068 ], [ 75.831762846076344, 26.930429245486607 ], [ 75.831820278102384, 26.930328210177606 ], [ 75.83187051891673, 26.930224141871292 ], [ 75.831913370257723, 26.930117451285525 ], [ 75.831948663029436, 26.930008559486282 ], [ 75.831976257967312, 26.929897896224986 ], [ 75.831996046188181, 26.929785898243779 ], [ 75.832007949619822, 26.929673007550377 ], [ 75.832011921308037, 26.929559669675086 ], [ 75.832007945602243, 26.929446331911379 ], [ 75.831996038216573, 26.929333441550682 ], [ 75.831976246167187, 26.929221444117843 ], [ 75.831948647587012, 26.929110781612394 ], [ 75.831913351416404, 26.929001890764198 ], [ 75.83187049697375, 26.928895201310127 ], [ 75.831820253403919, 26.92879113429774 ], [ 75.831762819011772, 26.928690100424717 ], [ 75.83169842047829, 26.928592498416833 ], [ 75.831627311967054, 26.928498713455497 ], [ 75.831549774119253, 26.92840911565736 ], [ 75.831466112947396, 26.928324058613782 ], [ 75.831376658626823, 26.928243877995953 ], [ 75.831281764192852, 26.928168890229188 ], [ 75.831181804147604, 26.928099391245723 ], [ 75.831077172981679, 26.928035655316307 ], [ 75.830968283617835, 26.927977933967327 ], [ 75.830855565781007, 26.927926454990029 ], [ 75.830739464303235, 26.927881421539439 ], [ 75.830620437367543, 26.92784301133446 ], [ 75.830498954700602, 26.927811375955855 ], [ 75.830375495718897, 26.927786640248712 ], [ 75.830250547636979, 26.927768901828756 ], [ 75.830124603545357, 26.92775823069843 ], [ 75.82999816046447, 26.927754668969726 ], [ 75.829871717383583, 26.92775823069843 ], [ 75.829745773291961, 26.927768901828756 ], [ 75.829620825210213, 26.927786640248712 ], [ 75.829497366228509, 26.927811375955855 ], [ 75.829375883561568, 26.92784301133446 ], [ 75.829256856625875, 26.927881421539439 ], [ 75.829140755147932, 26.927926454990029 ], [ 75.829028037311105, 26.927977933967327 ], [ 75.828919147947261, 26.928035655316307 ], [ 75.828814516781279, 26.928099391245723 ], [ 75.828714556736088, 26.928168890229188 ], [ 75.828619662302287, 26.928243877995953 ], [ 75.828530207981714, 26.928324058613782 ], [ 75.828446546809857, 26.92840911565736 ], [ 75.828369008962056, 26.928498713455497 ], [ 75.828297900450593, 26.928592498416833 ], [ 75.828233501917339, 26.928690100424717 ], [ 75.828176067525192, 26.92879113429774 ], [ 75.828125823955361, 26.928895201310127 ], [ 75.828082969512479, 26.929001890764198 ], [ 75.828047673342041, 26.929110781612394 ], [ 75.828020074761923, 26.929221444117843 ], [ 75.828000282712537, 26.929333441550682 ], [ 75.827988375326868, 26.929446331911379 ], [ 75.827984399621073, 26.929559669675086 ], [ 75.827988371309289, 26.929673007550377 ], [ 75.82800027474093, 26.929785898243779 ], [ 75.828020062961798, 26.929897896224986 ], [ 75.828047657899674, 26.930008559486282 ], [ 75.828082950671387, 26.930117451285525 ], [ 75.82812580201238, 26.930224141871292 ], [ 75.828176042826726, 26.930328210177606 ], [ 75.828233474852766, 26.930429245486607 ], [ 75.828297871446807, 26.930526849050068 ], [ 75.828368978476192, 26.930620635661967 ], [ 75.828446515323037, 26.930710235179276 ], [ 75.828530175990409, 26.93079529398392 ], [ 75.828619630310982, 26.930875476377082 ], [ 75.828714525249268, 26.930950465904743 ], [ 75.828814486295641, 26.93101996660755 ], [ 75.828919118943418, 26.931083704187529 ], [ 75.829028010246532, 26.931141427091859 ], [ 75.829140730449467, 26.931192907505419 ], [ 75.829256834682894, 26.93123794225005 ], [ 75.829375864720305, 26.931276353586384 ], [ 75.829497350786085, 26.931307989916036 ], [ 75.829620813410031, 26.931332726379026 ], [ 75.829745765320411, 26.931350465347407 ], [ 75.829871713366174, 26.931361136810551 ], [ 75.82999816046447, 26.931364698650611 ] ] ] } },
{ "type": "Feature", "properties": { "OBJECTID": 20.0, "ORIG_FID": 20.0, "OBJECTID_1": 739.0, "osm_id": 86623380.0, "name": "Brahmpuri Road", "ref": null, "type": "tertiary", "oneway": 0.0, "bridge": 0.0, "maxspeed": 40.0, "Shape_Leng": 0.0083472902205300008, "BUFF_DIST": 200.0, "Shape_Le_1": 0.0120044495425, "Shape_Area": 1.1412504873899999e-05 }, "geometry": { "type": "Polygon", "coordinates": [ [ [ 75.824940037766339, 26.938853848419058 ], [ 75.825066493218173, 26.938850286582522 ], [ 75.825192449584392, 26.938839615130746 ], [ 75.825317409749061, 26.938821876181066 ], [ 75.825440880529356, 26.938797139744338 ], [ 75.825562374620745, 26.938765503448053 ], [ 75.825681412521362, 26.938727092152249 ], [ 75.825797524424729, 26.938682057455196 ], [ 75.825910252073982, 26.938630577096035 ], [ 75.82601915057046, 26.938572854252811 ], [ 75.826123790130225, 26.938509116740136 ], [ 75.826223757779815, 26.938439616111054 ], [ 75.826318658986906, 26.938364626662462 ], [ 75.826408119216524, 26.938284444354167 ], [ 75.826491785410155, 26.938199385639621 ], [ 75.826569327378536, 26.938109786216955 ], [ 75.826640439104835, 26.938015999704533 ], [ 75.826704839952527, 26.93791839624447 ], [ 75.826762275772012, 26.937817361042221 ], [ 75.826812519904593, 26.93771329284624 ], [ 75.826855374075819, 26.937606602373762 ], [ 75.826890669178283, 26.937497710689854 ], [ 75.826918265938389, 26.93738704754594 ], [ 75.826938055465746, 26.937275049683421 ], [ 75.826949959683077, 26.937162159109903 ], [ 75.826953931632943, 26.937048821354892 ], [ 75.826949955663906, 26.936935483711409 ], [ 75.826938047490955, 26.936822593470652 ], [ 75.826918254133602, 26.936710596156786 ], [ 75.826890653729663, 26.936599933769116 ], [ 75.826855355227224, 26.936491043036597 ], [ 75.826812497953085, 26.936384353695871 ], [ 75.82676225106394, 26.936280286794272 ], [ 75.826704812877267, 26.93617925302857 ], [ 75.826640410089624, 26.936081651124596 ], [ 75.826569296881019, 26.935987866263076 ], [ 75.826491753911057, 26.935898268560322 ], [ 75.826408087212599, 26.93581321160741 ], [ 75.826318626982982, 26.93573303107479 ], [ 75.826223726280773, 26.935658043387946 ], [ 75.826123759632651, 26.935588544478549 ], [ 75.826019121555248, 26.935524808617004 ], [ 75.825910224998779, 26.935467087329869 ], [ 75.825797499716657, 26.935415608407254 ], [ 75.825681390569855, 26.93537057500464 ], [ 75.825562355772206, 26.935332164840702 ], [ 75.825440865080907, 26.935300529495862 ], [ 75.825317397944502, 26.935275793814981 ], [ 75.825192441609602, 26.93525805541401 ], [ 75.825066489199116, 26.93524738429511 ], [ 75.824940037766339, 26.935243822570158 ], [ 75.824813586333732, 26.93524738429511 ], [ 75.824687633923304, 26.93525805541401 ], [ 75.824562677588403, 26.935275793814981 ], [ 75.824439210451771, 26.935300529495862 ], [ 75.8243177197607, 26.935332164840702 ], [ 75.824198684962823, 26.93537057500464 ], [ 75.824082575816192, 26.935415608407254 ], [ 75.823969850533956, 26.935467087329869 ], [ 75.82386095397743, 26.935524808617004 ], [ 75.823756315900198, 26.935588544478549 ], [ 75.823656349251905, 26.935658043387946 ], [ 75.823561448549697, 26.93573303107479 ], [ 75.82347198832008, 26.93581321160741 ], [ 75.823388321621792, 26.935898268560322 ], [ 75.823310778651887, 26.935987866263076 ], [ 75.823239665443054, 26.936081651124596 ], [ 75.823175262655411, 26.93617925302857 ], [ 75.823117824468966, 26.936280286794272 ], [ 75.82306757757965, 26.936384353695871 ], [ 75.823024720305625, 26.936491043036597 ], [ 75.822989421803015, 26.936599933769116 ], [ 75.822961821399076, 26.936710596156786 ], [ 75.822942028041723, 26.936822593470652 ], [ 75.822930119868829, 26.936935483711409 ], [ 75.822926143899736, 26.937048821354892 ], [ 75.822930115849601, 26.937162159109903 ], [ 75.822942020066989, 26.937275049683421 ], [ 75.822961809594517, 26.93738704754594 ], [ 75.822989406354566, 26.937497710689854 ], [ 75.823024701457086, 26.937606602373762 ], [ 75.823067555628313, 26.93771329284624 ], [ 75.823117799760723, 26.937817361042221 ], [ 75.823175235580379, 26.93791839624447 ], [ 75.823239636427843, 26.938015999704533 ], [ 75.823310748154313, 26.938109786216955 ], [ 75.823388290122523, 26.938199385639621 ], [ 75.823471956316325, 26.938284444354167 ], [ 75.823561416545942, 26.938364626662462 ], [ 75.823656317753034, 26.938439616111054 ], [ 75.82375628540251, 26.938509116740136 ], [ 75.823860924962275, 26.938572854252811 ], [ 75.823969823458867, 26.938630577096035 ], [ 75.82408255110812, 26.938682057455196 ], [ 75.824198663011316, 26.938727092152249 ], [ 75.824317700912104, 26.938765503448053 ], [ 75.824439195003379, 26.938797139744167 ], [ 75.824562665783617, 26.938821876181066 ], [ 75.824687625948513, 26.938839615130746 ], [ 75.824813582314562, 26.938850286582522 ], [ 75.824940037766339, 26.938853848419058 ] ] ] } },
{ "type": "Feature", "properties": { "OBJECTID": 21.0, "ORIG_FID": 21.0, "OBJECTID_1": 0.0, "osm_id": 0.0, "name": null, "ref": null, "type": null, "oneway": 0.0, "bridge": 0.0, "maxspeed": 0.0, "Shape_Leng": 0.0, "BUFF_DIST": 200.0, "Shape_Le_1": 0.012002677153299999, "Shape_Area": 1.1409397723399999e-05 }, "geometry": { "type": "Polygon", "coordinates": [ [ [ 75.741629899800159, 26.907461021047084 ], [ 75.741756320258446, 26.907457459194973 ], [ 75.741882241768963, 26.907446787696074 ], [ 75.742007167354075, 26.907429048667893 ], [ 75.742130603966814, 26.9074043121214 ], [ 75.742252064437821, 26.907372675685167 ], [ 75.742371069397848, 26.907334264219116 ], [ 75.742487149170643, 26.907289229322771 ], [ 75.742599845625818, 26.907237748735554 ], [ 75.742708713988179, 26.907180025636535 ], [ 75.742813324592589, 26.907116287841575 ], [ 75.742913264579897, 26.907046786904459 ], [ 75.743008139526921, 26.906971797123504 ], [ 75.74309757500248, 26.906891614459823 ], [ 75.743181218045549, 26.906806555368121 ], [ 75.743258738558211, 26.90671695554812 ], [ 75.743329830608729, 26.90662316861949 ], [ 75.743394213637373, 26.906525564726337 ], [ 75.743451633565769, 26.906424529075764 ], [ 75.743501863797292, 26.906320460417703 ], [ 75.743544706112743, 26.906213769471321 ], [ 75.743579991451156, 26.906104877303676 ], [ 75.743607580577532, 26.905994213667896 ], [ 75.74362736463172, 26.905882215307656 ], [ 75.743639265557647, 26.905769324232097 ], [ 75.743643236411344, 26.905655985973169 ], [ 75.743639261545241, 26.905542647825428 ], [ 75.74362735666989, 26.905429757082231 ], [ 75.743607568792072, 26.905317759269792 ], [ 75.743579976027945, 26.905207096389177 ], [ 75.7435446872949, 26.905098205171726 ], [ 75.743501841881823, 26.904991515355619 ], [ 75.743451608897999, 26.904887447990234 ], [ 75.743394186606565, 26.904786413774218 ], [ 75.743329801640755, 26.904688811434823 ], [ 75.743258708110432, 26.904595026155221 ], [ 75.743181186597837, 26.904505428052744 ], [ 75.743097543050794, 26.904420370720231 ], [ 75.743008107575235, 26.904340189829668 ], [ 75.742913233132185, 26.904265201808187 ], [ 75.742813294144639, 26.904195702588481 ], [ 75.742708685020432, 26.904131966442151 ], [ 75.74259981859484, 26.904074244897117 ], [ 75.742487124502759, 26.904022765744571 ], [ 75.742371047482209, 26.903977732140731 ], [ 75.742252045619978, 26.903939321805183 ], [ 75.742130588543603, 26.903907686318973 ], [ 75.742007155568615, 26.903882950527588 ], [ 75.741882233807189, 26.903865212047378 ], [ 75.741756316245812, 26.903854540880673 ], [ 75.741629899800159, 26.903850979139747 ], [ 75.741503483354677, 26.903854540880673 ], [ 75.7413775657933, 26.903865212047378 ], [ 75.741252644031817, 26.903882950527588 ], [ 75.741129211056887, 26.903907686318973 ], [ 75.741007753980455, 26.903939321805183 ], [ 75.740888752118224, 26.903977732140731 ], [ 75.74077267509773, 26.904022765744571 ], [ 75.740659981005592, 26.904074244897117 ], [ 75.740551114580057, 26.904131966442151 ], [ 75.740446505455679, 26.904195702588481 ], [ 75.740346566468077, 26.904265201808187 ], [ 75.740251692025197, 26.904340189829668 ], [ 75.740162256549638, 26.904420370720231 ], [ 75.740078613002652, 26.904505428052744 ], [ 75.740001091490058, 26.904595026155221 ], [ 75.739929997959678, 26.904688811434823 ], [ 75.739865612993867, 26.904786413774218 ], [ 75.739808190702433, 26.904887447990234 ], [ 75.739757957718609, 26.904991515355619 ], [ 75.739715112305532, 26.905098205171726 ], [ 75.739679823572544, 26.905207096389177 ], [ 75.73965223080836, 26.905317759269792 ], [ 75.739632442930542, 26.905429757082231 ], [ 75.739620538055249, 26.905542647825428 ], [ 75.739616563189088, 26.905655985973169 ], [ 75.739620534042785, 26.905769324232097 ], [ 75.739632434968712, 26.905882215307656 ], [ 75.739652219022958, 26.905994213667896 ], [ 75.739679808149333, 26.906104877303676 ], [ 75.739715093487689, 26.906213769471321 ], [ 75.73975793580297, 26.906320460417703 ], [ 75.73980816603455, 26.906424529075764 ], [ 75.739865585962889, 26.906525564726337 ], [ 75.73992996899176, 26.90662316861949 ], [ 75.740001061042051, 26.90671695554812 ], [ 75.740078581554883, 26.906806555368121 ], [ 75.740162224597952, 26.906891614459823 ], [ 75.740251660073511, 26.906971797123504 ], [ 75.740346535020535, 26.907046786904459 ], [ 75.740446475007843, 26.907116287841575 ], [ 75.74055108561231, 26.907180025636535 ], [ 75.740659953974614, 26.907237748735554 ], [ 75.74077265042979, 26.9072892293226 ], [ 75.740888730202641, 26.907334264219116 ], [ 75.741007735162668, 26.907372675685167 ], [ 75.741129195633675, 26.9074043121214 ], [ 75.741252632246415, 26.907429048667893 ], [ 75.74137755783147, 26.907446787696074 ], [ 75.741503479342043, 26.907457459194973 ], [ 75.741629899800159, 26.907461021047084 ] ] ] } },
{ "type": "Feature", "properties": { "OBJECTID": 22.0, "ORIG_FID": 22.0, "OBJECTID_1": 0.0, "osm_id": 0.0, "name": null, "ref": null, "type": null, "oneway": 0.0, "bridge": 0.0, "maxspeed": 0.0, "Shape_Leng": 0.0, "BUFF_DIST": 200.0, "Shape_Le_1": 0.0120017466388, "Shape_Area": 1.140776636e-05 }, "geometry": { "type": "Polygon", "coordinates": [ [ [ 75.738141100431619, 26.890958025052441 ], [ 75.738267502516862, 26.890954463191974 ], [ 75.738393405727038, 26.890943791668235 ], [ 75.738518313156533, 26.890926052598786 ], [ 75.73864173183, 26.890901315994768 ], [ 75.738763174649023, 26.890869679484979 ], [ 75.738882162314042, 26.890831267929627 ], [ 75.738998225217017, 26.890786232928463 ], [ 75.739110905294353, 26.890734752221476 ], [ 75.739219757835201, 26.890677028988023 ], [ 75.739324353236896, 26.890613291044701 ], [ 75.73942427870054, 26.890543789945809 ], [ 75.739519139859965, 26.890468799990231 ], [ 75.739608562338617, 26.89038861713982 ], [ 75.739692193226801, 26.890303557849904 ], [ 75.739769702474746, 26.890213957821004 ], [ 75.739840784194428, 26.890120170674038 ], [ 75.739905157867781, 26.890022566553171 ], [ 75.739962569452587, 26.889921530667038 ], [ 75.740012792385585, 26.889817461766143 ], [ 75.740055628476171, 26.8897107705709 ], [ 75.74009090868816, 26.889601878149051 ], [ 75.740118493806563, 26.889491214255031 ], [ 75.740138274986975, 26.889379215633255 ], [ 75.740150174185032, 26.889266324293942 ], [ 75.74015414446302, 26.889152985770124 ], [ 75.74015017017598, 26.889039647357549 ], [ 75.74013826703208, 26.888926756350429 ], [ 75.74011848203105, 26.888814758275942 ], [ 75.740090893278079, 26.888704095136518 ], [ 75.740055609674528, 26.888595203664295 ], [ 75.740012770488818, 26.888488513598475 ], [ 75.739962544805962, 26.888384445989345 ], [ 75.739905130859825, 26.888283411536747 ], [ 75.73984075525135, 26.888185808968728 ], [ 75.739769672053001, 26.888092023469198 ], [ 75.73969216180609, 26.888002425156799 ], [ 75.7396085304145, 26.887917367624766 ], [ 75.739519107935848, 26.887837186546278 ], [ 75.739424247279771, 26.887762198348923 ], [ 75.73932432281515, 26.887692698966134 ], [ 75.739219728892124, 26.887628962670419 ], [ 75.739110878286453, 26.887571240989814 ], [ 75.738998200570393, 26.887519761716533 ], [ 75.738882140417275, 26.887474728006964 ], [ 75.738763155847323, 26.887436317581205 ], [ 75.73864171641992, 26.887404682020758 ], [ 75.738518301381191, 26.887379946171279 ], [ 75.738393397772143, 26.887362207649346 ], [ 75.73826749850781, 26.887351536457572 ], [ 75.738141100431619, 26.887347974708462 ], [ 75.738014702355429, 26.887351536457572 ], [ 75.737888803091266, 26.887362207649346 ], [ 75.737763899482218, 26.887379946171279 ], [ 75.737640484443318, 26.887404682020758 ], [ 75.737519045016086, 26.887436317581205 ], [ 75.737400060445964, 26.887474728006794 ], [ 75.737284000293016, 26.887519761716533 ], [ 75.737171322576785, 26.887571240989814 ], [ 75.737062471971285, 26.887628962670419 ], [ 75.736957878048258, 26.887692698966134 ], [ 75.736857953583467, 26.887762198348923 ], [ 75.736763092927617, 26.887837186546278 ], [ 75.736673670448795, 26.887917367624766 ], [ 75.736590039057205, 26.888002425156799 ], [ 75.736512528810408, 26.888092023469198 ], [ 75.736441445611888, 26.888185808968728 ], [ 75.736377070003414, 26.888283411536747 ], [ 75.736319656057447, 26.888384445989345 ], [ 75.736269430374477, 26.888488513598475 ], [ 75.736226591188768, 26.888595203664295 ], [ 75.736191307585159, 26.888704095136518 ], [ 75.736163718832188, 26.888814758275942 ], [ 75.736143933831158, 26.888926756350429 ], [ 75.736132030687486, 26.889039647357549 ], [ 75.736128056400275, 26.889152985770124 ], [ 75.736132026678376, 26.889266324293942 ], [ 75.73614392587632, 26.889379215633255 ], [ 75.736163707056903, 26.889491214255031 ], [ 75.736191292175249, 26.889601878149051 ], [ 75.736226572387068, 26.8897107705709 ], [ 75.736269408477654, 26.889817461766143 ], [ 75.736319631410879, 26.889921530667038 ], [ 75.736377042995684, 26.890022566553171 ], [ 75.736441416668811, 26.890120170674038 ], [ 75.73651249838872, 26.890213957821004 ], [ 75.736590007636437, 26.890303557849904 ], [ 75.736673638524621, 26.89038861713982 ], [ 75.736763061003273, 26.890468799990231 ], [ 75.736857922162756, 26.890543789945809 ], [ 75.7369578476264, 26.890613291044701 ], [ 75.737062443028208, 26.890677028988193 ], [ 75.737171295569055, 26.890734752221476 ], [ 75.737283975646278, 26.890786232928463 ], [ 75.737400038549367, 26.890831267929627 ], [ 75.737519026214272, 26.890869679484979 ], [ 75.737640469033408, 26.890901315994768 ], [ 75.737763887706933, 26.890926052598786 ], [ 75.7378887951362, 26.890943791668235 ], [ 75.738014698346547, 26.890954463191974 ], [ 75.738141100431619, 26.890958025052441 ] ] ] } },
{ "type": "Feature", "properties": { "OBJECTID": 23.0, "ORIG_FID": 23.0, "OBJECTID_1": 0.0, "osm_id": 0.0, "name": null, "ref": null, "type": null, "oneway": 0.0, "bridge": 0.0, "maxspeed": 0.0, "Shape_Leng": 0.0, "BUFF_DIST": 200.0, "Shape_Le_1": 0.0120019781092, "Shape_Area": 1.1408172176200001e-05 }, "geometry": { "type": "Polygon", "coordinates": [ [ [ 75.746151200017891, 26.895064623442863 ], [ 75.746277606673573, 26.895061061584329 ], [ 75.746403514436167, 26.895050390066785 ], [ 75.746528426382042, 26.895032651007512 ], [ 75.746651849518059, 26.895007914417818 ], [ 75.746773296728065, 26.894976277926389 ], [ 75.746892288695449, 26.894937866393377 ], [ 75.747008355794833, 26.89489283141819 ], [ 75.747121039946308, 26.894841350741046 ], [ 75.747229896422994, 26.89478362754113 ], [ 75.747334495606538, 26.894719889634587 ], [ 75.747434424683092, 26.894650388575826 ], [ 75.747529289272336, 26.89457539866379 ], [ 75.747618714984014, 26.894495215859763 ], [ 75.747702348895871, 26.894410156619188 ], [ 75.747779860945968, 26.894320556642356 ], [ 75.747850945235541, 26.894226769549562 ], [ 75.747915321236064, 26.894129165485538 ], [ 75.747972734896564, 26.894028129657841 ], [ 75.748022959645198, 26.89392406081754 ], [ 75.748065797284255, 26.893817369684086 ], [ 75.748101078771299, 26.893708477325504 ], [ 75.748128664886735, 26.893597813495774 ], [ 75.748148446782182, 26.893485814939027 ], [ 75.748160346409918, 26.893372923665424 ], [ 75.748164316831094, 26.893259585207545 ], [ 75.748160342399956, 26.893146246860681 ], [ 75.748148438825524, 26.893033355919272 ], [ 75.748128653108949, 26.892921357910154 ], [ 75.748101063358035, 26.892810694835021 ], [ 75.748065778478463, 26.892701803426235 ], [ 75.748022937743599, 26.892595113422374 ], [ 75.747972710244653, 26.89249104587401 ], [ 75.74791529422248, 26.892390011480188 ], [ 75.747850916286438, 26.89229240896924 ], [ 75.747779830517686, 26.892198623524223 ], [ 75.747702317468566, 26.892109025264062 ], [ 75.747618683053076, 26.892023967781768 ], [ 75.747529257341284, 26.891943786749948 ], [ 75.747434393255617, 26.891868798596306 ], [ 75.747334465178255, 26.891799299254217 ], [ 75.747229867473891, 26.891735562995621 ], [ 75.747121012932894, 26.89167784134878 ], [ 75.747008331143093, 26.891626362105342 ], [ 75.746892266794021, 26.891581328422262 ], [ 75.74677327792233, 26.891542918018899 ], [ 75.746651834104796, 26.89151128247704 ], [ 75.746528414604086, 26.891486546642 ], [ 75.74640350647951, 26.891468808130355 ], [ 75.746277602663611, 26.891458136944777 ], [ 75.746151200017891, 26.891454575197827 ], [ 75.746024797372229, 26.891458136944777 ], [ 75.74589889355633, 26.891468808130355 ], [ 75.745773985431754, 26.891486546642 ], [ 75.745650565931214, 26.89151128247704 ], [ 75.74552912211351, 26.891542918018899 ], [ 75.74541013324199, 26.891581328422262 ], [ 75.745294068892917, 26.891626362105342 ], [ 75.745181387102946, 26.89167784134878 ], [ 75.745072532562119, 26.891735562995621 ], [ 75.744967934857584, 26.891799299254217 ], [ 75.744868006780223, 26.891868798596306 ], [ 75.744773142694555, 26.891943786749948 ], [ 75.744683716982763, 26.892023967781768 ], [ 75.744600082567445, 26.892109025264062 ], [ 75.744522569518097, 26.892198623524223 ], [ 75.744451483749572, 26.89229240896924 ], [ 75.74438710581336, 26.892390011480188 ], [ 75.744329689791357, 26.89249104587401 ], [ 75.744279462292241, 26.892595113422374 ], [ 75.74423662155732, 26.892701803426235 ], [ 75.744201336677804, 26.892810694835021 ], [ 75.74417374692689, 26.892921357910154 ], [ 75.744153961210316, 26.893033355919272 ], [ 75.744142057635827, 26.893146246860681 ], [ 75.744138083204746, 26.893259585207545 ], [ 75.744142053625922, 26.893372923665424 ], [ 75.744153953253658, 26.893485814939027 ], [ 75.744173735149104, 26.893597813495774 ], [ 75.744201321264541, 26.893708477325504 ], [ 75.744236602751755, 26.893817369684086 ], [ 75.744279440390812, 26.89392406081754 ], [ 75.744329665139446, 26.894028129657841 ], [ 75.744387078799718, 26.894129165485538 ], [ 75.744451454800299, 26.894226769549562 ], [ 75.744522539089814, 26.894320556642356 ], [ 75.744600051139969, 26.894410156619188 ], [ 75.744683685051825, 26.894495215859763 ], [ 75.744773110763447, 26.89457539866379 ], [ 75.744867975352747, 26.894650388575826 ], [ 75.744967904429302, 26.894719889634587 ], [ 75.745072503612846, 26.89478362754113 ], [ 75.745181360089532, 26.894841350741046 ], [ 75.745294044241007, 26.89489283141819 ], [ 75.745410111340391, 26.894937866393377 ], [ 75.745529103307774, 26.894976277926389 ], [ 75.745650550517723, 26.895007914417818 ], [ 75.745773973653797, 26.895032651007512 ], [ 75.745898885599672, 26.895050390066785 ], [ 75.746024793362267, 26.895061061584329 ], [ 75.746151200017891, 26.895064623442863 ] ] ] } },
{ "type": "Feature", "properties": { "OBJECTID": 24.0, "ORIG_FID": 24.0, "OBJECTID_1": 0.0, "osm_id": 0.0, "name": null, "ref": null, "type": null, "oneway": 0.0, "bridge": 0.0, "maxspeed": 0.0, "Shape_Leng": 0.0, "BUFF_DIST": 200.0, "Shape_Le_1": 0.012001253501499999, "Shape_Area": 1.1406901774e-05 }, "geometry": { "type": "Polygon", "coordinates": [ [ [ 75.756572399996458, 26.882206027483846 ], [ 75.756698792344423, 26.882202465619059 ], [ 75.756824685855634, 26.882191794082019 ], [ 75.756949583663129, 26.882174054990742 ], [ 75.757072992829194, 26.882149318356312 ], [ 75.75719442629304, 26.882117681807472 ], [ 75.757313404792114, 26.882079270204656 ], [ 75.757429458754416, 26.882034235147898 ], [ 75.757542130151819, 26.881982754377532 ], [ 75.757650974307523, 26.881925031072967 ], [ 75.757755561652175, 26.881861293050861 ], [ 75.757855479418538, 26.881791791866135 ], [ 75.757950333270912, 26.881716801818015 ], [ 75.75803974886162, 26.88163661886847 ], [ 75.758123373307967, 26.881551559473564 ], [ 75.75820087658559, 26.88146195933416 ], [ 75.758271952830171, 26.881368172071063 ], [ 75.758336321545357, 26.881270567829745 ], [ 75.758393728708256, 26.881169531818557 ], [ 75.758443947773458, 26.881065462789081 ], [ 75.758486780564965, 26.880958771461792 ], [ 75.758522058059896, 26.880849878905337 ], [ 75.758549641054231, 26.880739214874325 ], [ 75.758569420711638, 26.880627216113851 ], [ 75.758581318993834, 26.88051432463476 ], [ 75.758585288966799, 26.880400985970596 ], [ 75.758581314986543, 26.880287647417276 ], [ 75.758569412760494, 26.880174756270378 ], [ 75.758549629284289, 26.880062758057193 ], [ 75.758522042656921, 26.879952094780435 ], [ 75.758486761771849, 26.879843203173039 ], [ 75.758443925886411, 26.879736512974887 ], [ 75.758393704072887, 26.879632445236609 ], [ 75.758336294549849, 26.879531410658387 ], [ 75.758271923900452, 26.879433807969292 ], [ 75.758200846177715, 26.879340022353176 ], [ 75.758123341901637, 26.87925042392942 ], [ 75.758039716951998, 26.879165366291829 ], [ 75.757950301361348, 26.879085185113524 ], [ 75.757855448012151, 26.879010196822946 ], [ 75.757755531244356, 26.878940697353642 ], [ 75.757650945377804, 26.878876960978687 ], [ 75.75754210315614, 26.878819239226345 ], [ 75.757429434119047, 26.878767759888945 ], [ 75.757313382905238, 26.878722726123215 ], [ 75.757194407499867, 26.878684315649707 ], [ 75.757072977426276, 26.878652680049925 ], [ 75.756949571893188, 26.87862794416975 ], [ 75.75682467790449, 26.878610205625591 ], [ 75.756698788337133, 26.878599534420687 ], [ 75.756572399996458, 26.878595972666972 ], [ 75.756446011655726, 26.878599534420687 ], [ 75.756320122088539, 26.878610205625591 ], [ 75.756195228099898, 26.87862794416975 ], [ 75.75607182256681, 26.878652680049925 ], [ 75.755950392493162, 26.878684315649707 ], [ 75.755831417087791, 26.878722726123215 ], [ 75.755715365873982, 26.878767759888945 ], [ 75.755602696836718, 26.878819239226345 ], [ 75.755493854615224, 26.878876960978687 ], [ 75.755389268748729, 26.878940697353642 ], [ 75.755289351980878, 26.879010196822946 ], [ 75.755194498631681, 26.879085185113524 ], [ 75.75510508304103, 26.879165366291829 ], [ 75.755021458091392, 26.87925042392942 ], [ 75.754943953815314, 26.879340022353176 ], [ 75.754872876092406, 26.879433807969292 ], [ 75.754808505443179, 26.879531410658387 ], [ 75.754751095919971, 26.879632445236609 ], [ 75.754700874106447, 26.879736512974887 ], [ 75.75465803822118, 26.879843203173039 ], [ 75.754622757335937, 26.879952094780435 ], [ 75.75459517070874, 26.880062758057193 ], [ 75.754575387232592, 26.880174756270378 ], [ 75.754563485006315, 26.880287647417276 ], [ 75.754559511026287, 26.880400985970596 ], [ 75.754563480999082, 26.88051432463476 ], [ 75.754575379281221, 26.880627216113851 ], [ 75.754595158938798, 26.880739214874325 ], [ 75.754622741933019, 26.880849878905337 ], [ 75.754658019428064, 26.880958771461792 ], [ 75.754700852219571, 26.881065462789081 ], [ 75.754751071284602, 26.881169531818557 ], [ 75.754808478447501, 26.881270567829745 ], [ 75.754872847162687, 26.881368172071063 ], [ 75.754943923407495, 26.88146195933416 ], [ 75.755021426685062, 26.881551559473564 ], [ 75.755105051131466, 26.88163661886847 ], [ 75.755194466721946, 26.881716801818015 ], [ 75.75528932057432, 26.881791791866135 ], [ 75.755389238340854, 26.881861293050861 ], [ 75.755493825685505, 26.881925031072967 ], [ 75.75560266984121, 26.881982754377532 ], [ 75.755715341238613, 26.882034235147898 ], [ 75.755831395200801, 26.882079270204656 ], [ 75.755950373699989, 26.882117681807472 ], [ 75.756071807163835, 26.882149318356312 ], [ 75.7561952163299, 26.882174054990742 ], [ 75.756320114137225, 26.882191794082019 ], [ 75.756446007648663, 26.882202465619059 ], [ 75.756572399996458, 26.882206027483846 ] ] ] } },
{ "type": "Feature", "properties": { "OBJECTID": 25.0, "ORIG_FID": 25.0, "OBJECTID_1": 0.0, "osm_id": 0.0, "name": null, "ref": null, "type": null, "oneway": 0.0, "bridge": 0.0, "maxspeed": 0.0, "Shape_Leng": 0.0, "BUFF_DIST": 200.0, "Shape_Le_1": 0.0120011914985, "Shape_Area": 1.14067930668e-05 }, "geometry": { "type": "Polygon", "coordinates": [ [ [ 75.790810600229065, 26.881105327727767 ], [ 75.790936991352794, 26.881101765862297 ], [ 75.791062883644599, 26.881091094323835 ], [ 75.791187780242183, 26.881073355229717 ], [ 75.791311188212774, 26.881048618591365 ], [ 75.791432620500473, 26.881016982037579 ], [ 75.79155159784699, 26.880978570429079 ], [ 75.79166765068527, 26.880933535365216 ], [ 75.791780320991109, 26.880882054586834 ], [ 75.791889164092709, 26.880824331273232 ], [ 75.791993750424297, 26.880760593241291 ], [ 75.7920936672229, 26.880691092045765 ], [ 75.792188520156571, 26.880616101986107 ], [ 75.792277934881099, 26.880535919024112 ], [ 75.792361558517484, 26.880450859615905 ], [ 75.792439061044547, 26.880361259462632 ], [ 75.792510136600811, 26.880267472184983 ], [ 75.792574504692482, 26.880169867928544 ], [ 75.792631911299566, 26.880068831901553 ], [ 75.792682129878187, 26.879964762855877 ], [ 75.792724962254965, 26.87985807151199 ], [ 75.792760239408267, 26.879749178938596 ], [ 75.792787822135438, 26.87963851489036 ], [ 75.79280760160151, 26.879526516112492 ], [ 75.792819499768598, 26.87941362461595 ], [ 75.792823469703023, 26.87930028593388 ], [ 75.792819495761478, 26.879186947363166 ], [ 75.792807593650707, 26.879074056198476 ], [ 75.792787810366235, 26.878962057967897 ], [ 75.792760224006145, 26.878851394673916 ], [ 75.792724943462872, 26.878742503049466 ], [ 75.792682107992619, 26.878635812834602 ], [ 75.79263188666539, 26.878531745080011 ], [ 75.792574477698565, 26.878430710486157 ], [ 75.792510107672683, 26.878333107781714 ], [ 75.792439030638263, 26.878239322151103 ], [ 75.792361527112917, 26.87814972371325 ], [ 75.792277902973296, 26.878064666062414 ], [ 75.792188488248769, 26.877984484871661 ], [ 75.792093635818333, 26.877909496569146 ], [ 75.79199372001824, 26.877839997089211 ], [ 75.791889135164581, 26.877776260704138 ], [ 75.791780293997192, 26.877718538942702 ], [ 75.791667626051151, 26.877667059597286 ], [ 75.791551575961421, 26.877622025824678 ], [ 75.791432601708379, 26.877583615345088 ], [ 75.791311172810708, 26.87755197974036 ], [ 75.791187768472923, 26.877527243856264 ], [ 75.791062875693797, 26.87750950530949 ], [ 75.790936987345674, 26.877498834102596 ], [ 75.790810600229065, 26.87749527234854 ], [ 75.790684213112513, 26.877498834102596 ], [ 75.79055832476439, 26.87750950530949 ], [ 75.790433431985434, 26.877527243856264 ], [ 75.790310027647479, 26.87755197974036 ], [ 75.790188598749808, 26.877583615345088 ], [ 75.790069624496766, 26.877622025824678 ], [ 75.789953574407036, 26.877667059597286 ], [ 75.789840906460938, 26.877718538942702 ], [ 75.789732065293776, 26.877776260704138 ], [ 75.789627480440117, 26.877839997089211 ], [ 75.789527564640025, 26.877909496569146 ], [ 75.789432712209589, 26.877984484871661 ], [ 75.789343297484891, 26.878064666062414 ], [ 75.789259673345271, 26.87814972371325 ], [ 75.789182169819924, 26.878239322151103 ], [ 75.789111092785674, 26.878333107781714 ], [ 75.789046722759736, 26.878430710486157 ], [ 75.78898931379274, 26.878531745080011 ], [ 75.788939092465739, 26.878635812834602 ], [ 75.788896256995258, 26.878742503049466 ], [ 75.788860976451986, 26.878851394673916 ], [ 75.788833390092122, 26.878962057967897 ], [ 75.788813606807594, 26.879074056198476 ], [ 75.788801704696652, 26.879186947363166 ], [ 75.788797730755164, 26.87930028593388 ], [ 75.78880170068976, 26.87941362461595 ], [ 75.788813598856621, 26.879526516112492 ], [ 75.788833378322693, 26.87963851489036 ], [ 75.78886096104992, 26.879749178938596 ], [ 75.788896238203392, 26.87985807151199 ], [ 75.788939070579943, 26.879964762855877 ], [ 75.788989289158792, 26.880068831901553 ], [ 75.789046695765705, 26.880169867928544 ], [ 75.789111063857376, 26.880267472184983 ], [ 75.789182139413811, 26.880361259462632 ], [ 75.789259641940703, 26.880450859615905 ], [ 75.789343265577088, 26.880535919024112 ], [ 75.789432680301616, 26.880616101986107 ], [ 75.789527533235287, 26.880691092045765 ], [ 75.789627450034004, 26.880760593241291 ], [ 75.789732036365592, 26.880824331273232 ], [ 75.789840879467079, 26.880882054586834 ], [ 75.789953549772861, 26.880933535365216 ], [ 75.79006960261114, 26.880978570429079 ], [ 75.790188579957885, 26.881016982037579 ], [ 75.790310012245413, 26.881048618591365 ], [ 75.790433420216175, 26.881073355229717 ], [ 75.790558316813588, 26.881091094323835 ], [ 75.790684209105564, 26.881101765862297 ], [ 75.790810600229065, 26.881105327727767 ] ] ] } },
{ "type": "Feature", "properties": { "OBJECTID": 26.0, "ORIG_FID": 26.0, "OBJECTID_1": 0.0, "osm_id": 0.0, "name": null, "ref": null, "type": null, "oneway": 0.0, "bridge": 0.0, "maxspeed": 0.0, "Shape_Leng": 0.0, "BUFF_DIST": 200.0, "Shape_Le_1": 0.0120033285162, "Shape_Area": 1.1410539645000001e-05 }, "geometry": { "type": "Polygon", "coordinates": [ [ [ 75.785513599673038, 26.919004317479448 ], [ 75.785640032991978, 26.919000755632965 ], [ 75.785765967312329, 26.918990084151289 ], [ 75.785890905606038, 26.918972345152042 ], [ 75.78601435477583, 26.918947608645908 ], [ 75.786135827602834, 26.918915972261175 ], [ 75.786254844669088, 26.918877560857709 ], [ 75.78637093625025, 26.918832526034521 ], [ 75.786483644169664, 26.918781045531318 ], [ 75.786592523606885, 26.918723322526262 ], [ 75.786697144852781, 26.918659584835041 ], [ 75.786797095006364, 26.9185900840111 ], [ 75.78689197960432, 26.918515094352358 ], [ 75.78698142417727, 26.918434911819361 ], [ 75.787065075728549, 26.918349852866243 ], [ 75.7871426041267, 26.918260253192273 ], [ 75.787213703408156, 26.918166466416778 ], [ 75.78727809298573, 26.918068862682787 ], [ 75.787335518754219, 26.917967827197003 ], [ 75.787385754094544, 26.917863758708791 ], [ 75.787428600767271, 26.917757067936463 ], [ 75.787463889694095, 26.917648175946681 ], [ 75.787491481625807, 26.91753751249189 ], [ 75.787511267691571, 26.917425514314573 ], [ 75.787523169827239, 26.917312623423641 ], [ 75.787527141083785, 26.917199285349966 ], [ 75.787523165812331, 26.917085947387477 ], [ 75.787511259724965, 26.916973056829079 ], [ 75.787491469833299, 26.91686105919996 ], [ 75.787463874261448, 26.916750396500504 ], [ 75.787428581938059, 26.916641505461371 ], [ 75.787385732165774, 26.916534815819887 ], [ 75.787335494071556, 26.916430748625032 ], [ 75.787278065938381, 26.916329714574601 ], [ 75.787213674423015, 26.916232112395278 ], [ 75.78714257366056, 26.916138327269266 ], [ 75.787065044262022, 26.916048729313729 ], [ 75.786981392206599, 26.915963672120824 ], [ 75.786891947633592, 26.91588349136191 ], [ 75.78679706353978, 26.915808503463325 ], [ 75.786697114386641, 26.915739004357647 ], [ 75.786592494621686, 26.915675268316136 ], [ 75.786483617122485, 26.915617546865803 ], [ 75.786370911567587, 26.91556606779784 ], [ 75.786254822740318, 26.915521034268068 ], [ 75.786135808773622, 26.915482623995558 ], [ 75.78601433934341, 26.915450988561361 ], [ 75.785890893813473, 26.915426252810676 ], [ 75.785765959345952, 26.915408514359456 ], [ 75.785640028976843, 26.915397843210314 ], [ 75.785513599673038, 26.915394281475415 ], [ 75.785387170369233, 26.915397843210314 ], [ 75.785261240000295, 26.915408514359456 ], [ 75.785136305532546, 26.915426252810676 ], [ 75.785012860002837, 26.915450988561361 ], [ 75.784891390572454, 26.915482623995558 ], [ 75.784772376605929, 26.915521034268068 ], [ 75.784656287778489, 26.91556606779784 ], [ 75.784543582223534, 26.915617546865803 ], [ 75.784434704724561, 26.915675268316136 ], [ 75.784330084959606, 26.915739004357647 ], [ 75.784230135806297, 26.915808503463325 ], [ 75.784135251712655, 26.91588349136191 ], [ 75.784045807139648, 26.915963672120824 ], [ 75.783962155084225, 26.916048729313729 ], [ 75.783884625685687, 26.916138327269266 ], [ 75.783813524923232, 26.916232112395278 ], [ 75.783749133407696, 26.916329714574601 ], [ 75.783691705274464, 26.916430748625032 ], [ 75.783641467180246, 26.916534815819887 ], [ 75.783598617408018, 26.916641505461371 ], [ 75.783563325084629, 26.916750396500504 ], [ 75.783535729512778, 26.91686105919996 ], [ 75.783515939621054, 26.916973056829079 ], [ 75.783504033533916, 26.917085947387477 ], [ 75.783500058262462, 26.917199285349966 ], [ 75.783504029519008, 26.917312623423641 ], [ 75.783515931654449, 26.917425514314573 ], [ 75.783535717720213, 26.91753751249189 ], [ 75.783563309652152, 26.917648175946681 ], [ 75.783598598578976, 26.917757067936463 ], [ 75.783641445251476, 26.917863758708791 ], [ 75.783691680591858, 26.917967827197003 ], [ 75.783749106360517, 26.918068862682787 ], [ 75.78381349593792, 26.918166466416778 ], [ 75.783884595219547, 26.918260253192273 ], [ 75.783962123617471, 26.918349852866243 ], [ 75.784045775168806, 26.918434911819361 ], [ 75.784135219741756, 26.918515094352358 ], [ 75.784230104339713, 26.9185900840111 ], [ 75.784330054493466, 26.918659584835041 ], [ 75.784434675739362, 26.918723322526262 ], [ 75.784543555176413, 26.918781045531318 ], [ 75.784656263095997, 26.918832526034521 ], [ 75.784772354677159, 26.918877560857709 ], [ 75.784891371743413, 26.918915972261175 ], [ 75.785012844570247, 26.918947608645908 ], [ 75.785136293740038, 26.918972345152042 ], [ 75.78526123203369, 26.918990084151289 ], [ 75.785387166354269, 26.919000755632965 ], [ 75.785513599673038, 26.919004317479448 ] ] ] } },
{ "type": "Feature", "properties": { "OBJECTID": 27.0, "ORIG_FID": 27.0, "OBJECTID_1": 0.0, "osm_id": 0.0, "name": null, "ref": null, "type": null, "oneway": 0.0, "bridge": 0.0, "maxspeed": 0.0, "Shape_Leng": 0.0, "BUFF_DIST": 200.0, "Shape_Le_1": 0.012003577217100001, "Shape_Area": 1.1410975641000001e-05 }, "geometry": { "type": "Polygon", "coordinates": [ [ [ 75.79683639968016, 26.923409816266542 ], [ 75.796962837909291, 26.923406254422218 ], [ 75.797088777120848, 26.923395582947308 ], [ 75.797213720266654, 26.92337784395886 ], [ 75.797337174230847, 26.923353107468188 ], [ 75.797458651775514, 26.923321471103179 ], [ 75.79757767346382, 26.923283059723474 ], [ 75.797693769553746, 26.923238024928423 ], [ 75.797806481850273, 26.923186544456939 ], [ 75.797915365515735, 26.923128821487978 ], [ 75.798019990824685, 26.923065083836377 ], [ 75.798119944859991, 26.922995583055581 ], [ 75.798214833142822, 26.922920593443564 ], [ 75.798304281189303, 26.922840410960362 ], [ 75.798387935989012, 26.922755352060335 ], [ 75.798465467397648, 26.922665752442128 ], [ 75.798536569440159, 26.922571965724899 ], [ 75.798600961518105, 26.922474362051616 ], [ 75.798658389516504, 26.922373326628929 ], [ 75.798708626807411, 26.922269258205574 ], [ 75.798751475143661, 26.922162567499868 ], [ 75.798786765440582, 26.922053675577899 ], [ 75.798814358443508, 26.92194301219206 ], [ 75.79883414527734, 26.921831014084546 ], [ 75.79884604787469, 26.921718123263986 ], [ 75.798850019285055, 26.921604785260968 ], [ 75.798846043858873, 26.921491447369363 ], [ 75.798834137308972, 26.92137855688128 ], [ 75.798814346648328, 26.921266559322362 ], [ 75.798786750004581, 26.921155896691971 ], [ 75.798751456310242, 26.921047005720936 ], [ 75.798708604873696, 26.920940316146243 ], [ 75.798658364828157, 26.920836249016361 ], [ 75.798600934464559, 26.92073521502914 ], [ 75.798536540448424, 26.920637612910923 ], [ 75.79846543692463, 26.920543827843574 ], [ 75.798387904515153, 26.920454229944198 ], [ 75.798304249211128, 26.920369172804556 ], [ 75.798214801164647, 26.920288992095891 ], [ 75.798119913386131, 26.920214004244201 ], [ 75.798019960351667, 26.920144505182236 ], [ 75.797915336523999, 26.920080769180515 ], [ 75.797806454796898, 26.920023047766392 ], [ 75.797693744865398, 26.919971568730602 ], [ 75.797577651530105, 26.919926535229081 ], [ 75.797458632942039, 26.919888124980559 ], [ 75.797337158794846, 26.919856489566257 ], [ 75.797213708471475, 26.919831753831033 ], [ 75.797088769152481, 26.919814015391182 ], [ 75.796962833893474, 26.919803344248635 ], [ 75.79683639968016, 26.919799782515838 ], [ 75.796709965467016, 26.919803344248635 ], [ 75.796584030207953, 26.919814015391182 ], [ 75.796459090889016, 26.919831753831033 ], [ 75.796335640565587, 26.919856489566257 ], [ 75.796214166418451, 26.919888124980559 ], [ 75.796095147830385, 26.919926535229081 ], [ 75.795979054495092, 26.919971568730602 ], [ 75.795866344563535, 26.920023047766392 ], [ 75.795757462836434, 26.920080769180515 ], [ 75.795652839008824, 26.920144505182236 ], [ 75.795552885974132, 26.920214004244201 ], [ 75.795457998195786, 26.920288992095891 ], [ 75.795368550149135, 26.920369172804556 ], [ 75.795284894845111, 26.920454229944198 ], [ 75.79520736243586, 26.920543827843574 ], [ 75.795136258912066, 26.920637612910923 ], [ 75.795071864895704, 26.92073521502914 ], [ 75.795014434532163, 26.920836249016361 ], [ 75.794964194486795, 26.920940316146243 ], [ 75.794921343050248, 26.921047005720936 ], [ 75.794886049355853, 26.921155896691971 ], [ 75.794858452711992, 26.921266559322362 ], [ 75.794838662051461, 26.92137855688128 ], [ 75.794826755501617, 26.921491447369363 ], [ 75.794822780075378, 26.921604785260968 ], [ 75.79482675148563, 26.921718123263986 ], [ 75.794838654083094, 26.921831014084546 ], [ 75.794858440916812, 26.92194301219206 ], [ 75.794886033919852, 26.922053675577899 ], [ 75.794921324216773, 26.922162567499868 ], [ 75.794964172553023, 26.922269258205574 ], [ 75.795014409843986, 26.922373326628929 ], [ 75.795071837842329, 26.922474362051616 ], [ 75.795136229920161, 26.922571965724899 ], [ 75.795207331962615, 26.922665752442128 ], [ 75.795284863371307, 26.922755352060335 ], [ 75.795368518171188, 26.922840410960362 ], [ 75.795457966217668, 26.922920593443564 ], [ 75.795552854500329, 26.922995583055581 ], [ 75.795652808535579, 26.923065083836377 ], [ 75.795757433844528, 26.923128821487978 ], [ 75.795866317510161, 26.923186544456939 ], [ 75.795979029806745, 26.923238024928423 ], [ 75.796095125896613, 26.923283059723474 ], [ 75.796214147584976, 26.923321471103179 ], [ 75.796335625129586, 26.923353107468188 ], [ 75.796459079093609, 26.92337784395886 ], [ 75.796584022239585, 26.923395582947308 ], [ 75.796709961451029, 26.923406254422218 ], [ 75.79683639968016, 26.923409816266542 ] ] ] } },
{ "type": "Feature", "properties": { "OBJECTID": 28.0, "ORIG_FID": 28.0, "OBJECTID_1": 0.0, "osm_id": 0.0, "name": null, "ref": null, "type": null, "oneway": 0.0, "bridge": 0.0, "maxspeed": 0.0, "Shape_Leng": 0.0, "BUFF_DIST": 200.0, "Shape_Le_1": 0.0120038321391, "Shape_Area": 1.1411422538499999e-05 }, "geometry": { "type": "Polygon", "coordinates": [ [ [ 75.807052100074543, 26.927924415380289 ], [ 75.807178543336818, 26.927920853538239 ], [ 75.807304487561453, 26.927910182070093 ], [ 75.807429435680888, 26.927892443093072 ], [ 75.807552894559365, 26.927867706617974 ], [ 75.807674376939417, 26.927836070273031 ], [ 75.807793403365849, 26.927797658918053 ], [ 75.807909504076918, 26.927752624151594 ], [ 75.808022220860039, 26.927701143712966 ], [ 75.808131108859811, 26.927643420780612 ], [ 75.808235738333224, 26.927579683169654 ], [ 75.808335696347228, 26.927510182433309 ], [ 75.808430588406907, 26.92743519286887 ], [ 75.808520040013775, 26.927355010436997 ], [ 75.808603698143258, 26.927269951590972 ], [ 75.808681232637809, 26.92718035202995 ], [ 75.808752337510384, 26.927086565372576 ], [ 75.808816732150945, 26.926988961761708 ], [ 75.808874162435075, 26.926887926403481 ], [ 75.808924401725335, 26.92678385804652 ], [ 75.808967251766717, 26.926677167408911 ], [ 75.809002543468011, 26.926568275556576 ], [ 75.809030137569039, 26.926457612241393 ], [ 75.809049925190038, 26.926345614205502 ], [ 75.809061828260724, 26.92623272345719 ], [ 75.809065799828886, 26.926119385526704 ], [ 75.809061824244054, 26.926006047707574 ], [ 75.809049917219681, 26.925893157291966 ], [ 75.809030125771017, 26.925781159804444 ], [ 75.809002528028259, 26.925670497245108 ], [ 75.808967232928978, 26.925561606343649 ], [ 75.808924379786447, 26.925454916837396 ], [ 75.808874137740872, 26.925350849774304 ], [ 75.808816705091317, 26.925249815851771 ], [ 75.808752308511714, 26.925152213796252 ], [ 75.808681202157459, 26.9250584287891 ], [ 75.808603666661952, 26.92496883094708 ], [ 75.808520008028154, 26.92488377386195 ], [ 75.808430556421115, 26.924803593204842 ], [ 75.808335664866092, 26.924728605401299 ], [ 75.8082357078531, 26.924659106383956 ], [ 75.808131079861141, 26.924595370423219 ], [ 75.808022193800241, 26.924537649046215 ], [ 75.807909479382886, 26.924486170043508 ], [ 75.807793381426791, 26.924441136570863 ], [ 75.807674358101679, 26.924402726347068 ], [ 75.807552879119612, 26.924371090953059 ], [ 75.807429423883036, 26.924346355233808 ], [ 75.807304479591323, 26.924328616805099 ], [ 75.807178539319921, 26.924317945669657 ], [ 75.807052100074543, 26.924314383939191 ], [ 75.806925660829165, 26.924317945669657 ], [ 75.80679972055799, 26.924328616805099 ], [ 75.806674776266277, 26.924346355233808 ], [ 75.806551321029474, 26.924371090953059 ], [ 75.806429842047578, 26.924402726347068 ], [ 75.806310818722352, 26.924441136570863 ], [ 75.806194720766371, 26.924486170043508 ], [ 75.806082006348845, 26.924537649046215 ], [ 75.805973120287945, 26.924595370423219 ], [ 75.805868492296213, 26.924659106383956 ], [ 75.805768535283221, 26.924728605401299 ], [ 75.805673643727971, 26.924803593204842 ], [ 75.805584192120989, 26.92488377386195 ], [ 75.805500533487191, 26.92496883094708 ], [ 75.805422997991627, 26.9250584287891 ], [ 75.805351891637599, 26.925152213796252 ], [ 75.805287495057939, 26.925249815851771 ], [ 75.805230062408214, 26.925350849774304 ], [ 75.805179820362639, 26.925454916837396 ], [ 75.805136967220278, 26.925561606343649 ], [ 75.805101672120827, 26.925670497245108 ], [ 75.805074074378069, 26.925781159804444 ], [ 75.805054282929405, 26.925893157291966 ], [ 75.805042375905259, 26.926006047707574 ], [ 75.805038400320427, 26.926119385526704 ], [ 75.805042371888362, 26.92623272345719 ], [ 75.805054274959275, 26.926345614205502 ], [ 75.805074062580218, 26.926457612241393 ], [ 75.805101656681074, 26.926568275556576 ], [ 75.805136948382369, 26.926677167408911 ], [ 75.805179798423751, 26.92678385804652 ], [ 75.805230037714182, 26.926887926403481 ], [ 75.805287467998198, 26.926988961761708 ], [ 75.805351862638759, 26.927086565372576 ], [ 75.805422967511277, 26.92718035202995 ], [ 75.805500502005884, 26.927269951590972 ], [ 75.805584160135368, 26.927355010436997 ], [ 75.80567361174235, 26.92743519286887 ], [ 75.805768503801914, 26.927510182433309 ], [ 75.805868461815862, 26.927579683169654 ], [ 75.805973091289275, 26.927643420780612 ], [ 75.806081979289047, 26.927701143712966 ], [ 75.806194696072339, 26.927752624151594 ], [ 75.806310796783464, 26.927797658918053 ], [ 75.806429823209669, 26.927836070273031 ], [ 75.806551305589721, 26.927867706617974 ], [ 75.806674764468255, 26.927892443093072 ], [ 75.806799712587633, 26.927910182070093 ], [ 75.806925656812268, 26.927920853538239 ], [ 75.807052100074543, 26.927924415380289 ] ] ] } },
{ "type": "Feature", "properties": { "OBJECTID": 29.0, "ORIG_FID": 29.0, "OBJECTID_1": 0.0, "osm_id": 0.0, "name": null, "ref": null, "type": null, "oneway": 0.0, "bridge": 0.0, "maxspeed": 0.0, "Shape_Leng": 0.0, "BUFF_DIST": 200.0, "Shape_Le_1": 0.012005920797000001, "Shape_Area": 1.14150839361e-05 }, "geometry": { "type": "Polygon", "coordinates": [ [ [ 75.846125700440837, 26.964872106100529 ], [ 75.846252184938749, 26.964868544277181 ], [ 75.846378170236108, 26.964857872864627 ], [ 75.846503159103577, 26.964840133980147 ], [ 75.846626658244077, 26.964815397634027 ], [ 75.846748180241491, 26.9647837614541 ], [ 75.846867245484134, 26.964745350299324 ], [ 75.846983384057239, 26.964700315767629 ], [ 75.847096137598498, 26.964648835597643 ], [ 75.847205061107445, 26.964591112966559 ], [ 75.847309724701176, 26.964527375688135 ], [ 75.847409715311642, 26.964457875314338 ], [ 75.847504638315456, 26.964382886141607 ], [ 75.847594119092037, 26.964302704128045 ], [ 75.847677804501416, 26.964217645726308 ], [ 75.847755364278839, 26.964128046633334 ], [ 75.847826492336935, 26.964034260465894 ], [ 75.847890907974772, 26.963936657365196 ], [ 75.847948356984546, 26.96383562253493 ], [ 75.847998612655488, 26.963731554722074 ], [ 75.848041476667561, 26.963624864642497 ], [ 75.848076779874475, 26.963515973359847 ], [ 75.84810438297086, 26.963405310623841 ], [ 75.8481241770412, 26.96329331317412 ], [ 75.848136083990426, 26.963180423016979 ], [ 75.848140056850525, 26.963067085680109 ], [ 75.848136079965911, 26.962953748454822 ], [ 75.848124169055779, 26.962840858630784 ], [ 75.848104371150043, 26.962728861730454 ], [ 75.848076764405107, 26.962618199751319 ], [ 75.848041457793386, 26.962509309421193 ], [ 75.847998590674308, 26.96240262047462 ], [ 75.847948332243107, 26.962298553957794 ], [ 75.847890880862906, 26.96219752056561 ], [ 75.847826463282502, 26.962099919022592 ], [ 75.847755333739883, 26.962006134508044 ], [ 75.847677772959685, 26.961916537136915 ], [ 75.847594087044797, 26.961831480498745 ], [ 75.847504606268387, 26.961751300262961 ], [ 75.847409683769911, 26.961676312853797 ], [ 75.847309694162391, 26.961606814201787 ], [ 75.847205032053012, 26.961543078576312 ], [ 75.847096110486859, 26.961485357502909 ], [ 75.846983359315573, 26.961433878771061 ], [ 75.846867223503011, 26.961388845535396 ], [ 75.846748161367543, 26.961350435513737 ], [ 75.846626642774652, 26.961318800286335 ], [ 75.846503147282817, 26.961294064697142 ], [ 75.846378162250687, 26.961276326361883 ], [ 75.846252180914234, 26.961265655282375 ], [ 75.846125700440837, 26.961262093570724 ], [ 75.845999219967609, 26.961265655282375 ], [ 75.845873238631157, 26.961276326361883 ], [ 75.845748253598856, 26.961294064697142 ], [ 75.845624758107022, 26.961318800286335 ], [ 75.845503239514301, 26.961350435513737 ], [ 75.845384177378662, 26.961388845535396 ], [ 75.845268041566044, 26.961433878771061 ], [ 75.845155290394985, 26.961485357502909 ], [ 75.845046368828662, 26.961543078576312 ], [ 75.844941706719453, 26.961606814201787 ], [ 75.844841717111933, 26.961676312853797 ], [ 75.844746794613457, 26.961751300262961 ], [ 75.844657313837047, 26.961831480498745 ], [ 75.844573627922159, 26.961916537136915 ], [ 75.84449606714179, 26.962006134508044 ], [ 75.844424937599342, 26.962099919022592 ], [ 75.844360520018711, 26.96219752056561 ], [ 75.844303068638737, 26.962298553957794 ], [ 75.844252810207536, 26.96240262047462 ], [ 75.844209943088231, 26.962509309421193 ], [ 75.844174636476737, 26.962618199751319 ], [ 75.844147029731573, 26.962728861730454 ], [ 75.844127231826064, 26.962840858630784 ], [ 75.844115320915762, 26.962953748454822 ], [ 75.844111344031319, 26.963067085680109 ], [ 75.844115316891248, 26.963180423016979 ], [ 75.844127223840474, 26.96329331317412 ], [ 75.844147017910984, 26.963405310623841 ], [ 75.844174621007369, 26.963515973359847 ], [ 75.844209924214283, 26.963624864642497 ], [ 75.844252788226356, 26.963731554722074 ], [ 75.844303043897071, 26.96383562253493 ], [ 75.844360492907072, 26.963936657365196 ], [ 75.844424908544738, 26.964034260465894 ], [ 75.844496036603005, 26.964128046633334 ], [ 75.844573596380428, 26.964217645726308 ], [ 75.844657281789807, 26.964302704128045 ], [ 75.844746762566388, 26.964382886141607 ], [ 75.844841685570032, 26.964457875314338 ], [ 75.844941676180497, 26.964527375688135 ], [ 75.845046339774228, 26.964591112966559 ], [ 75.845155263283175, 26.964648835597643 ], [ 75.845268016824605, 26.964700315767629 ], [ 75.84538415539771, 26.964745350299324 ], [ 75.845503220640126, 26.9647837614541 ], [ 75.845624742637767, 26.964815397634027 ], [ 75.845748241778267, 26.964840133980147 ], [ 75.845873230645566, 26.964857872864627 ], [ 75.845999215943095, 26.964868544277181 ], [ 75.846125700440837, 26.964872106100529 ] ] ] } },
{ "type": "Feature", "properties": { "OBJECTID": 30.0, "ORIG_FID": 30.0, "OBJECTID_1": 0.0, "osm_id": 0.0, "name": null, "ref": null, "type": null, "oneway": 0.0, "bridge": 0.0, "maxspeed": 0.0, "Shape_Leng": 0.0, "BUFF_DIST": 200.0, "Shape_Le_1": 0.012006110862600001, "Shape_Area": 1.14154171035e-05 }, "geometry": { "type": "Polygon", "coordinates": [ [ [ 75.772184799788761, 26.968230605435338 ], [ 75.772311288038907, 26.968227043613751 ], [ 75.77243727707372, 26.9682163722062 ], [ 75.772562269648802, 26.968198633330019 ], [ 75.77268577245303, 26.968173896995836 ], [ 75.772807298055568, 26.968142260830689 ], [ 75.772926366830006, 26.96810384969416 ], [ 75.773042508848278, 26.968058815184008 ], [ 75.773155265734431, 26.968007335038351 ], [ 75.773264192474585, 26.967949612434609 ], [ 75.77336885917299, 26.967885875186369 ], [ 75.773468852749659, 26.967816374845597 ], [ 75.773563778569041, 26.967741385708393 ], [ 75.773653261999982, 26.96766120373303 ], [ 75.773736949891656, 26.967576145371595 ], [ 75.773814511969647, 26.967486546321311 ], [ 75.773885642137543, 26.967392760198436 ], [ 75.773950059686001, 26.967295157143894 ], [ 75.774007510399827, 26.967194122361775 ], [ 75.774057767561146, 26.967090054598486 ], [ 75.774100632844522, 26.966983364569558 ], [ 75.774135937098436, 26.966874473338805 ], [ 75.774163541013365, 26.966763810655323 ], [ 75.774183335670614, 26.966651813259091 ], [ 75.77419524297278, 26.966538923155611 ], [ 75.774199215950318, 26.966425585872742 ], [ 75.774195238947584, 26.966312248701456 ], [ 75.774183327683772, 26.966199358931192 ], [ 75.774163529190616, 26.966087362084238 ], [ 75.774135921626396, 26.965976700158024 ], [ 75.774100613967221, 26.965867809879683 ], [ 75.774057745576215, 26.965761120984098 ], [ 75.774007485653954, 26.965657054516839 ], [ 75.77395003256953, 26.965556021173029 ], [ 75.773885613078107, 26.965458419676736 ], [ 75.773814481425518, 26.965364635206925 ], [ 75.773736918344412, 26.965275037878428 ], [ 75.773653229947229, 26.965189981281128 ], [ 75.773563746516459, 26.965109801083713 ], [ 75.773468821202414, 26.965034813710247 ], [ 75.773368828628918, 26.964965315091661 ], [ 75.773264163415149, 26.964901579496541 ], [ 75.773155238618017, 26.96484385845082 ], [ 75.773042484102575, 26.964792379743642 ], [ 75.772926344845075, 26.96474734652935 ], [ 75.772807279178039, 26.964708936526165 ], [ 75.772685756980934, 26.964677301313827 ], [ 75.772562257826223, 26.964652565736515 ], [ 75.772437269086709, 26.964634827409611 ], [ 75.772311284013654, 26.964624156335276 ], [ 75.772184799788761, 26.964620594625444 ], [ 75.772058315564095, 26.964624156335276 ], [ 75.77193233049087, 26.964634827409611 ], [ 75.771807341751526, 26.964652565736515 ], [ 75.771683842596588, 26.964677301313827 ], [ 75.771562320399482, 26.964708936526165 ], [ 75.771443254732503, 26.96474734652935 ], [ 75.771327115475174, 26.964792379743642 ], [ 75.771214360959561, 26.96484385845082 ], [ 75.771105436162372, 26.964901579496541 ], [ 75.77100077094866, 26.964965315091661 ], [ 75.770900778375335, 26.965034813710247 ], [ 75.77080585306112, 26.965109801083713 ], [ 75.77071636963035, 26.965189981281128 ], [ 75.770632681233167, 26.965275037878428 ], [ 75.770555118152231, 26.965364635206925 ], [ 75.770483986499471, 26.965458419676736 ], [ 75.770419567008048, 26.965556021173029 ], [ 75.770362113923625, 26.965657054516839 ], [ 75.770311854001363, 26.965761120984098 ], [ 75.770268985610358, 26.965867809879683 ], [ 75.770233677951182, 26.965976700158024 ], [ 75.770206070387133, 26.966087362084238 ], [ 75.770186271893976, 26.966199358931192 ], [ 75.770174360630165, 26.966312248701456 ], [ 75.770170383627431, 26.966425585872742 ], [ 75.770174356604741, 26.966538923155611 ], [ 75.770186263906908, 26.966651813259091 ], [ 75.770206058564384, 26.966763810655323 ], [ 75.770233662479086, 26.966874473338805 ], [ 75.770268966733056, 26.966983364569558 ], [ 75.770311832016432, 26.967090054598486 ], [ 75.770362089177695, 26.967194122361775 ], [ 75.770419539891577, 26.967295157143894 ], [ 75.770483957440035, 26.967392760198436 ], [ 75.770555087607931, 26.967486546321311 ], [ 75.770632649685922, 26.967576145371595 ], [ 75.770716337577767, 26.96766120373303 ], [ 75.770805821008537, 26.967741385708393 ], [ 75.77090074682792, 26.967816374845597 ], [ 75.771000740404531, 26.967885875186369 ], [ 75.771105407102993, 26.967949612434609 ], [ 75.771214333843147, 26.968007335038351 ], [ 75.771327090729301, 26.968058815184008 ], [ 75.771443232747572, 26.96810384969416 ], [ 75.771562301522181, 26.968142260830689 ], [ 75.771683827124548, 26.968173896995836 ], [ 75.771807329928777, 26.968198633330019 ], [ 75.771932322503858, 26.9682163722062 ], [ 75.772058311538672, 26.968227043613751 ], [ 75.772184799788761, 26.968230605435338 ] ] ] } },
{ "type": "Feature", "properties": { "OBJECTID": 31.0, "ORIG_FID": 31.0, "OBJECTID_1": 0.0, "osm_id": 0.0, "name": null, "ref": null, "type": null, "oneway": 0.0, "bridge": 0.0, "maxspeed": 0.0, "Shape_Leng": 0.0, "BUFF_DIST": 200.0, "Shape_Le_1": 0.0120032974771, "Shape_Area": 1.1410485230300001e-05 }, "geometry": { "type": "Polygon", "coordinates": [ [ [ 75.806643399573375, 26.918454418161502 ], [ 75.806769832279485, 26.918450856314905 ], [ 75.806895765989509, 26.918440184832491 ], [ 75.807020703677608, 26.918422445831652 ], [ 75.807144152248952, 26.918397709323699 ], [ 75.807265624487115, 26.918366072936522 ], [ 75.807384640976579, 26.918327661530043 ], [ 75.807500731994992, 26.918282626703501 ], [ 75.807613439368197, 26.918231146196149 ], [ 75.807722318277627, 26.918173423186659 ], [ 75.807826939016365, 26.918109685490492 ], [ 75.807926888685699, 26.918040184661209 ], [ 75.808021772823565, 26.917965194996611 ], [ 75.808111216963141, 26.917885012457418 ], [ 75.808194868109069, 26.917799953497706 ], [ 75.808272396131315, 26.917710353816801 ], [ 75.808343495068357, 26.917616567033861 ], [ 75.808407884333633, 26.917518963292423 ], [ 75.80846530982393, 26.917417927798624 ], [ 75.808515544920908, 26.917313859302453 ], [ 75.808558391385816, 26.917207168521941 ], [ 75.808593680141712, 26.917098276523575 ], [ 75.808621271939899, 26.916987613060144 ], [ 75.808641057909711, 26.916875614874129 ], [ 75.808652959987626, 26.9167627239745 ], [ 75.808656931225016, 26.916649385891901 ], [ 75.808652955972889, 26.916536047920545 ], [ 75.808641049943503, 26.916423157353279 ], [ 75.808621260147731, 26.916311159715406 ], [ 75.808593664709633, 26.916200497007424 ], [ 75.808558372557286, 26.916091605959821 ], [ 75.808515522992707, 26.915984916310151 ], [ 75.808465285142006, 26.915880849107111 ], [ 75.808407857287364, 26.915779815048666 ], [ 75.808343466083898, 26.915682212861725 ], [ 75.808272365666085, 26.915588427728437 ], [ 75.808194836643395, 26.915498829765966 ], [ 75.808111184993322, 26.915413772566296 ], [ 75.808021740853803, 26.915333591801186 ], [ 75.807926857220025, 26.915258603896746 ], [ 75.807826908551135, 26.915189104785725 ], [ 75.807722289293167, 26.915125368739098 ], [ 75.8076134123217, 26.915067647284275 ], [ 75.807500707313181, 26.915016168212219 ], [ 75.807384619048321, 26.914971134678865 ], [ 75.807265605658586, 26.9149327244034 ], [ 75.807144136817044, 26.914901088966701 ], [ 75.807020691885441, 26.914876353214083 ], [ 75.806895758023245, 26.914858614761613 ], [ 75.806769828264521, 26.914847943611562 ], [ 75.806643399573375, 26.914844381876321 ], [ 75.806516970882228, 26.914847943611562 ], [ 75.806391041123675, 26.914858614761613 ], [ 75.806266107261479, 26.914876353214083 ], [ 75.806142662329876, 26.914901088966701 ], [ 75.806021193488334, 26.9149327244034 ], [ 75.805902180098428, 26.914971134678865 ], [ 75.805786091833738, 26.915016168212219 ], [ 75.805673386825049, 26.915067647284275 ], [ 75.805564509853582, 26.915125368739098 ], [ 75.805459890595785, 26.915189104785725 ], [ 75.805359941926895, 26.915258603896746 ], [ 75.805265058293003, 26.915333591801186 ], [ 75.805175614153598, 26.915413772566296 ], [ 75.805091962503525, 26.915498829765966 ], [ 75.805014433480892, 26.915588427728437 ], [ 75.804943333062852, 26.915682212861725 ], [ 75.804878941859556, 26.915779815048666 ], [ 75.804821514004743, 26.915880849107111 ], [ 75.804771276154042, 26.915984916310151 ], [ 75.804728426589634, 26.916091605959821 ], [ 75.804693134437173, 26.916200497007424 ], [ 75.804665538999018, 26.916311159715406 ], [ 75.804645749203473, 26.916423157353279 ], [ 75.804633843174031, 26.916536047920545 ], [ 75.804629867921903, 26.916649385891901 ], [ 75.804633839159123, 26.9167627239745 ], [ 75.804645741237209, 26.916875614874129 ], [ 75.804665527206851, 26.916987613060144 ], [ 75.804693119005208, 26.917098276523575 ], [ 75.80472840776099, 26.917207168521941 ], [ 75.804771254225841, 26.917313859302453 ], [ 75.804821489322819, 26.917417927798624 ], [ 75.804878914813116, 26.917518963292423 ], [ 75.80494330407862, 26.917616567033861 ], [ 75.805014403015491, 26.917710353816801 ], [ 75.80509193103785, 26.917799953497706 ], [ 75.805175582183608, 26.917885012457418 ], [ 75.805265026323184, 26.917965194996611 ], [ 75.80535991046122, 26.918040184661209 ], [ 75.805459860130384, 26.918109685490492 ], [ 75.805564480869293, 26.918173423186659 ], [ 75.805673359778552, 26.918231146196149 ], [ 75.805786067151814, 26.918282626703501 ], [ 75.80590215817034, 26.918327661530043 ], [ 75.806021174659634, 26.918366072936522 ], [ 75.806142646897797, 26.918397709323699 ], [ 75.806266095469311, 26.918422445831652 ], [ 75.80639103315724, 26.918440184832491 ], [ 75.806516966867491, 26.918450856314905 ], [ 75.806643399573375, 26.918454418161502 ] ] ] } },
{ "type": "Feature", "properties": { "OBJECTID": 32.0, "ORIG_FID": 32.0, "OBJECTID_1": 0.0, "osm_id": 0.0, "name": null, "ref": null, "type": null, "oneway": 0.0, "bridge": 0.0, "maxspeed": 0.0, "Shape_Leng": 0.0, "BUFF_DIST": 200.0, "Shape_Le_1": 0.012003261060200001, "Shape_Area": 1.14104213875e-05 }, "geometry": { "type": "Polygon", "coordinates": [ [ [ 75.820559599745877, 26.917809217711124 ], [ 75.820686031732862, 26.917805655864129 ], [ 75.820811964726886, 26.917794984380691 ], [ 75.820936901704442, 26.917777245378431 ], [ 75.82106034957377, 26.917752508868148 ], [ 75.821181821121058, 26.917720872477958 ], [ 75.821300836933574, 26.917682461068068 ], [ 75.821416927291864, 26.917637426237434 ], [ 75.821529634024159, 26.917585945725307 ], [ 75.821638512314394, 26.9175282227107 ], [ 75.821743132458209, 26.917464485008622 ], [ 75.821843081559109, 26.917394984172972 ], [ 75.821937965157531, 26.917319994501611 ], [ 75.822027408788529, 26.917239811955142 ], [ 75.822111059458564, 26.917154752987642 ], [ 75.822188587040046, 26.917065153298552 ], [ 75.822259685572817, 26.916971366507255 ], [ 75.822324074472021, 26.916873762756722 ], [ 75.82238149963581, 26.916772727253942 ], [ 75.82243173444715, 26.916668658748108 ], [ 75.822474580668484, 26.916561967957875 ], [ 75.822509869223666, 26.916453075949562 ], [ 75.822537460865021, 26.916342412475956 ], [ 75.822557246722397, 26.916230414279823 ], [ 75.822569148732612, 26.916117523369735 ], [ 75.822573119947435, 26.916004185276847 ], [ 75.822569144718045, 26.915890847295202 ], [ 75.82255723875636, 26.915777956717591 ], [ 75.822537449073195, 26.915665959069429 ], [ 75.822509853792099, 26.915555296351329 ], [ 75.822474561840522, 26.915446405293551 ], [ 75.822431712519801, 26.915339715634161 ], [ 75.822381474954796, 26.915235648421515 ], [ 75.822324047426605, 26.915134614354031 ], [ 75.822259656589267, 26.915037012158166 ], [ 75.822188556575895, 26.914943227016238 ], [ 75.822111027993969, 26.914853629045581 ], [ 75.822027376819619, 26.914768571838067 ], [ 75.821937933188792, 26.914688391065681 ], [ 75.821843050094515, 26.914613403154306 ], [ 75.821743101994059, 26.914543904036918 ], [ 75.821638483331014, 26.91448016798455 ], [ 75.821529606978629, 26.914422446524441 ], [ 75.821416902610849, 26.91437096744761 ], [ 75.821300815006225, 26.914325933910163 ], [ 75.821181802293097, 26.914287523630946 ], [ 75.821060334142203, 26.914255888191406 ], [ 75.820936889912616, 26.914231152436457 ], [ 75.820811956760792, 26.914213413982395 ], [ 75.820686027718125, 26.914202742831492 ], [ 75.820559599745877, 26.914199181095853 ], [ 75.820433171773573, 26.914202742831492 ], [ 75.820307242731133, 26.914213413982395 ], [ 75.820182309579309, 26.914231152436457 ], [ 75.820058865349495, 26.914255888191406 ], [ 75.819937397198771, 26.914287523630946 ], [ 75.819818384485643, 26.914325933910163 ], [ 75.819702296881076, 26.91437096744761 ], [ 75.819589592513125, 26.914422446524441 ], [ 75.819480716160911, 26.91448016798455 ], [ 75.819376097497809, 26.914543904036918 ], [ 75.819276149397353, 26.914613403154306 ], [ 75.819181266303076, 26.914688391065681 ], [ 75.819091822672135, 26.914768571838067 ], [ 75.819008171497785, 26.914853629045581 ], [ 75.818930642915973, 26.914943227016238 ], [ 75.818859542902487, 26.915037012158166 ], [ 75.818795152065263, 26.915134614354031 ], [ 75.818737724537129, 26.915235648421515 ], [ 75.818687486972067, 26.915339715634161 ], [ 75.818644637651346, 26.915446405293551 ], [ 75.81860934569977, 26.915555296351329 ], [ 75.818581750418502, 26.915665959069429 ], [ 75.818561960735565, 26.915777956717591 ], [ 75.818550054773823, 26.915890847295202 ], [ 75.818546079544262, 26.916004185276847 ], [ 75.818550050759086, 26.916117523369735 ], [ 75.818561952769471, 26.916230414279823 ], [ 75.818581738626904, 26.916342412475956 ], [ 75.818609330268202, 26.916453075949562 ], [ 75.818644618823384, 26.916561967957875 ], [ 75.818687465044718, 26.916668658748108 ], [ 75.818737699856058, 26.916772727253942 ], [ 75.818795125019733, 26.916873762756722 ], [ 75.818859513919051, 26.916971366507255 ], [ 75.818930612451823, 26.917065153298552 ], [ 75.819008140033134, 26.917154752987642 ], [ 75.819091790703396, 26.917239811955142 ], [ 75.819181234334167, 26.917319994501611 ], [ 75.819276117932759, 26.917394984172972 ], [ 75.819376067033488, 26.917464485008622 ], [ 75.819480687177304, 26.9175282227107 ], [ 75.819589565467709, 26.917585945725307 ], [ 75.819702272199834, 26.917637426237434 ], [ 75.819818362558124, 26.917682461068068 ], [ 75.81993737837081, 26.917720872477958 ], [ 75.820058849918098, 26.917752508868148 ], [ 75.820182297787483, 26.917777245378431 ], [ 75.820307234765039, 26.917794984380691 ], [ 75.820433167759006, 26.917805655864129 ], [ 75.820559599745877, 26.917809217711124 ] ] ] } },
{ "type": "Feature", "properties": { "OBJECTID": 33.0, "ORIG_FID": 33.0, "OBJECTID_1": 0.0, "osm_id": 0.0, "name": null, "ref": null, "type": null, "oneway": 0.0, "bridge": 0.0, "maxspeed": 0.0, "Shape_Leng": 0.0, "BUFF_DIST": 200.0, "Shape_Le_1": 0.0120032156707, "Shape_Area": 1.1410341814700001e-05 }, "geometry": { "type": "Polygon", "coordinates": [ [ [ 75.729487999971298, 26.917005018062923 ], [ 75.729614431062146, 26.91700145621536 ], [ 75.729740363163501, 26.916990784730899 ], [ 75.72986529925538, 26.916973045726479 ], [ 75.72998874624966, 26.91694830921341 ], [ 75.730110216936168, 26.916916672819809 ], [ 75.730229231905071, 26.916878261405486 ], [ 75.730345321440552, 26.916833226569508 ], [ 75.730458027373857, 26.916781746051697 ], [ 75.730566904892441, 26.916724023030497 ], [ 75.730671524294792, 26.91666028532137 ], [ 75.730771472687138, 26.916590784477705 ], [ 75.730866355613159, 26.916515794797988 ], [ 75.730955798610012, 26.91643561224231 ], [ 75.731039448687284, 26.916350553264976 ], [ 75.731116975719374, 26.916260953565768 ], [ 75.731188073748172, 26.916167166763842 ], [ 75.73125246219098, 26.916069563002281 ], [ 75.731309886947884, 26.915968527487962 ], [ 75.731360121403213, 26.915864458970248 ], [ 75.731402967320946, 26.915757768167907 ], [ 75.731438255626017, 26.915648876147372 ], [ 75.731465847071945, 26.915538212661147 ], [ 75.731485632789031, 26.915426214452054 ], [ 75.731497534715061, 26.91531332352929 ], [ 75.731501505901974, 26.915199985423271 ], [ 75.731497530700665, 26.915086647428836 ], [ 75.731485624823335, 26.914973756838435 ], [ 75.731465835280517, 26.914861759177541 ], [ 75.731438240195189, 26.914751096446651 ], [ 75.731402948493724, 26.914642205376595 ], [ 75.731360099476547, 26.914535515705097 ], [ 75.731309862267665, 26.91443144848057 ], [ 75.7312524351467, 26.91433041440132 ], [ 75.731188044765815, 26.914232812194484 ], [ 75.731116945256247, 26.91413902704187 ], [ 75.731039417223883, 26.914049429060753 ], [ 75.730955766642523, 26.913964371843633 ], [ 75.730866323645671, 26.913884191061982 ], [ 75.730771441223737, 26.913809203142137 ], [ 75.730671493831721, 26.913739704016734 ], [ 75.730566875910256, 26.91367596795709 ], [ 75.73045800032952, 26.913618246490387 ], [ 75.73034529676039, 26.913566767407701 ], [ 75.730229209978461, 26.913521733864968 ], [ 75.730110198108946, 26.913483323581431 ], [ 75.729988730818832, 26.913451688138366 ], [ 75.729865287464065, 26.913426952380576 ], [ 75.729740355197805, 26.913409213924353 ], [ 75.729614427047579, 26.913398542772256 ], [ 75.729487999971298, 26.913394981036276 ], [ 75.729361572895016, 26.913398542772256 ], [ 75.729235644744961, 26.913409213924353 ], [ 75.729110712478473, 26.913426952380576 ], [ 75.728987269123763, 26.913451688138366 ], [ 75.72886580183382, 26.913483323581431 ], [ 75.728746789964134, 26.913521733864968 ], [ 75.728630703182148, 26.913566767407701 ], [ 75.728517999613189, 26.913618246490387 ], [ 75.728409124032453, 26.91367596795709 ], [ 75.728304506111044, 26.913739704016734 ], [ 75.728204558718971, 26.913809203142137 ], [ 75.728109676297095, 26.913884191061982 ], [ 75.728020233300072, 26.913964371843633 ], [ 75.727936582718655, 26.914049429060753 ], [ 75.727859054686292, 26.91413902704187 ], [ 75.727787955176723, 26.914232812194484 ], [ 75.727723564796065, 26.91433041440132 ], [ 75.727666137674873, 26.91443144848057 ], [ 75.727615900465992, 26.914535515705097 ], [ 75.727573051449042, 26.914642205376595 ], [ 75.727537759747577, 26.914751096446651 ], [ 75.727510164662078, 26.914861759177541 ], [ 75.72749037511926, 26.914973756838435 ], [ 75.727478469242101, 26.915086647428836 ], [ 75.727474494040791, 26.915199985423271 ], [ 75.727478465227534, 26.91531332352929 ], [ 75.727490367153564, 26.915426214452054 ], [ 75.727510152870764, 26.915538212661147 ], [ 75.727537744316692, 26.915648876147372 ], [ 75.727573032621819, 26.915757768167907 ], [ 75.727615878539552, 26.915864458970248 ], [ 75.727666112994882, 26.915968527487962 ], [ 75.727723537751558, 26.916069563002281 ], [ 75.727787926194594, 26.916167166763842 ], [ 75.727859024223392, 26.916260953565768 ], [ 75.727936551255311, 26.916350553264976 ], [ 75.728020201332583, 26.91643561224231 ], [ 75.72810964432955, 26.916515794797988 ], [ 75.728204527255457, 26.916590784477705 ], [ 75.728304475647917, 26.91666028532137 ], [ 75.728409095050324, 26.916724023030497 ], [ 75.728517972568682, 26.916781746051697 ], [ 75.728630678502157, 26.916833226569508 ], [ 75.728746768037695, 26.916878261405486 ], [ 75.728865783006597, 26.916916672819809 ], [ 75.728987253692878, 26.91694830921341 ], [ 75.729110700687215, 26.916973045726479 ], [ 75.729235636779265, 26.916990784730899 ], [ 75.72936156888062, 26.91700145621536 ], [ 75.729487999971298, 26.917005018062923 ] ] ] } },
{ "type": "Feature", "properties": { "OBJECTID": 34.0, "ORIG_FID": 34.0, "OBJECTID_1": 0.0, "osm_id": 0.0, "name": null, "ref": null, "type": null, "oneway": 0.0, "bridge": 0.0, "maxspeed": 0.0, "Shape_Leng": 0.0, "BUFF_DIST": 200.0, "Shape_Le_1": 0.012004625557199999, "Shape_Area": 1.14128134305e-05 }, "geometry": { "type": "Polygon", "coordinates": [ [ [ 75.782274499768448, 26.941968511742402 ], [ 75.782400958695348, 26.941964949907458 ], [ 75.782526918522819, 26.941954278460457 ], [ 75.78265188212157, 26.941936539518622 ], [ 75.782775356294849, 26.941911803092523 ], [ 75.782896853724765, 26.941880166810336 ], [ 75.783015894896494, 26.941841755531357 ], [ 75.783132009990766, 26.941796720854029 ], [ 75.783244740737643, 26.941745240517605 ], [ 75.7833536422267, 26.94168751769962 ], [ 75.78345828466189, 26.941623780215139 ], [ 75.783558255058438, 26.941554279616469 ], [ 75.783653158873221, 26.941479290201073 ], [ 75.783742621561146, 26.941399107927964 ], [ 75.783826290053696, 26.941314049250934 ], [ 75.783903834152682, 26.941224449867718 ], [ 75.783974947832974, 26.941130663396507 ], [ 75.784039350450087, 26.941033059979418 ], [ 75.784096787847659, 26.940932024821734 ], [ 75.784147033360682, 26.940827956671569 ], [ 75.78418988870925, 26.940721266245987 ], [ 75.784225184781292, 26.940612374610225 ], [ 75.784252782299518, 26.94050171151514 ], [ 75.784272572370412, 26.940389713702018 ], [ 75.784284476914593, 26.940276823178408 ], [ 75.784288448973371, 26.940163485473306 ], [ 75.78428447289491, 26.940050147879958 ], [ 75.784272564394428, 26.93993725768911 ], [ 75.784252770492799, 26.939825260424811 ], [ 75.784225169330341, 26.9397145980858 ], [ 75.784189869857698, 26.939605707401597 ], [ 75.784147011405594, 26.939499018107938 ], [ 75.784096763135494, 26.939394951252325 ], [ 75.784039323370564, 26.939293917531415 ], [ 75.783974918813158, 26.939196315670586 ], [ 75.783903803650162, 26.939102530850676 ], [ 75.783826258549482, 26.939012933187541 ], [ 75.783742589552105, 26.93892787627243 ], [ 75.783653126864181, 26.938847695775337 ], [ 75.783558223554223, 26.938772708121746 ], [ 75.783458254159143, 26.938703209243101 ], [ 75.783353613206884, 26.938639473409751 ], [ 75.783244713658121, 26.938581752148195 ], [ 75.783131985278601, 26.938530273248318 ], [ 75.783015872941633, 26.93848523986577 ], [ 75.782896834873156, 26.938446829718714 ], [ 75.782775340843955, 26.938415194388085 ], [ 75.782651870315021, 26.938390458718231 ], [ 75.782526910546778, 26.938372720325049 ], [ 75.782400954675666, 26.938362049210923 ], [ 75.782274499768448, 26.938358487487562 ], [ 75.782148044861287, 26.938362049210923 ], [ 75.782022088990345, 26.938372720325049 ], [ 75.781897129222102, 26.938390458718231 ], [ 75.781773658692998, 26.938415194388085 ], [ 75.781652164663797, 26.938446829718714 ], [ 75.78153312659532, 26.93848523986577 ], [ 75.781417014258295, 26.938530273248318 ], [ 75.781304285878775, 26.938581752148195 ], [ 75.781195386330239, 26.938639473409751 ], [ 75.78109074537781, 26.938703209243101 ], [ 75.78099077598273, 26.938772708121746 ], [ 75.780895872672772, 26.938847695775337 ], [ 75.780806409984848, 26.93892787627243 ], [ 75.780722740987471, 26.939012933187541 ], [ 75.780645195886791, 26.939102530850676 ], [ 75.780574080723795, 26.939196315670586 ], [ 75.780509676166389, 26.939293917531415 ], [ 75.780452236401402, 26.939394951252325 ], [ 75.780401988131359, 26.939499018107938 ], [ 75.780359129679255, 26.939605707401597 ], [ 75.780323830206612, 26.9397145980858 ], [ 75.780296229044154, 26.939825260424811 ], [ 75.780276435142525, 26.93993725768911 ], [ 75.780264526642213, 26.940050147879958 ], [ 75.780260550563582, 26.940163485473306 ], [ 75.780264522622304, 26.940276823178408 ], [ 75.780276427166541, 26.940389713702018 ], [ 75.780296217237606, 26.94050171151514 ], [ 75.780323814755661, 26.940612374610225 ], [ 75.780359110827703, 26.940721266245987 ], [ 75.780401966176271, 26.940827956671569 ], [ 75.780452211689294, 26.940932024821734 ], [ 75.780509649086866, 26.941033059979418 ], [ 75.780574051703979, 26.941130663396507 ], [ 75.780645165384271, 26.941224449867718 ], [ 75.7807227094832, 26.941314049250934 ], [ 75.780806377975978, 26.941399107927964 ], [ 75.780895840663732, 26.941479290201073 ], [ 75.780990744478515, 26.941554279616469 ], [ 75.781090714875234, 26.941623780215139 ], [ 75.781195357310253, 26.94168751769962 ], [ 75.78130425879931, 26.941745240517605 ], [ 75.781416989546187, 26.941796720854029 ], [ 75.781533104640403, 26.941841755531357 ], [ 75.781652145812188, 26.941880166810336 ], [ 75.781773643242104, 26.941911803092523 ], [ 75.781897117415383, 26.941936539518622 ], [ 75.782022081014304, 26.941954278460457 ], [ 75.782148040841605, 26.941964949907458 ], [ 75.782274499768448, 26.941968511742402 ] ] ] } },
{ "type": "Feature", "properties": { "OBJECTID": 1.0, "ORIG_FID": 1.0, "OBJECTID_1": 1291.0, "osm_id": 200670475.0, "name": "Sikar Road", "ref": null, "type": "primary", "oneway": 1.0, "bridge": 0.0, "maxspeed": 60.0, "Shape_Leng": 0.0166706042782, "BUFF_DIST": 400.0, "Shape_Le_1": 0.0240155649278, "Shape_Area": 4.5681444824700002e-05 }, "geometry": { "type": "Polygon", "coordinates": [ [ [ 75.773574270077631, 26.982221161974621 ], [ 75.773753766916741, 26.982217578197208 ], [ 75.773932907347387, 26.982206833980854 ], [ 75.774111335669147, 26.982188950659406 ], [ 75.774288697595864, 26.982163963741584 ], [ 75.774464640959195, 26.982131922841518 ], [ 75.774638816408753, 26.982092891579043 ], [ 75.774810878105029, 26.982046947454251 ], [ 75.774980484406967, 26.981994181693437 ], [ 75.775147298550451, 26.981934699067153 ], [ 75.775310989316324, 26.981868617683062 ], [ 75.775471231689266, 26.981796068750839 ], [ 75.775627707502736, 26.981717196321767 ], [ 75.775780106070613, 26.981632157002707 ], [ 75.775928124804807, 26.98154111964493 ], [ 75.77607146981552, 26.981444265008463 ], [ 75.7762098564952, 26.981341785403572 ], [ 75.776343010083281, 26.98123388430929 ], [ 75.776470666212504, 26.981120775967554 ], [ 75.776592571432843, 26.981002684960174 ], [ 75.776708483715424, 26.980879845760398 ], [ 75.776818172932963, 26.980752502269127 ], [ 75.776921421316331, 26.980620907329694 ], [ 75.777018023886683, 26.980485322225491 ], [ 75.777107788863304, 26.980346016162116 ], [ 75.77719053804276, 26.980203265731802 ], [ 75.777266107154219, 26.980057354364533 ], [ 75.777334346184148, 26.979908571765293 ], [ 75.777395119674168, 26.979757213338871 ], [ 75.777448306990777, 26.979603579602781 ], [ 75.777493802563413, 26.979447975591313 ], [ 75.777531516094768, 26.979290710249074 ], [ 75.777561372739001, 26.979132095817931 ], [ 75.777583313250489, 26.978972447217132 ], [ 75.777597294101952, 26.978812081417743 ], [ 75.777603287569036, 26.978651316813796 ], [ 75.777601281786303, 26.978490472589442 ], [ 75.777591280770253, 26.978329868085552 ], [ 75.77757330441068, 26.97816982216608 ], [ 75.777547388431458, 26.978010652584032 ], [ 75.777513584319195, 26.977852675351869 ], [ 75.777471959220293, 26.977696204113045 ], [ 75.777422595807934, 26.977541549519913 ], [ 75.777365592117633, 26.977389018617146 ], [ 75.777301061351977, 26.97723891423135 ], [ 75.777229131656384, 26.977091534371198 ], [ 75.777149945863698, 26.976947171634492 ], [ 75.777063661210491, 26.976806112628083 ], [ 75.776970449025669, 26.9766686373992 ], [ 75.776870494388731, 26.976535018878678 ], [ 75.776763995763702, 26.97640552233986 ], [ 75.776651164603663, 26.976280404871659 ], [ 75.776532224931316, 26.976159914868788 ], [ 75.776407412895082, 26.976044291537789 ], [ 75.776276976298277, 26.97593376442336 ], [ 75.776141174109227, 26.975828552951668 ], [ 75.776000275945478, 26.975728865995734 ], [ 75.775854561539461, 26.975634901459841 ], [ 75.775704320182854, 26.975546845887777 ], [ 75.775549850152117, 26.975464874091813 ], [ 75.775391458116985, 26.975389148806585 ], [ 75.775229458531157, 26.975319820364746 ], [ 75.775064173008445, 26.975257026400243 ], [ 75.774895929684135, 26.975200891573309 ], [ 75.774725062564016, 26.975151527325181 ], [ 75.774551910861476, 26.975109031654881 ], [ 75.774376818323674, 26.975073488926114 ], [ 75.774200132549879, 26.975044969699184 ], [ 75.774022204301616, 26.975023530591045 ], [ 75.773843386805822, 26.975009214163208 ], [ 75.773664035054821, 26.975002048836927 ], [ 75.773484505100498, 26.975002048836927 ], [ 75.77330515334944, 26.975009214163208 ], [ 75.773126335853703, 26.975023530591045 ], [ 75.772948407605384, 26.975044969699184 ], [ 75.772771721831646, 26.975073488926114 ], [ 75.772596629293844, 26.975109031654881 ], [ 75.772423477591303, 26.975151527325181 ], [ 75.772252610471355, 26.975200891573309 ], [ 75.772084367147045, 26.975257026400243 ], [ 75.771919081624333, 26.975319820364746 ], [ 75.771757082038334, 26.975389148806585 ], [ 75.771598690003202, 26.975464874091813 ], [ 75.771444219972636, 26.975546845887777 ], [ 75.771293978615859, 26.975634901459841 ], [ 75.771148264209842, 26.975728865995734 ], [ 75.771007366046092, 26.975828552951668 ], [ 75.770871563857042, 26.97593376442336 ], [ 75.770741127260408, 26.976044291537789 ], [ 75.770616315224004, 26.976159914868788 ], [ 75.770497375551827, 26.976280404871659 ], [ 75.770384544391561, 26.97640552233986 ], [ 75.770278045766531, 26.976535018878678 ], [ 75.770178091129651, 26.9766686373992 ], [ 75.770084878944829, 26.976806112628083 ], [ 75.769998594291792, 26.976947171634492 ], [ 75.769919408498936, 26.977091534371198 ], [ 75.769847478803342, 26.97723891423135 ], [ 75.769782948037687, 26.977389018617146 ], [ 75.769725944347556, 26.977541549519913 ], [ 75.769676580935197, 26.977696204113045 ], [ 75.769634955836068, 26.977852675351869 ], [ 75.769601151723862, 26.978010652584032 ], [ 75.769575235744639, 26.97816982216608 ], [ 75.769557259385238, 26.978329868085552 ], [ 75.769547258369016, 26.978490472589442 ], [ 75.769545252586454, 26.978651316813796 ], [ 75.769551246053368, 26.978812081417743 ], [ 75.769565226904831, 26.978972447217132 ], [ 75.769587167416489, 26.979132095817931 ], [ 75.769617024060551, 26.979290710249074 ], [ 75.769654737591907, 26.979447975591313 ], [ 75.769700233164542, 26.979603579602781 ], [ 75.769753420481095, 26.979757213338871 ], [ 75.769814193971342, 26.979908571765293 ], [ 75.769882433001101, 26.980057354364533 ], [ 75.76995800211256, 26.980203265731802 ], [ 75.770040751292186, 26.980346016162116 ], [ 75.77013051626858, 26.980485322225491 ], [ 75.770227118839159, 26.980620907329694 ], [ 75.770330367222357, 26.980752502269127 ], [ 75.770440056439895, 26.980879845760398 ], [ 75.770555968722476, 26.981002684960174 ], [ 75.770677873942986, 26.981120775967554 ], [ 75.770805530072039, 26.98123388430929 ], [ 75.77093868366012, 26.981341785403572 ], [ 75.7710770703398, 26.981444265008463 ], [ 75.771220415350513, 26.98154111964493 ], [ 75.771368434084707, 26.981632157002707 ], [ 75.771520832652755, 26.981717196321767 ], [ 75.771677308466053, 26.981796068750839 ], [ 75.771837550838995, 26.981868617683062 ], [ 75.772001241605039, 26.981934699067153 ], [ 75.772168055748296, 26.981994181693437 ], [ 75.77233766205029, 26.982046947454251 ], [ 75.772509723746566, 26.982092891579043 ], [ 75.772683899196124, 26.982131922841518 ], [ 75.772859842559456, 26.982163963741584 ], [ 75.773037204486172, 26.982188950659406 ], [ 75.773215632807933, 26.982206833980854 ], [ 75.773394773238579, 26.982217578197208 ], [ 75.773574270077631, 26.982221161974621 ] ] ] } },
{ "type": "Feature", "properties": { "OBJECTID": 2.0, "ORIG_FID": 2.0, "OBJECTID_1": 1291.0, "osm_id": 200670475.0, "name": "Sikar Road", "ref": null, "type": "primary", "oneway": 1.0, "bridge": 0.0, "maxspeed": 60.0, "Shape_Leng": 0.0166706042782, "BUFF_DIST": 400.0, "Shape_Le_1": 0.024016448397400001, "Shape_Area": 4.5684542737099998e-05 }, "geometry": { "type": "Polygon", "coordinates": [ [ [ 75.773156850482962, 26.990018507979187 ], [ 75.773336359695406, 26.990014924205752 ], [ 75.773515512474773, 26.990004180001108 ], [ 75.773693953095972, 26.989986296699328 ], [ 75.773871327248685, 26.989961309808905 ], [ 75.774047282740298, 26.989929268943854 ], [ 75.774221470196039, 26.989890237724182 ], [ 75.774393543752694, 26.98984429364981 ], [ 75.774563161745959, 26.98979152794692 ], [ 75.774729987387786, 26.989732045385836 ], [ 75.774893689437022, 26.98966596407422 ], [ 75.775053942855379, 26.989593415221577 ], [ 75.775210429454376, 26.989514542879135 ], [ 75.775362838526917, 26.989429503653355 ], [ 75.775510867463595, 26.989338466395452 ], [ 75.775654222354547, 26.989241611865339 ], [ 75.775792618572439, 26.989139132373111 ], [ 75.775925781337833, 26.989031231397291 ], [ 75.776053446265394, 26.988918123179928 ], [ 75.776175359887532, 26.988800032302379 ], [ 75.776291280158944, 26.988677193237777 ], [ 75.776400976935918, 26.988549849886624 ], [ 75.776504232434661, 26.988418255091858 ], [ 75.776600841662457, 26.988282670137039 ], [ 75.776690612824723, 26.988143364227085 ], [ 75.776773367706426, 26.988000613954 ], [ 75.77684894202514, 26.987854702747484 ], [ 75.776917185756702, 26.987705920312408 ], [ 75.776977963433978, 26.987554562052821 ], [ 75.777031154414829, 26.987400928486295 ], [ 75.777076653121526, 26.987245324646608 ], [ 75.777114369250228, 26.987088059477912 ], [ 75.77714422795043, 26.986929445221961 ], [ 75.777166169972304, 26.986769796797716 ], [ 75.777180151785387, 26.986609431175793 ], [ 75.777186145663677, 26.986448666749652 ], [ 75.777184139740768, 26.986287822703275 ], [ 75.777174138033388, 26.986127218377192 ], [ 75.77715616043298, 26.985967172634844 ], [ 75.777130242665862, 26.985808003229351 ], [ 75.777096436221996, 26.985650026172152 ], [ 75.777054808252331, 26.985493555106871 ], [ 75.777005441436245, 26.98533890068552 ], [ 75.776948433815562, 26.985186369951862 ], [ 75.776883898600886, 26.985036265732901 ], [ 75.776811963946386, 26.984888886036345 ], [ 75.7767327726948, 26.984744523460051 ], [ 75.776646482093668, 26.984603464610643 ], [ 75.776553263483549, 26.984465989534499 ], [ 75.776453301956849, 26.984332371162679 ], [ 75.77634679599106, 26.984202874767902 ], [ 75.776233957053932, 26.984077757438968 ], [ 75.776115009183854, 26.983957267570247 ], [ 75.775990188545222, 26.983841644368226 ], [ 75.77585974295863, 26.983731117376919 ], [ 75.775723931410141, 26.98362590602261 ], [ 75.77558302353583, 26.983526219177691 ], [ 75.775437299087457, 26.983432254746617 ], [ 75.77528704737648, 26.983344199272778 ], [ 75.775132566700222, 26.983262227568332 ], [ 75.774974163749562, 26.98318650236763 ], [ 75.774812152999516, 26.983117174003269 ], [ 75.774646856086292, 26.98305438010857 ], [ 75.774478601167687, 26.982998245344504 ], [ 75.774307722272624, 26.982948881151401 ], [ 75.774134558637741, 26.982906385528565 ], [ 75.773959454034014, 26.982870842839418 ], [ 75.773782756084415, 26.982842323644434 ], [ 75.773604815574799, 26.982820884560169 ], [ 75.773425985756489, 26.982806568148419 ], [ 75.77324662164591, 26.982799402830153 ], [ 75.773067079320185, 26.982799402830153 ], [ 75.772887715209606, 26.982806568148419 ], [ 75.772708885391239, 26.982820884560169 ], [ 75.772530944881623, 26.982842323644434 ], [ 75.772354246932025, 26.982870842839418 ], [ 75.772179142328127, 26.982906385528565 ], [ 75.772005978693244, 26.982948881151401 ], [ 75.771835099798238, 26.982998245344504 ], [ 75.771666844879803, 26.98305438010857 ], [ 75.771501547966579, 26.983117174003269 ], [ 75.771339537216477, 26.98318650236763 ], [ 75.771181134265646, 26.983262227568332 ], [ 75.771026653589558, 26.983344199272778 ], [ 75.770876401878581, 26.983432254746617 ], [ 75.770730677430265, 26.983526219177691 ], [ 75.770589769555897, 26.98362590602261 ], [ 75.770453958007408, 26.983731117376919 ], [ 75.770323512420816, 26.983841644368226 ], [ 75.770198691782014, 26.983957267570247 ], [ 75.770079743911992, 26.984077757438968 ], [ 75.769966904974865, 26.984202874767902 ], [ 75.76986039900919, 26.984332371162679 ], [ 75.769760437482489, 26.984465989534499 ], [ 75.769667218872257, 26.984603464610643 ], [ 75.769580928271296, 26.984744523460051 ], [ 75.769501737019652, 26.984888886036345 ], [ 75.769429802365153, 26.985036265732901 ], [ 75.769365267150476, 26.985186369951862 ], [ 75.769308259529794, 26.98533890068552 ], [ 75.769258892713765, 26.985493555106871 ], [ 75.769217264744043, 26.985650026172152 ], [ 75.769183458300006, 26.985808003229351 ], [ 75.769157540532888, 26.985967172634844 ], [ 75.76913956293248, 26.986127218377192 ], [ 75.769129561225327, 26.986287822703275 ], [ 75.769127555302418, 26.986448666749652 ], [ 75.769133549180538, 26.986609431175793 ], [ 75.769147530993735, 26.986769796797716 ], [ 75.769169473015609, 26.986929445221961 ], [ 75.769199331715697, 26.987088059477912 ], [ 75.76923704784457, 26.987245324646608 ], [ 75.76928254655121, 26.987400928486295 ], [ 75.769335737532117, 26.987554562052821 ], [ 75.769396515209394, 26.987705920312408 ], [ 75.769464758940956, 26.987854702747484 ], [ 75.769540333259499, 26.988000613954 ], [ 75.769623088141373, 26.988143364227085 ], [ 75.769712859303581, 26.988282670137039 ], [ 75.769809468531435, 26.988418255091858 ], [ 75.769912724030121, 26.988549849886624 ], [ 75.770022420807152, 26.988677193237777 ], [ 75.770138341078393, 26.988800032302379 ], [ 75.770260254700531, 26.988918123179928 ], [ 75.770387919628035, 26.989031231397291 ], [ 75.770521082393657, 26.989139132373111 ], [ 75.770659478611492, 26.989241611865339 ], [ 75.770802833502501, 26.989338466395452 ], [ 75.770950862439179, 26.989429503653355 ], [ 75.771103271511549, 26.989514542879135 ], [ 75.771259758110659, 26.989593415221577 ], [ 75.771420011529017, 26.98966596407422 ], [ 75.771583713578138, 26.989732045385836 ], [ 75.771750539220136, 26.98979152794692 ], [ 75.771920157213174, 26.98984429364981 ], [ 75.772092230769999, 26.989890237724182 ], [ 75.772266418225797, 26.989929268943854 ], [ 75.772442373717354, 26.989961309808905 ], [ 75.772619747870067, 26.989986296699328 ], [ 75.772798188491265, 26.990004180001108 ], [ 75.772977341270632, 26.990014924205752 ], [ 75.773156850482962, 26.990018507979187 ] ] ] } },
{ "type": "Feature", "properties": { "OBJECTID": 3.0, "ORIG_FID": 3.0, "OBJECTID_1": 8655.0, "osm_id": 375269976.0, "name": "Sikar Road", "ref": "NH52", "type": "trunk", "oneway": 1.0, "bridge": 0.0, "maxspeed": 0.0, "Shape_Leng": 0.019155618452199999, "BUFF_DIST": 400.0, "Shape_Le_1": 0.024018736311299999, "Shape_Area": 4.5692565111199998e-05 }, "geometry": { "type": "Polygon", "coordinates": [ [ [ 75.7704772107586, 27.010195818347825 ], [ 75.770656752012826, 27.010192234584508 ], [ 75.770835936770197, 27.010181490410446 ], [ 75.771014409242525, 27.010163607159313 ], [ 75.771191815055602, 27.010138620339944 ], [ 75.771367801954227, 27.010106579565786 ], [ 75.771542020501556, 27.010067548456959 ], [ 75.771714124772302, 27.010021604513042 ], [ 75.771883773040884, 27.009968838959651 ], [ 75.772050628459624, 27.009909356567505 ], [ 75.772214359727627, 27.009843275443473 ], [ 75.772374641749252, 27.009770726796887 ], [ 75.772531156278944, 27.009691854678465 ], [ 75.772683592553733, 27.00960681569444 ], [ 75.772831647910891, 27.009515778695175 ], [ 75.772975028387407, 27.009418924440411 ], [ 75.773113449305697, 27.009316445239676 ], [ 75.773246635837211, 27.00920854457064 ], [ 75.773374323548978, 27.009095436675125 ], [ 75.773496258928446, 27.00897734613352 ], [ 75.773612199886998, 27.008854507418675 ], [ 75.773721916240333, 27.00872716443007 ], [ 75.773825190165212, 27.0085955700103 ], [ 75.773921816632594, 27.008459985441789 ], [ 75.77401160381379, 27.008320679928886 ], [ 75.774094373461821, 27.008177930062914 ], [ 75.774169961264874, 27.008032019272832 ], [ 75.774238217172297, 27.007883237262263 ], [ 75.774299005692626, 27.007731879435028 ], [ 75.774352206162291, 27.007578246307332 ], [ 75.774397712984751, 27.007422642912275 ], [ 75.774435435840189, 27.007265378193154 ], [ 75.774465299864346, 27.007106764390869 ], [ 75.774487245797559, 27.006947116423305 ], [ 75.774501230100896, 27.006786751260563 ], [ 75.774507225043919, 27.006625987294683 ], [ 75.774505218758122, 27.006465143709136 ], [ 75.774495215260686, 27.006304539843427 ], [ 75.77447723444709, 27.006144494559919 ], [ 75.774451312049678, 27.005985325610993 ], [ 75.774417499567619, 27.005827349007291 ], [ 75.774375864164256, 27.005670878391243 ], [ 75.774326488533518, 27.005516224414009 ], [ 75.77426947073468, 27.005363694118728 ], [ 75.774204923998923, 27.005213590331209 ], [ 75.774132976502983, 27.005066211058363 ], [ 75.774053771115121, 27.004921848897368 ], [ 75.773967465111184, 27.004780790453879 ], [ 75.773874229862145, 27.004643315773478 ], [ 75.773774250493545, 27.004509697786432 ], [ 75.77366772551818, 27.004380201764718 ], [ 75.773554866441827, 27.004255084796512 ], [ 75.773435897342722, 27.004134595275048 ], [ 75.773311054427325, 27.00401897240647 ], [ 75.77318058556051, 27.003908445733998 ], [ 75.773044749774499, 27.003803234683289 ], [ 75.772903816753683, 27.003703548125998 ], [ 75.772758066299673, 27.003609583966124 ], [ 75.772607787775655, 27.00352152874666 ], [ 75.77245327953176, 27.003439557279023 ], [ 75.77229484831372, 27.003363832296998 ], [ 75.772132808653112, 27.003294504132839 ], [ 75.771967482242985, 27.003231710419811 ], [ 75.771799197299799, 27.003175575817977 ], [ 75.771628287912392, 27.003126211767551 ], [ 75.771455093377426, 27.003083716267611 ], [ 75.771279957527383, 27.003048173681293 ], [ 75.77110322804765, 27.003019654568561 ], [ 75.770925255785812, 27.002998215546427 ], [ 75.770746394056857, 27.002983899175945 ], [ 75.770566997940364, 27.002976733878427 ], [ 75.770387423576835, 27.002976733878427 ], [ 75.770208027460399, 27.002983899175945 ], [ 75.770029165731387, 27.002998215546427 ], [ 75.769851193469776, 27.003019654568561 ], [ 75.769674463989816, 27.003048173681293 ], [ 75.76949932813983, 27.003083716267611 ], [ 75.769326133604864, 27.003126211767551 ], [ 75.7691552242174, 27.003175575817977 ], [ 75.768986939274441, 27.003231710419811 ], [ 75.768821612864258, 27.003294504132839 ], [ 75.768659573203479, 27.003363832296998 ], [ 75.768501141985439, 27.003439557279023 ], [ 75.768346633741771, 27.00352152874666 ], [ 75.768196355217526, 27.003609583966124 ], [ 75.768050604763516, 27.003703548125998 ], [ 75.7679096717427, 27.003803234683289 ], [ 75.767773835956746, 27.003908445733998 ], [ 75.767643367089931, 27.00401897240647 ], [ 75.767518524174534, 27.004134595275048 ], [ 75.767399555075428, 27.004255084796512 ], [ 75.767286695999019, 27.004380201764718 ], [ 75.76718017102371, 27.004509697786432 ], [ 75.767080191655282, 27.004643315773478 ], [ 75.766986956406072, 27.004780790453879 ], [ 75.766900650402135, 27.004921848897368 ], [ 75.766821445014273, 27.005066211058363 ], [ 75.766749497518276, 27.005213590331209 ], [ 75.766684950782519, 27.005363694118728 ], [ 75.766627932983852, 27.005516224414009 ], [ 75.766578557353, 27.005670878391243 ], [ 75.76653692194958, 27.005827349007291 ], [ 75.766503109467692, 27.005985325610993 ], [ 75.766477187070166, 27.006144494559919 ], [ 75.766459206256513, 27.006304539843427 ], [ 75.766449202759304, 27.006465143709136 ], [ 75.76644719647328, 27.006625987294683 ], [ 75.76645319141636, 27.006786751260563 ], [ 75.766467175719811, 27.006947116423305 ], [ 75.76648912165291, 27.007106764390869 ], [ 75.766518985677237, 27.007265378193154 ], [ 75.766556708532619, 27.007422642912275 ], [ 75.766602215354965, 27.007578246307332 ], [ 75.766655415824744, 27.007731879435028 ], [ 75.766716204344903, 27.007883237262263 ], [ 75.766784460252495, 27.008032019272832 ], [ 75.766860048055548, 27.008177930062914 ], [ 75.76694281770358, 27.008320679928886 ], [ 75.767032604884662, 27.008459985441789 ], [ 75.767129231351987, 27.0085955700103 ], [ 75.767232505277093, 27.00872716443007 ], [ 75.767342221630201, 27.008854507418675 ], [ 75.767458162588923, 27.00897734613352 ], [ 75.767580097968391, 27.009095436675125 ], [ 75.767707785679988, 27.00920854457064 ], [ 75.767840972211673, 27.009316445239676 ], [ 75.767979393129792, 27.009418924440411 ], [ 75.768122773606535, 27.009515778695175 ], [ 75.768270828963466, 27.00960681569444 ], [ 75.768423265238482, 27.009691854678465 ], [ 75.768579779768174, 27.009770726796887 ], [ 75.768740061789572, 27.009843275443473 ], [ 75.768903793057746, 27.009909356567505 ], [ 75.769070648476486, 27.009968838959651 ], [ 75.769240296745068, 27.010021604513042 ], [ 75.769412401015813, 27.010067548456959 ], [ 75.769586619562972, 27.010106579565786 ], [ 75.769762606461654, 27.010138620339944 ], [ 75.769940012274844, 27.010163607159313 ], [ 75.770118484747059, 27.010181490410446 ], [ 75.770297669504544, 27.010192234584508 ], [ 75.7704772107586, 27.010195818347825 ] ] ] } },
{ "type": "Feature", "properties": { "OBJECTID": 4.0, "ORIG_FID": 4.0, "OBJECTID_1": 8655.0, "osm_id": 375269976.0, "name": "Sikar Road", "ref": "NH52", "type": "trunk", "oneway": 1.0, "bridge": 0.0, "maxspeed": 0.0, "Shape_Leng": 0.019155618452199999, "BUFF_DIST": 400.0, "Shape_Le_1": 0.02401963248, "Shape_Area": 4.5695707346600003e-05 }, "geometry": { "type": "Polygon", "coordinates": [ [ [ 75.769191615234149, 27.018093154859002 ], [ 75.76937116903855, 27.018089571099551 ], [ 75.769550366321312, 27.01807882693754 ], [ 75.769728851269008, 27.018060943706132 ], [ 75.769906269483045, 27.018035956914503 ], [ 75.770082268683325, 27.018003916176042 ], [ 75.770256499408617, 27.017964885110587 ], [ 75.770428615709363, 27.017918941217602 ], [ 75.770598275836392, 27.017866175723043 ], [ 75.770765142918151, 27.017806693396949 ], [ 75.770928885630894, 27.017740612346472 ], [ 75.771089178855789, 27.017668063780548 ], [ 75.771245704325338, 27.017589191749892 ], [ 75.771398151255084, 27.01750415286034 ], [ 75.771546216960587, 27.017413115962313 ], [ 75.771689607458597, 27.017316261815381 ], [ 75.771828038051638, 27.017213782728675 ], [ 75.771961233891773, 27.017105882179919 ], [ 75.772088930527616, 27.016992774410369 ], [ 75.772210874429163, 27.016874684000356 ], [ 75.772326823490744, 27.016751845422334 ], [ 75.772436547511518, 27.016624502575837 ], [ 75.772539828653748, 27.016492908302723 ], [ 75.77263646187356, 27.016357323885643 ], [ 75.772726255329076, 27.01621801852832 ], [ 75.772809030760925, 27.01607526882168 ], [ 75.772884623845471, 27.015929358194455 ], [ 75.772952884521999, 27.01578057635038 ], [ 75.773013677289441, 27.015629218692084 ], [ 75.773066881475756, 27.015475585736283 ], [ 75.773112391476843, 27.015319982515337 ], [ 75.773150116966974, 27.01516271797226 ], [ 75.773179983076545, 27.015004104347611 ], [ 75.773201930541745, 27.014844456558933 ], [ 75.773215915820629, 27.014684091575759 ], [ 75.773221911180599, 27.014523327790357 ], [ 75.773219904752466, 27.014362484385117 ], [ 75.77320990055432, 27.014201880699545 ], [ 75.773191918481928, 27.014041835595833 ], [ 75.773165994270869, 27.013882666825566 ], [ 75.773132179423783, 27.013724690399329 ], [ 75.773090541108786, 27.013568219959154 ], [ 75.773041162025379, 27.013413566155805 ], [ 75.772984140240226, 27.013261036032134 ], [ 75.772919588991783, 27.013110932413554 ], [ 75.772847636466054, 27.012963553306918 ], [ 75.77276842554113, 27.012819191308324 ], [ 75.772682113504175, 27.012678133023769 ], [ 75.772588871737867, 27.012540658498324 ], [ 75.772488885381051, 27.012407040662083 ], [ 75.772382352960108, 27.012277544786343 ], [ 75.77226948599548, 27.012152427959222 ], [ 75.772150508581205, 27.012031938574012 ], [ 75.7720256569404, 27.011916315835776 ], [ 75.771895178955162, 27.011805789288246 ], [ 75.771759333675789, 27.011700578356169 ], [ 75.7716183908056, 27.011600891911655 ], [ 75.77147263016542, 27.011506927858079 ], [ 75.771322341139069, 27.011418872738034 ], [ 75.771167822097595, 27.011336901363109 ], [ 75.771009379807708, 27.011261176466746 ], [ 75.770847328823152, 27.011191848381031 ], [ 75.7706819908596, 27.011129054739115 ], [ 75.770513694156421, 27.011072920200661 ], [ 75.770342772825643, 27.011023556206169 ], [ 75.770169566187633, 27.010981060754432 ], [ 75.769994418098918, 27.010945518208246 ], [ 75.769817676269213, 27.010916999127858 ], [ 75.769639691570717, 27.010895560130052 ], [ 75.769460817342974, 27.010881243775714 ], [ 75.769281408690233, 27.010874078486381 ], [ 75.769101821778122, 27.010874078486381 ], [ 75.768922413125551, 27.010881243775714 ], [ 75.768743538897581, 27.010895560130052 ], [ 75.768565554199142, 27.010916999127858 ], [ 75.768388812369437, 27.010945518208246 ], [ 75.768213664280722, 27.010981060754432 ], [ 75.768040457642883, 27.011023556206169 ], [ 75.767869536311935, 27.011072920200661 ], [ 75.767701239608755, 27.011129054739115 ], [ 75.767535901645203, 27.011191848381031 ], [ 75.767373850660647, 27.011261176466746 ], [ 75.76721540837076, 27.011336901363109 ], [ 75.767060889329287, 27.011418872738034 ], [ 75.766910600302936, 27.011506927858079 ], [ 75.766764839662926, 27.011600891911655 ], [ 75.766623896792566, 27.011700578356169 ], [ 75.766488051513193, 27.011805789288246 ], [ 75.766357573527955, 27.011916315835776 ], [ 75.76623272188715, 27.012031938574012 ], [ 75.766113744472875, 27.012152427959222 ], [ 75.766000877508418, 27.012277544786343 ], [ 75.765894345087304, 27.012407040662083 ], [ 75.765794358730489, 27.012540658498324 ], [ 75.765701116964181, 27.012678133023769 ], [ 75.765614804927225, 27.012819191308324 ], [ 75.765535594002472, 27.012963553306918 ], [ 75.765463641476742, 27.013110932413554 ], [ 75.7653990902283, 27.013261036032134 ], [ 75.765342068442976, 27.013413566155805 ], [ 75.765292689359569, 27.013568219959154 ], [ 75.765251051044572, 27.013724690399329 ], [ 75.765217236197429, 27.013882666825566 ], [ 75.765191311986428, 27.014041835595833 ], [ 75.765173329914205, 27.014201880699545 ], [ 75.765163325715889, 27.014362484385117 ], [ 75.765161319287756, 27.014523327790357 ], [ 75.765167314647897, 27.014684091575759 ], [ 75.76518129992678, 27.014844456558933 ], [ 75.76520324739181, 27.015004104347611 ], [ 75.765233113501381, 27.01516271797226 ], [ 75.765270838991455, 27.015319982515337 ], [ 75.765316348992769, 27.015475585736283 ], [ 75.765369553178857, 27.015629218692084 ], [ 75.765430345946299, 27.01578057635038 ], [ 75.765498606622884, 27.015929358194455 ], [ 75.765574199707601, 27.01607526882168 ], [ 75.765656975139223, 27.01621801852832 ], [ 75.765746768594738, 27.016357323885643 ], [ 75.765843401814607, 27.016492908302723 ], [ 75.76594668295678, 27.016624502575837 ], [ 75.766056406977782, 27.016751845422334 ], [ 75.766172356039135, 27.016874684000356 ], [ 75.766294299940739, 27.016992774410369 ], [ 75.766421996576582, 27.017105882179919 ], [ 75.766555192416888, 27.017213782728675 ], [ 75.766693623009701, 27.017316261815381 ], [ 75.766837013507939, 27.017413115962313 ], [ 75.766985079213271, 27.01750415286034 ], [ 75.767137526143017, 27.017589191749892 ], [ 75.767294051612566, 27.017668063780548 ], [ 75.767454344837461, 27.017740612346302 ], [ 75.767618087550204, 27.017806693396949 ], [ 75.767784954631964, 27.017866175723043 ], [ 75.767954614758992, 27.017918941217602 ], [ 75.768126731059908, 27.017964885110587 ], [ 75.76830096178503, 27.018003916176042 ], [ 75.768476960985311, 27.018035956914503 ], [ 75.76865437919929, 27.018060943706132 ], [ 75.768832864147043, 27.01807882693754 ], [ 75.769012061429805, 27.018089571099551 ], [ 75.769191615234149, 27.018093154859002 ] ] ] } },
{ "type": "Feature", "properties": { "OBJECTID": 5.0, "ORIG_FID": 5.0, "OBJECTID_1": 17921.0, "osm_id": 463448496.0, "name": "Sikar Road", "ref": null, "type": "primary", "oneway": 1.0, "bridge": 0.0, "maxspeed": 60.0, "Shape_Leng": 0.0186129827973, "BUFF_DIST": 400.0, "Shape_Le_1": 0.024012151629699999, "Shape_Area": 4.5669475461800003e-05 }, "geometry": { "type": "Polygon", "coordinates": [ [ [ 75.772871072892883, 26.952064769107096 ], [ 75.773050521925597, 26.952061185314506 ], [ 75.773229614644777, 26.95205044105262 ], [ 75.773407995444643, 26.952032557655457 ], [ 75.773585310133626, 26.952007570631849 ], [ 75.773761206637403, 26.95197552959587 ], [ 75.773935335698411, 26.951936498167981 ], [ 75.774107351569342, 26.951890553848557 ], [ 75.774276912700316, 26.951837787864065 ], [ 75.774443682416575, 26.951778304985567 ], [ 75.774607329587582, 26.951712223321294 ], [ 75.774767529284304, 26.951639674081264 ], [ 75.774923963425294, 26.951560801317839 ], [ 75.775076321407028, 26.951475761637994 ], [ 75.775224300722016, 26.951384723893739 ], [ 75.775367607558678, 26.951287868846009 ], [ 75.775505957385349, 26.951185388806095 ], [ 75.775639075514505, 26.951077487253315 ], [ 75.775766697649431, 26.950964378431308 ], [ 75.775888570407687, 26.950846286921944 ], [ 75.77600445182469, 26.950723447200062 ], [ 75.776114111834488, 26.950596103167129 ], [ 75.776217332725878, 26.950464507667846 ], [ 75.776313909574583, 26.950328921986852 ], [ 75.776403650650877, 26.950189615330316 ], [ 75.776486377799188, 26.950046864291949 ], [ 75.776561926791658, 26.949900952303153 ], [ 75.776630147655112, 26.949752169069768 ], [ 75.776690904967381, 26.949600809998003 ], [ 75.776744078126569, 26.949447175606565 ], [ 75.776789561590704, 26.949291570930939 ], [ 75.776827265085785, 26.949134304917436 ], [ 75.77685711378615, 26.948975689808833 ], [ 75.77687904846249, 26.948816040525855 ], [ 75.776893025598213, 26.948655674041163 ], [ 75.776899017476637, 26.948494908749751 ], [ 75.776897012235509, 26.948334063837251 ], [ 75.776887013890075, 26.948173458645897 ], [ 75.776869042324847, 26.948013412041121 ], [ 75.77684313325409, 26.947854241777293 ], [ 75.776809338150485, 26.947696263867954 ], [ 75.776767724142758, 26.947539791958206 ], [ 75.776718373881977, 26.947385136701996 ], [ 75.776661385377395, 26.94723260514462 ], [ 75.776596871801587, 26.947082500114732 ], [ 75.776524961265409, 26.946935119621514 ], [ 75.776445796563962, 26.946790756264647 ], [ 75.776359534891981, 26.946649696652173 ], [ 75.776266347532498, 26.946512220832062 ], [ 75.776166419515846, 26.946378601737081 ], [ 75.77605994925284, 26.946249104641026 ], [ 75.775947148140745, 26.946123986634404 ], [ 75.775828240142459, 26.946003496112837 ], [ 75.775703461343085, 26.945887872284118 ], [ 75.775573059480621, 26.945777344693454 ], [ 75.775437293453763, 26.945672132768436 ], [ 75.775296432808659, 26.945572445382822 ], [ 75.775150757203392, 26.94547848044175 ], [ 75.775000555852102, 26.945390424490029 ], [ 75.774846126952411, 26.945308452340782 ], [ 75.774687777092083, 26.945232726728705 ], [ 75.774525820641145, 26.945163397987756 ], [ 75.774360579127858, 26.945100603752167 ], [ 75.774192380600255, 26.945044468683136 ], [ 75.774021558975107, 26.944995104221789 ], [ 75.773848453375592, 26.944952608367998 ], [ 75.773673407457181, 26.944917065485811 ], [ 75.773496768727057, 26.944888546135701 ], [ 75.773318887852781, 26.944867106934907 ], [ 75.773140117967841, 26.944852790445225 ], [ 75.77296081396986, 26.944845625088021 ], [ 75.772781331816134, 26.944845625088021 ], [ 75.772602027817982, 26.944852790445225 ], [ 75.772423257933042, 26.944867106934907 ], [ 75.772245377058766, 26.944888546135701 ], [ 75.772068738328585, 26.944917065485811 ], [ 75.771893692410401, 26.944952608367998 ], [ 75.771720586810659, 26.944995104221789 ], [ 75.771549765185569, 26.945044468683136 ], [ 75.771381566657908, 26.945100603752167 ], [ 75.771216325144678, 26.945163397987756 ], [ 75.77105436869391, 26.945232726728705 ], [ 75.770896018833582, 26.945308452340782 ], [ 75.770741589933721, 26.945390424490029 ], [ 75.770591388582602, 26.94547848044175 ], [ 75.770445712977164, 26.945572445382822 ], [ 75.77030485233206, 26.945672132768436 ], [ 75.770169086305373, 26.945777344693454 ], [ 75.770038684442738, 26.945887872284118 ], [ 75.769913905643534, 26.946003496112837 ], [ 75.769794997645249, 26.946123986634404 ], [ 75.769682196532983, 26.946249104641026 ], [ 75.769575726269977, 26.946378601737081 ], [ 75.769475798253495, 26.946512220832062 ], [ 75.769382610893842, 26.946649696652173 ], [ 75.769296349221861, 26.946790756264647 ], [ 75.769217184520414, 26.946935119621514 ], [ 75.769145273984407, 26.947082500114732 ], [ 75.769080760408599, 26.94723260514462 ], [ 75.769023771904017, 26.947385136701996 ], [ 75.768974421643065, 26.947539791958206 ], [ 75.768932807635338, 26.947696263867954 ], [ 75.768899012531733, 26.947854241777293 ], [ 75.768873103461146, 26.948013412041121 ], [ 75.768855131895748, 26.948173458645897 ], [ 75.768845133550315, 26.948334063837251 ], [ 75.768843128309186, 26.948494908749751 ], [ 75.76884912018761, 26.948655674041163 ], [ 75.768863097323333, 26.948816040525855 ], [ 75.768885031999616, 26.948975689808833 ], [ 75.768914880700208, 26.949134304917436 ], [ 75.76895258419529, 26.949291570930939 ], [ 75.768998067659254, 26.949447175606565 ], [ 75.769051240818442, 26.949600809998003 ], [ 75.769111998130711, 26.949752169069768 ], [ 75.769180218994109, 26.949900952303153 ], [ 75.769255767986635, 26.950046864291949 ], [ 75.769338495134946, 26.950189615330316 ], [ 75.769428236211184, 26.950328921986852 ], [ 75.769524813060116, 26.950464507667846 ], [ 75.769628033951335, 26.950596103167129 ], [ 75.769737693961133, 26.950723447200062 ], [ 75.769853575378136, 26.950846286921944 ], [ 75.769975448136393, 26.950964378431308 ], [ 75.770103070271318, 26.951077487253315 ], [ 75.770236188400645, 26.951185388806095 ], [ 75.770374538227145, 26.951287868846009 ], [ 75.77051784506375, 26.951384723893739 ], [ 75.770665824378796, 26.951475761637994 ], [ 75.770818182360472, 26.951560801317839 ], [ 75.770974616501519, 26.951639674081264 ], [ 75.771134816198412, 26.951712223321294 ], [ 75.771298463369249, 26.951778304985567 ], [ 75.771465233085507, 26.951837787864065 ], [ 75.771634794216482, 26.951890553848557 ], [ 75.771806810087355, 26.951936498167981 ], [ 75.77198093914842, 26.95197552959587 ], [ 75.772156835652197, 26.952007570631849 ], [ 75.77233415034118, 26.952032557655457 ], [ 75.772512531141047, 26.95205044105262 ], [ 75.772691623860396, 26.952061185314506 ], [ 75.772871072892883, 26.952064769107096 ] ] ] } },
{ "type": "Feature", "properties": { "OBJECTID": 6.0, "ORIG_FID": 6.0, "OBJECTID_1": 17921.0, "osm_id": 463448496.0, "name": "Sikar Road", "ref": null, "type": "primary", "oneway": 1.0, "bridge": 0.0, "maxspeed": 60.0, "Shape_Leng": 0.0186129827973, "BUFF_DIST": 400.0, "Shape_Le_1": 0.0240130172507, "Shape_Area": 4.56725110024e-05 }, "geometry": { "type": "Polygon", "coordinates": [ [ [ 75.771354421387343, 26.959717207156928 ], [ 75.771533882544247, 26.959713623368202 ], [ 75.771712987363401, 26.959702879117913 ], [ 75.771891380215322, 26.959684995739906 ], [ 75.772068706884227, 26.959660008743128 ], [ 75.7722446152722, 26.959627967741596 ], [ 75.772418756097693, 26.959588936355829 ], [ 75.772590783590374, 26.959542992085744 ], [ 75.772760356177116, 26.959490226157982 ], [ 75.772927137160423, 26.959430743343376 ], [ 75.773090795387532, 26.959364661750215 ], [ 75.773251005907582, 26.959292112588344 ], [ 75.773407450617015, 26.959213239909616 ], [ 75.773559818891783, 26.959128200321288 ], [ 75.773707808203824, 26.959037162675031 ], [ 75.773851124721773, 26.95894030773178 ], [ 75.773989483894752, 26.958837827802199 ], [ 75.774122611016708, 26.958729926365777 ], [ 75.774250241772791, 26.958616817665586 ], [ 75.774372122763793, 26.958498726283551 ], [ 75.774488012008646, 26.958375886694057 ], [ 75.774597679425653, 26.958248542798628 ], [ 75.774700907289287, 26.958116947441283 ], [ 75.774797490661342, 26.957981361906661 ], [ 75.774887237799021, 26.95784205540059 ], [ 75.774969970534528, 26.957699304516552 ], [ 75.775045524629604, 26.957553392685327 ], [ 75.775113750100218, 26.957404609612865 ], [ 75.775174511515161, 26.957253250704753 ], [ 75.77522768826492, 26.957099616479752 ], [ 75.775273174799793, 26.956944011972496 ], [ 75.775310880840209, 26.956786746129126 ], [ 75.775340731555218, 26.956628131192474 ], [ 75.775362667711363, 26.956468482082528 ], [ 75.775376645789436, 26.956308115771719 ], [ 75.775382638070766, 26.956147350654589 ], [ 75.775380632692361, 26.955986505916712 ], [ 75.775370633669581, 26.955825900899981 ], [ 75.775352660888473, 26.955665854468918 ], [ 75.775326750065631, 26.955506684377951 ], [ 75.775292952677432, 26.955348706640564 ], [ 75.775251335856865, 26.955192234901006 ], [ 75.775201982260626, 26.955037579812995 ], [ 75.775144989904732, 26.954885048421716 ], [ 75.775080471969375, 26.954734943555081 ], [ 75.775008556574335, 26.954587563222617 ], [ 75.774929386523922, 26.954443200022979 ], [ 75.774843119023728, 26.954302140564266 ], [ 75.774749925368269, 26.954164664894336 ], [ 75.774649990600437, 26.954031045944816 ], [ 75.774543513144636, 26.953901548990132 ], [ 75.774430704411941, 26.953776431120332 ], [ 75.774311788380771, 26.953655940730187 ], [ 75.774187001152256, 26.953540317027773 ], [ 75.774056590480825, 26.953429789557902 ], [ 75.773920815282963, 26.953324577747992 ], [ 75.77377994512284, 26.953224890471233 ], [ 75.773634259677237, 26.953130925633047 ], [ 75.773484048180308, 26.953042869777619 ], [ 75.773329608849338, 26.952960897717901 ], [ 75.773171248293011, 26.952885172188758 ], [ 75.773009280902727, 26.952815843523808 ], [ 75.772844028228064, 26.952753049356829 ], [ 75.772675818339565, 26.952696914349247 ], [ 75.772504985176681, 26.952647549942071 ], [ 75.772331867884816, 26.952605054134835 ], [ 75.772156810143315, 26.952569511291529 ], [ 75.771980159482496, 26.952540991972512 ], [ 75.771802266593795, 26.952519552795366 ], [ 75.771623484634233, 26.952505236321485 ], [ 75.771444168525647, 26.952498070972069 ], [ 75.771264674249096, 26.952498070972069 ], [ 75.77108535814051, 26.952505236321485 ], [ 75.770906576180948, 26.952519552795366 ], [ 75.770728683292248, 26.952540991972512 ], [ 75.770552032631372, 26.952569511291529 ], [ 75.770376974889928, 26.952605054134835 ], [ 75.770203857598062, 26.952647549942071 ], [ 75.770033024435179, 26.952696914349247 ], [ 75.769864814546622, 26.952753049356829 ], [ 75.769699561872187, 26.952815843523808 ], [ 75.769537594481733, 26.952885172188758 ], [ 75.769379233925406, 26.952960897717901 ], [ 75.769224794594606, 26.953042869777619 ], [ 75.769074583097506, 26.953130925633047 ], [ 75.768928897651904, 26.953224890471233 ], [ 75.768788027491723, 26.953324577747992 ], [ 75.768652252293919, 26.953429789557902 ], [ 75.768521841622487, 26.953540317027773 ], [ 75.768397054393915, 26.953655940730187 ], [ 75.768278138362803, 26.953776431120332 ], [ 75.768165329630108, 26.953901548990132 ], [ 75.768058852174306, 26.954031045944816 ], [ 75.767958917406645, 26.954164664894336 ], [ 75.767865723751015, 26.954302140564266 ], [ 75.767779456250821, 26.954443200022979 ], [ 75.767700286200409, 26.954587563222617 ], [ 75.767628370805312, 26.954734943555081 ], [ 75.767563852870012, 26.954885048421716 ], [ 75.767506860514061, 26.955037579812995 ], [ 75.767457506918049, 26.955192234901006 ], [ 75.767415890097482, 26.955348706640564 ], [ 75.767382092709113, 26.955506684377951 ], [ 75.767356181886271, 26.955665854468918 ], [ 75.767338209105333, 26.955825900899981 ], [ 75.767328210082383, 26.955986505916712 ], [ 75.767326204703977, 26.956147350654589 ], [ 75.767332196985308, 26.956308115771719 ], [ 75.767346175063381, 26.956468482082528 ], [ 75.767368111219525, 26.956628131192474 ], [ 75.767397961934535, 26.956786746129126 ], [ 75.767435667974951, 26.956944011972496 ], [ 75.767481154509824, 26.957099616479752 ], [ 75.767534331259583, 26.957253250704753 ], [ 75.767595092674696, 26.957404609612865 ], [ 75.76766331814531, 26.957553392685327 ], [ 75.767738872240159, 26.957699304516552 ], [ 75.767821604975666, 26.95784205540059 ], [ 75.767911352113401, 26.957981361906661 ], [ 75.768007935485457, 26.958116947441283 ], [ 75.768111163349033, 26.958248542798628 ], [ 75.768220830766097, 26.958375886694057 ], [ 75.76833672001095, 26.958498726283551 ], [ 75.768458601001953, 26.958616817665586 ], [ 75.768586231758036, 26.958729926365777 ], [ 75.768719358880162, 26.958837827802199 ], [ 75.768857718052971, 26.95894030773178 ], [ 75.76900103457092, 26.959037162675031 ], [ 75.769149023882903, 26.959128200321288 ], [ 75.769301392157729, 26.959213239909616 ], [ 75.769457836867161, 26.959292112588344 ], [ 75.769618047387212, 26.959364661750215 ], [ 75.769781705614264, 26.959430743343376 ], [ 75.769948486597627, 26.959490226157982 ], [ 75.770118059184369, 26.959542992085744 ], [ 75.770290086677051, 26.959588936355829 ], [ 75.770464227502544, 26.959627967741767 ], [ 75.77064013589046, 26.959660008743128 ], [ 75.770817462559364, 26.959684995739906 ], [ 75.770995855411343, 26.959702879117913 ], [ 75.771174960230667, 26.959713623368202 ], [ 75.771354421387343, 26.959717207156928 ] ] ] } },
{ "type": "Feature", "properties": { "OBJECTID": 7.0, "ORIG_FID": 7.0, "OBJECTID_1": 40844.0, "osm_id": 1207210429.0, "name": "Sikar Road", "ref": null, "type": "primary", "oneway": 1.0, "bridge": 0.0, "maxspeed": 60.0, "Shape_Leng": 0.011119723541600001, "BUFF_DIST": 400.0, "Shape_Le_1": 0.024017400324200001, "Shape_Area": 4.56878806332e-05 }, "geometry": { "type": "Polygon", "coordinates": [ [ [ 75.771356770866532, 26.998416332553063 ], [ 75.771536293410747, 26.998412748783892 ], [ 75.771715459495226, 26.998402004592037 ], [ 75.771893913368956, 26.998384121311233 ], [ 75.772071300694734, 26.998359134450482 ], [ 75.772247269253967, 26.998327093623232 ], [ 75.772421469646019, 26.998288062449717 ], [ 75.772593555981928, 26.998242118429573 ], [ 75.772763186572035, 26.998189352788813 ], [ 75.772930024603284, 26.998129870298101 ], [ 75.773093738809735, 26.998063789064418 ], [ 75.773254004128944, 26.997991240297608 ], [ 75.773410502349407, 26.997912368048446 ], [ 75.773562922739984, 26.997827328923222 ], [ 75.773710962669497, 26.997736291772924 ], [ 75.773854328205971, 26.997639437357407 ], [ 75.773992734700983, 26.997536957986483 ], [ 75.774125907355028, 26.99742905713839 ], [ 75.774253581762423, 26.997315949054951 ], [ 75.774375504437216, 26.997197858317236 ], [ 75.774491433315973, 26.997075019398096 ], [ 75.774601138238097, 26.996947676197806 ], [ 75.774704401403596, 26.996816081559132 ], [ 75.77480101780418, 26.996680496765066 ], [ 75.77489079563145, 26.996541191020356 ], [ 75.774973556657244, 26.996398440916721 ], [ 75.775049136586233, 26.996252529883407 ], [ 75.775117385383965, 26.996103747625057 ], [ 75.775178167572676, 26.99595238954538 ], [ 75.775231362501643, 26.995798756161491 ], [ 75.77527686458501, 26.995643152506773 ], [ 75.775314583512511, 26.995485887525263 ], [ 75.775344444427844, 26.995327273458145 ], [ 75.775366388077259, 26.995167625223758 ], [ 75.775380370926428, 26.995007259792999 ], [ 75.775386365247755, 26.994846495558363 ], [ 75.77538435917387, 26.994685651703833 ], [ 75.775374356721841, 26.994525047569255 ], [ 75.775356377784419, 26.994365002018014 ], [ 75.77533045809065, 26.994205832802265 ], [ 75.775296649134475, 26.994047855933843 ], [ 75.77525501807196, 26.993891385055463 ], [ 75.775205647588052, 26.993736730818853 ], [ 75.775148635732592, 26.993584200267833 ], [ 75.775084095724367, 26.993434096228214 ], [ 75.775012155726984, 26.993286716708269 ], [ 75.774932958593638, 26.993142354304609 ], [ 75.774846661583751, 26.99300129562414 ], [ 75.774753436050503, 26.992863820712728 ], [ 75.77465346710045, 26.992730202500923 ], [ 75.774546953225354, 26.992600706261442 ], [ 75.774434105908654, 26.992475589082744 ], [ 75.774315149205847, 26.992355099358406 ], [ 75.774190319298384, 26.99223947629514 ], [ 75.774059864025446, 26.992128949436506 ], [ 75.773924042392423, 26.992023738208502 ], [ 75.773783124055342, 26.991924051483352 ], [ 75.773637388786653, 26.991830087165056 ], [ 75.773487125919473, 26.99174203179706 ], [ 75.773332633773066, 26.991660060191236 ], [ 75.773174219060991, 26.991584335081484 ], [ 75.773012196282139, 26.991515006800398 ], [ 75.772846887095909, 26.991452212981358 ], [ 75.772678619685053, 26.991396078284822 ], [ 75.772507728102937, 26.991346714151064 ], [ 75.772334551611266, 26.991304218579387 ], [ 75.772159434006767, 26.991268675933043 ], [ 75.771982722938219, 26.991240156772335 ], [ 75.77180476921734, 26.991218717713991 ], [ 75.771625926121771, 26.991204401319351 ], [ 75.771446548694598, 26.991197236009555 ], [ 75.771266993038523, 26.991197236009555 ], [ 75.771087615611293, 26.991204401319351 ], [ 75.770908772515781, 26.991218717713991 ], [ 75.770730818794846, 26.991240156772335 ], [ 75.770554107726525, 26.991268675933043 ], [ 75.770378990121856, 26.991304218579387 ], [ 75.770205813630355, 26.991346714151064 ], [ 75.770034922048239, 26.991396078284822 ], [ 75.769866654637212, 26.991452212981358 ], [ 75.769701345451153, 26.991515006800398 ], [ 75.769539322672131, 26.991584335081484 ], [ 75.769380907959999, 26.991660060191236 ], [ 75.769226415813819, 26.99174203179706 ], [ 75.769076152946639, 26.991830087165056 ], [ 75.76893041767795, 26.991924051483352 ], [ 75.768789499340869, 26.992023738208502 ], [ 75.768653677707675, 26.992128949436506 ], [ 75.768523222434737, 26.99223947629514 ], [ 75.768398392527274, 26.992355099358406 ], [ 75.768279435824468, 26.992475589082744 ], [ 75.768166588507938, 26.992600706261442 ], [ 75.768060074632672, 26.992730202500923 ], [ 75.767960105682619, 26.992863820712728 ], [ 75.76786688014937, 26.99300129562414 ], [ 75.767780583139427, 26.993142354304609 ], [ 75.767701386006138, 26.993286716708269 ], [ 75.767629446008755, 26.993434096228214 ], [ 75.76756490600053, 26.993584200267833 ], [ 75.767507894145069, 26.993736730818853 ], [ 75.767458523661332, 26.993891385055463 ], [ 75.767416892598817, 26.994047855933843 ], [ 75.767383083642471, 26.994205832802265 ], [ 75.767357163948702, 26.994365002018014 ], [ 75.767339185011451, 26.994525047569255 ], [ 75.767329182559251, 26.994685651703833 ], [ 75.767327176485367, 26.994846495558363 ], [ 75.767333170806694, 26.995007259792999 ], [ 75.767347153655862, 26.995167625223758 ], [ 75.76736909730522, 26.995327273458145 ], [ 75.76739895822061, 26.995485887525263 ], [ 75.767436677148112, 26.995643152506773 ], [ 75.767482179231479, 26.995798756161491 ], [ 75.767535374160445, 26.99595238954538 ], [ 75.767596156349157, 26.996103747625057 ], [ 75.767664405146888, 26.996252529883407 ], [ 75.767739985076048, 26.996398440916721 ], [ 75.767822746101615, 26.996541191020356 ], [ 75.767912523928942, 26.996680496765066 ], [ 75.768009140329696, 26.996816081559132 ], [ 75.768112403495024, 26.996947676197806 ], [ 75.768222108417319, 26.997075019398096 ], [ 75.768338037295905, 26.997197858317236 ], [ 75.768459959970869, 26.997315949054951 ], [ 75.768587634378264, 26.99742905713839 ], [ 75.768720807032139, 26.997536957986483 ], [ 75.768859213527151, 26.997639437357407 ], [ 75.769002579063624, 26.997736291772924 ], [ 75.769150618993081, 26.997827328923222 ], [ 75.769303039383885, 26.997912368048446 ], [ 75.769459537604178, 26.997991240297608 ], [ 75.769619802923557, 26.998063789064418 ], [ 75.769783517129838, 26.998129870298101 ], [ 75.769950355161086, 26.998189352788813 ], [ 75.770119985751194, 26.998242118429573 ], [ 75.770292072087273, 26.998288062449717 ], [ 75.770466272479155, 26.998327093623232 ], [ 75.770642241038558, 26.998359134450482 ], [ 75.770819628364336, 26.998384121311233 ], [ 75.770998082237895, 26.998402004592037 ], [ 75.771177248322545, 26.998412748783892 ], [ 75.771356770866532, 26.998416332553063 ] ] ] } },
{ "type": "Feature", "properties": { "OBJECTID": 8.0, "ORIG_FID": 8.0, "OBJECTID_1": 1641.0, "osm_id": 230935555.0, "name": "Vaishali Marg", "ref": null, "type": "tertiary", "oneway": 1.0, "bridge": 0.0, "maxspeed": 0.0, "Shape_Leng": 0.00959187143791, "BUFF_DIST": 400.0, "Shape_Le_1": 0.024008407386500001, "Shape_Area": 4.5656344604199998e-05 }, "geometry": { "type": "Polygon", "coordinates": [ [ [ 75.751646917240578, 26.918927259162899 ], [ 75.751826313827394, 26.91892367535354 ], [ 75.752005354204925, 26.918912931041802 ], [ 75.752183682871419, 26.918895047561307 ], [ 75.752360945738758, 26.918870060421511 ], [ 75.75253679083545, 26.918838019236489 ], [ 75.752710869006023, 26.918798987627099 ], [ 75.752882834604577, 26.918753043093773 ], [ 75.75305234618088, 26.918700276863603 ], [ 75.753219067158511, 26.918640793708164 ], [ 75.753382666503967, 26.918574711736255 ], [ 75.75354281938337, 26.918502162158518 ], [ 75.753699207807529, 26.918423289027601 ], [ 75.753851521264494, 26.918338248951613 ], [ 75.753999457334828, 26.918247210783136 ], [ 75.754142722292784, 26.91815035528407 ], [ 75.75428103168997, 26.918047874766501 ], [ 75.754414110919356, 26.917939972710485 ], [ 75.754541695761077, 26.917826863360858 ], [ 75.754663532906989, 26.917708771300454 ], [ 75.754779380463219, 26.917585931005192 ], [ 75.754889008430723, 26.917458586377734 ], [ 75.754992199162075, 26.917326990263803 ], [ 75.755088747793195, 26.917191403949005 ], [ 75.755178462649894, 26.917052096641441 ], [ 75.755261165628781, 26.916909344935732 ], [ 75.755336692550031, 26.916763432264247 ], [ 75.755404893484183, 26.916614648334701 ], [ 75.755465633048459, 26.916463288554212 ], [ 75.75551879067649, 26.916309653443363 ], [ 75.755564260856602, 26.916154048038663 ], [ 75.755601953341682, 26.915996781287788 ], [ 75.75563179332778, 26.915838165435389 ], [ 75.7556537216023, 26.915678515403556 ], [ 75.755667694661611, 26.9155181481662 ], [ 75.755673684797443, 26.915357382120021 ], [ 75.755671680150328, 26.915196536451845 ], [ 75.755661684734662, 26.915035930505894 ], [ 75.755643718429042, 26.914875883148511 ], [ 75.755617816937104, 26.914716712136112 ], [ 75.75558403171658, 26.914558733483545 ], [ 75.755542429876414, 26.914402260837335 ], [ 75.755493094043402, 26.914247604852619 ], [ 75.755436122198205, 26.914095072576742 ], [ 75.755371627480145, 26.913944966839324 ], [ 75.755299737963071, 26.913797585651309 ], [ 75.755220596399568, 26.913653221613458 ], [ 75.755134359938893, 26.913512161335518 ], [ 75.755041199813945, 26.91337468486654 ], [ 75.754941301000827, 26.913241065140426 ], [ 75.754834861852487, 26.913111567432736 ], [ 75.754722093704231, 26.912986448834943 ], [ 75.754603220453646, 26.912865957743918 ], [ 75.754478478116653, 26.912750333368422 ], [ 75.754348114359004, 26.912639805255139 ], [ 75.754212388004021, 26.912534592832401 ], [ 75.754071568518555, 26.91243490497493 ], [ 75.753925935479231, 26.912340939589058 ], [ 75.753775778015665, 26.912252883220503 ], [ 75.753621394238451, 26.912170910682903 ], [ 75.753463090645823, 26.9120951847122 ], [ 75.753301181515781, 26.912025855642923 ], [ 75.75313598828285, 26.911963061109645 ], [ 75.752967838899167, 26.911906925774701 ], [ 75.752797067184019, 26.911857561079216 ], [ 75.752624012161448, 26.9118150650242 ], [ 75.752449017386652, 26.911779521973415 ], [ 75.752272430265236, 26.911751002487961 ], [ 75.752094601362671, 26.911729563185702 ], [ 75.751915883708875, 26.911715246628148 ], [ 75.751736632097959, 26.911708081236839 ], [ 75.75155720238331, 26.911708081236839 ], [ 75.75137795077228, 26.911715246628148 ], [ 75.751199233118598, 26.911729563185702 ], [ 75.751021404215862, 26.911751002487961 ], [ 75.750844817094617, 26.911779521973415 ], [ 75.750669822319821, 26.9118150650242 ], [ 75.75049676729725, 26.911857561079216 ], [ 75.750325995582102, 26.911906925774701 ], [ 75.75015784619842, 26.911963061109816 ], [ 75.749992652965489, 26.912025855642923 ], [ 75.749830743835446, 26.9120951847122 ], [ 75.749672440242819, 26.912170910682903 ], [ 75.749518056465604, 26.912252883220503 ], [ 75.749367899002095, 26.912340939589058 ], [ 75.749222265962601, 26.91243490497493 ], [ 75.749081446477248, 26.912534592832401 ], [ 75.748945720122151, 26.912639805255139 ], [ 75.748815356364446, 26.912750333368422 ], [ 75.74869061402768, 26.912865957743918 ], [ 75.748571740777038, 26.912986448834943 ], [ 75.748458972628782, 26.913111567432736 ], [ 75.748352533480443, 26.913241065140426 ], [ 75.748252634667324, 26.91337468486654 ], [ 75.748159474542206, 26.913512161335518 ], [ 75.748073238081531, 26.913653221613458 ], [ 75.747994096518198, 26.913797585651309 ], [ 75.747922207000954, 26.913944966839324 ], [ 75.747857712283121, 26.914095072576742 ], [ 75.747800740437924, 26.914247604852619 ], [ 75.747751404604912, 26.914402260837335 ], [ 75.747709802764689, 26.914558733483545 ], [ 75.747676017544052, 26.914716712136112 ], [ 75.747650116052228, 26.914875883148511 ], [ 75.747632149746437, 26.915035930505894 ], [ 75.747622154330941, 26.915196536451845 ], [ 75.747620149683826, 26.915357382120021 ], [ 75.747626139819658, 26.9155181481662 ], [ 75.747640112879026, 26.915678515403556 ], [ 75.74766204115349, 26.915838165435389 ], [ 75.747691881139417, 26.915996781287788 ], [ 75.747729573624667, 26.916154048038663 ], [ 75.747775043804836, 26.916309653443363 ], [ 75.74782820143281, 26.916463288554212 ], [ 75.747888940997143, 26.916614648334701 ], [ 75.747957141931067, 26.916763432264247 ], [ 75.748032668852488, 26.916909344935732 ], [ 75.748115371831375, 26.917052096641441 ], [ 75.748205086688074, 26.917191403949005 ], [ 75.748301635319194, 26.917326990263803 ], [ 75.748404826050546, 26.917458586377734 ], [ 75.74851445401805, 26.917585931005192 ], [ 75.748630301574337, 26.917708771300454 ], [ 75.748752138720022, 26.917826863360858 ], [ 75.748879723561913, 26.917939972710485 ], [ 75.749012802791128, 26.918047874766501 ], [ 75.749151112188486, 26.91815035528407 ], [ 75.749294377146441, 26.918247210783136 ], [ 75.749442313216775, 26.918338248951613 ], [ 75.74959462667357, 26.918423289027601 ], [ 75.7497510150979, 26.918502162158518 ], [ 75.749911167977302, 26.918574711736255 ], [ 75.750074767322758, 26.918640793708164 ], [ 75.750241488300389, 26.918700276863603 ], [ 75.750410999876522, 26.918753043093773 ], [ 75.750582965475132, 26.918798987627099 ], [ 75.75075704364582, 26.918838019236489 ], [ 75.750932888742511, 26.918870060421511 ], [ 75.751110151609851, 26.918895047561307 ], [ 75.751288480276344, 26.918912931041802 ], [ 75.751467520653705, 26.91892367535354 ], [ 75.751646917240578, 26.918927259162899 ] ] ] } },
{ "type": "Feature", "properties": { "OBJECTID": 9.0, "ORIG_FID": 9.0, "OBJECTID_1": 1648.0, "osm_id": 230935567.0, "name": "Vaishali Marg", "ref": null, "type": "tertiary", "oneway": 1.0, "bridge": 0.0, "maxspeed": 0.0, "Shape_Leng": 0.0137700553601, "BUFF_DIST": 400.0, "Shape_Le_1": 0.0240083454015, "Shape_Area": 4.56561272178e-05 }, "geometry": { "type": "Polygon", "coordinates": [ [ [ 75.737413441755734, 26.918378171294592 ], [ 75.737592837474267, 26.918374587485062 ], [ 75.737771876985335, 26.918363843172415 ], [ 75.737950204788717, 26.918345959690498 ], [ 75.738127466798005, 26.918320972548713 ], [ 75.738303311043694, 26.918288931361246 ], [ 75.738477388371678, 26.918249899748844 ], [ 75.738649353138044, 26.918203955212107 ], [ 75.738818863893869, 26.918151188977731 ], [ 75.738985584064721, 26.918091705817801 ], [ 75.739149182618405, 26.918025623840776 ], [ 75.739309334722634, 26.917953074257525 ], [ 75.739465722390037, 26.917874201120526 ], [ 75.739618035109856, 26.917789161037831 ], [ 75.739765970464134, 26.917698122862419 ], [ 75.739909234728941, 26.917601267355849 ], [ 75.74004754345674, 26.917498786830322 ], [ 75.740180622042089, 26.917390884766121 ], [ 75.740308206266491, 26.917277775407626 ], [ 75.740430042822823, 26.917159683338014 ], [ 75.740545889818293, 26.917036843033316 ], [ 75.740655517255334, 26.91690949839608 ], [ 75.740758707487544, 26.916777902271861 ], [ 75.740855255651468, 26.916642315946774 ], [ 75.740944970074054, 26.916503008628354 ], [ 75.741027672652876, 26.916360256911446 ], [ 75.741103199208737, 26.916214344228763 ], [ 75.741171399812856, 26.916065560287677 ], [ 75.741232139083309, 26.915914200495422 ], [ 75.741285296454294, 26.915760565372693 ], [ 75.741330766414535, 26.915604959955942 ], [ 75.741368458717318, 26.915447693192789 ], [ 75.741398298559034, 26.915289077328168 ], [ 75.741420226727485, 26.915129427283887 ], [ 75.741434199719492, 26.914969060034082 ], [ 75.741440189826392, 26.914808293975284 ], [ 75.741438185189224, 26.914647448294716 ], [ 75.741428189821988, 26.914486842336146 ], [ 75.741410223603452, 26.914326794966485 ], [ 75.741384322236854, 26.914167623941637 ], [ 75.741350537179983, 26.914009645276678 ], [ 75.741308935541213, 26.91385317261836 ], [ 75.741259599947114, 26.913698516621537 ], [ 75.741202628377607, 26.91354598433378 ], [ 75.741138133972072, 26.913395878584595 ], [ 75.741066244802823, 26.913248497385098 ], [ 75.740987103622444, 26.913104133336049 ], [ 75.740900867579228, 26.91296307304691 ], [ 75.740807707904935, 26.912825596567245 ], [ 75.740707809575326, 26.912691976830672 ], [ 75.740601370942159, 26.912562479112864 ], [ 75.7404886033396, 26.912437360505294 ], [ 75.740369730664156, 26.912316869404663 ], [ 75.740244988930954, 26.912201245020071 ], [ 75.740114625804267, 26.912090716898319 ], [ 75.739978900105825, 26.911985504467225 ], [ 75.739838081301968, 26.911885816601966 ], [ 75.739692448967105, 26.911791851208818 ], [ 75.739542292230283, 26.911703794833272 ], [ 75.739387909200047, 26.911621822289305 ], [ 75.739229606373385, 26.911546096312748 ], [ 75.739067698026702, 26.911476767237957 ], [ 75.738902505593103, 26.911413972699847 ], [ 75.73873435702302, 26.911357837360299 ], [ 75.738563586134205, 26.911308472661119 ], [ 75.738390531948824, 26.911265976602522 ], [ 75.738215538021052, 26.911230433549065 ], [ 75.738038951753822, 26.911201914061508 ], [ 75.737861123711752, 26.911180474757487 ], [ 75.737682406922659, 26.911166158198853 ], [ 75.737503156179002, 26.911158992807032 ], [ 75.737323727332637, 26.911158992807032 ], [ 75.73714447658881, 26.911166158198853 ], [ 75.736965759799887, 26.911180474757487 ], [ 75.736787931757647, 26.911201914061508 ], [ 75.736611345490587, 26.911230433549065 ], [ 75.736436351562645, 26.911265976602522 ], [ 75.736263297377263, 26.911308472661119 ], [ 75.736092526488449, 26.911357837360299 ], [ 75.735924377918366, 26.911413972699847 ], [ 75.735759185484767, 26.911476767237957 ], [ 75.735597277138083, 26.911546096312748 ], [ 75.735438974311421, 26.911621822289305 ], [ 75.735284591281186, 26.911703794833272 ], [ 75.735134434544364, 26.911791851208818 ], [ 75.734988802209557, 26.911885816601966 ], [ 75.734847983405643, 26.911985504467225 ], [ 75.734712257707372, 26.912090716898319 ], [ 75.734581894580515, 26.912201245020071 ], [ 75.734457152847312, 26.912316869404663 ], [ 75.73433828017204, 26.912437360505294 ], [ 75.73422551256931, 26.912562479112864 ], [ 75.734119073936142, 26.912691976830672 ], [ 75.734019175606534, 26.912825596567245 ], [ 75.733926015932411, 26.91296307304691 ], [ 75.733839779889024, 26.913104133336049 ], [ 75.733760638708873, 26.913248497385098 ], [ 75.733688749539567, 26.913395878584595 ], [ 75.733624255133861, 26.91354598433378 ], [ 75.733567283564525, 26.913698516621537 ], [ 75.733517947970256, 26.91385317261836 ], [ 75.733476346331486, 26.914009645276678 ], [ 75.733442561274614, 26.914167623941637 ], [ 75.733416659908187, 26.914326794966485 ], [ 75.733398693689651, 26.914486842336146 ], [ 75.733388698322472, 26.914647448294716 ], [ 75.733386693685304, 26.914808293975284 ], [ 75.733392683792033, 26.914969060034082 ], [ 75.733406656784041, 26.915129427283887 ], [ 75.733428584952605, 26.915289077328168 ], [ 75.733458424794321, 26.915447693192789 ], [ 75.733496117097104, 26.915604959955942 ], [ 75.733541587057346, 26.915760565372693 ], [ 75.73359474442816, 26.915914200495422 ], [ 75.733655483698669, 26.916065560287677 ], [ 75.733723684302902, 26.916214344228763 ], [ 75.733799210858763, 26.916360256911446 ], [ 75.733881913437415, 26.916503008628354 ], [ 75.733971627860171, 26.916642315946774 ], [ 75.734068176024095, 26.916777902271861 ], [ 75.734171366256135, 26.91690949839608 ], [ 75.734280993693176, 26.917036843033316 ], [ 75.734396840688817, 26.917159683338014 ], [ 75.734518677244978, 26.917277775407626 ], [ 75.734646261469379, 26.917390884766121 ], [ 75.734779340054729, 26.917498786830322 ], [ 75.734917648782584, 26.917601267355849 ], [ 75.735060913047391, 26.917698122862419 ], [ 75.735208848401669, 26.917789161037831 ], [ 75.735361161121432, 26.917874201120526 ], [ 75.735517548788835, 26.917953074257525 ], [ 75.735677700893234, 26.918025623840776 ], [ 75.735841299446804, 26.918091705817801 ], [ 75.7360080196176, 26.918151188977731 ], [ 75.736177530373425, 26.918203955212107 ], [ 75.736349495139791, 26.918249899748844 ], [ 75.736523572467775, 26.918288931361246 ], [ 75.736699416713464, 26.918320972548713 ], [ 75.736876678722808, 26.918345959690498 ], [ 75.737055006526134, 26.918363843172415 ], [ 75.737234046037202, 26.918374587485062 ], [ 75.737413441755734, 26.918378171294592 ] ] ] } },
{ "type": "Feature", "properties": { "OBJECTID": 10.0, "ORIG_FID": 10.0, "OBJECTID_1": 7570.0, "osm_id": 375075779.0, "name": "Vaishali Marg", "ref": null, "type": "tertiary", "oneway": 1.0, "bridge": 0.0, "maxspeed": 0.0, "Shape_Leng": 0.0095872460897400008, "BUFF_DIST": 400.0, "Shape_Le_1": 0.024008386020200001, "Shape_Area": 4.5656269671e-05 }, "geometry": { "type": "Polygon", "coordinates": [ [ [ 75.745125925206196, 26.918737990334932 ], [ 75.745305321493731, 26.918734406525573 ], [ 75.745484361572665, 26.918723662213665 ], [ 75.745662689941639, 26.918705778732658 ], [ 75.745839952513165, 26.918680791592124 ], [ 75.746015797316431, 26.918648750406192 ], [ 75.746189875196706, 26.918609718795722 ], [ 75.746361840508371, 26.918563774261315 ], [ 75.746531351801764, 26.918511008029782 ], [ 75.746698072501374, 26.918451524872694 ], [ 75.746861671573811, 26.918385442899023 ], [ 75.747021824186049, 26.918312893319353 ], [ 75.747178212349468, 26.918234020186446 ], [ 75.747330525552229, 26.918148980108185 ], [ 75.747478461375806, 26.918057941937207 ], [ 75.747621726094849, 26.917961086435639 ], [ 75.747760035261251, 26.917858605915228 ], [ 75.747893114268606, 26.917750703856541 ], [ 75.748020698897506, 26.917637594503731 ], [ 75.748142535840202, 26.917519502440143 ], [ 75.748258383202995, 26.917396662141527 ], [ 75.748368010987747, 26.917269317510829 ], [ 75.74847120154709, 26.917137721393203 ], [ 75.748567750017116, 26.917002135074995 ], [ 75.748657464724261, 26.916862827763737 ], [ 75.748740167565131, 26.916720076054105 ], [ 75.748815694360587, 26.916574163378698 ], [ 75.748883895180882, 26.916425379445286 ], [ 75.748944634643919, 26.916274019660818 ], [ 75.748997792183445, 26.916120384545707 ], [ 75.749043262287557, 26.915964779136971 ], [ 75.749080954709939, 26.915807512381832 ], [ 75.749110794646128, 26.91564889652517 ], [ 75.749132722884212, 26.915489246489074 ], [ 75.749146695920444, 26.915328879247454 ], [ 75.749152686046159, 26.915168113196842 ], [ 75.749150681402455, 26.915007267524402 ], [ 75.749140686003443, 26.914846661574188 ], [ 75.749122719727836, 26.914686614212485 ], [ 75.749096818279213, 26.91452744319588 ], [ 75.749063033115021, 26.91436946453905 ], [ 75.749021431344318, 26.914212991888576 ], [ 75.748972095593558, 26.914058335899767 ], [ 75.748915123843574, 26.913905803619798 ], [ 75.748850629233175, 26.913755697878287 ], [ 75.748778739835984, 26.913608316686407 ], [ 75.748699598404642, 26.913463952644577 ], [ 75.748613362087895, 26.913322892362771 ], [ 75.748520202118186, 26.913185415890212 ], [ 75.748420303471676, 26.913051796160346 ], [ 75.748313864500972, 26.912922298449303 ], [ 75.74820109654064, 26.912797179848155 ], [ 75.748082223488439, 26.91267668875372 ], [ 75.747957481359663, 26.912561064375211 ], [ 75.74782711781944, 26.912450536258746 ], [ 75.747691391690807, 26.912345323833335 ], [ 75.747550572440275, 26.912245635973079 ], [ 75.747404939643616, 26.912151670584876 ], [ 75.74725478243073, 26.912063614213764 ], [ 75.747100398911073, 26.911981641673947 ], [ 75.746942095582256, 26.911905915701254 ], [ 75.74678018672239, 26.911836586630045 ], [ 75.746614993764979, 26.911773792095289 ], [ 75.746446844661591, 26.911717656758583 ], [ 75.7462760732314, 26.911668292061904 ], [ 75.746103018497479, 26.911625796005637 ], [ 75.745928024014574, 26.911590252953886 ], [ 75.745751437187778, 26.911561733467749 ], [ 75.745573608581708, 26.911540294164809 ], [ 75.745394891225942, 26.911525977606914 ], [ 75.745215639913852, 26.911518812215434 ], [ 75.74503621049854, 26.911518812215434 ], [ 75.74485695918662, 26.911525977606914 ], [ 75.744678241830854, 26.911540294164809 ], [ 75.744500413224785, 26.911561733467749 ], [ 75.744323826397874, 26.911590252953886 ], [ 75.74414883191514, 26.911625796005637 ], [ 75.743975777181049, 26.911668292061904 ], [ 75.743805005750801, 26.911717656758583 ], [ 75.743636856647583, 26.911773792095289 ], [ 75.743471663690173, 26.911836586630045 ], [ 75.743309754830136, 26.911905915701254 ], [ 75.74315145150149, 26.911981641673947 ], [ 75.742997067981833, 26.912063614213764 ], [ 75.742846910768776, 26.912151670584876 ], [ 75.742701277972287, 26.912245635973079 ], [ 75.742560458721641, 26.912345323833335 ], [ 75.742424732592951, 26.912450536258746 ], [ 75.7422943690529, 26.912561064375211 ], [ 75.742169626924124, 26.91267668875372 ], [ 75.742050753871752, 26.912797179848155 ], [ 75.74193798591142, 26.912922298449303 ], [ 75.741831546940716, 26.913051796160346 ], [ 75.741731648294376, 26.913185415890212 ], [ 75.741638488324725, 26.913322892362771 ], [ 75.741552252007921, 26.913463952644577 ], [ 75.741473110576578, 26.913608316686407 ], [ 75.741401221179387, 26.913755697878287 ], [ 75.741336726569045, 26.913905803619798 ], [ 75.741279754818891, 26.914058335899767 ], [ 75.741230419068245, 26.914212991888576 ], [ 75.74118881729737, 26.91436946453905 ], [ 75.741155032133349, 26.91452744319588 ], [ 75.741129130684556, 26.914686614212485 ], [ 75.741111164408949, 26.914846661574188 ], [ 75.741101169009994, 26.915007267524402 ], [ 75.741099164366403, 26.915168113196842 ], [ 75.741105154492118, 26.915328879247454 ], [ 75.74111912752835, 26.915489246489074 ], [ 75.741141055766263, 26.91564889652517 ], [ 75.74117089570268, 26.915807512381832 ], [ 75.741208588124834, 26.915964779136971 ], [ 75.741254058229117, 26.916120384545707 ], [ 75.741307215768472, 26.916274019660818 ], [ 75.74136795523151, 26.916425379445286 ], [ 75.741436156051975, 26.916574163378698 ], [ 75.741511682847317, 26.916720076054105 ], [ 75.741594385688131, 26.916862827763737 ], [ 75.741684100395275, 26.917002135074995 ], [ 75.741780648865301, 26.917137721393203 ], [ 75.741883839424645, 26.917269317510829 ], [ 75.741993467209397, 26.917396662141527 ], [ 75.74210931457236, 26.917519502440143 ], [ 75.742231151514886, 26.917637594503731 ], [ 75.742358736143785, 26.917750703856541 ], [ 75.742491815151311, 26.917858605915228 ], [ 75.74263012431777, 26.917961086435639 ], [ 75.742773389036756, 26.918057941937207 ], [ 75.742921324860163, 26.918148980108185 ], [ 75.743073638063152, 26.918234020186446 ], [ 75.743230026226513, 26.918312893319353 ], [ 75.743390178838581, 26.918385442899023 ], [ 75.743553777911188, 26.918451524872694 ], [ 75.743720498610628, 26.918511008029782 ], [ 75.743890009904192, 26.918563774261315 ], [ 75.744061975215857, 26.918609718795722 ], [ 75.74423605309596, 26.918648750406192 ], [ 75.744411897899397, 26.918680791592124 ], [ 75.74458916047098, 26.918705778732658 ], [ 75.744767488839898, 26.918723662213665 ], [ 75.744946528918661, 26.918734406525573 ], [ 75.745125925206196, 26.918737990334932 ] ] ] } },
{ "type": "Feature", "properties": { "OBJECTID": 11.0, "ORIG_FID": 11.0, "OBJECTID_1": 28191.0, "osm_id": 863482439.0, "name": "Amer Road", "ref": null, "type": "secondary", "oneway": 1.0, "bridge": 0.0, "maxspeed": 0.0, "Shape_Leng": 0.0176735322407, "BUFF_DIST": 400.0, "Shape_Le_1": 0.0240129677174, "Shape_Area": 4.56723373016e-05 }, "geometry": { "type": "Polygon", "coordinates": [ [ [ 75.842984172415186, 26.959279399444029 ], [ 75.843163632878202, 26.959275815655076 ], [ 75.843342737005116, 26.959265071404104 ], [ 75.843521129167527, 26.959247188024847 ], [ 75.8436984551509, 26.959222201026648 ], [ 75.843874362858685, 26.959190160023184 ], [ 75.844048503010924, 26.959151128634915 ], [ 75.844220529838594, 26.959105184361988 ], [ 75.844390101769818, 26.959052418430986 ], [ 75.84455688210852, 26.958992935612855 ], [ 75.844720539703019, 26.958926854015431 ], [ 75.844880749603476, 26.958854304849126 ], [ 75.845037193708265, 26.958775432165623 ], [ 75.845189561394022, 26.958690392572123 ], [ 75.845337550134047, 26.958599354920182 ], [ 75.845480866098114, 26.958502499970905 ], [ 75.845619224736083, 26.958400020035072 ], [ 75.845752351343606, 26.958292118591885 ], [ 75.845879981606402, 26.958179009884816 ], [ 75.846001862126286, 26.958060918495505 ], [ 75.846117750923156, 26.957938078898508 ], [ 75.846227417916339, 26.957810734995121 ], [ 75.846330645380988, 26.957679139629761 ], [ 75.84642722837981, 26.957543554086612 ], [ 75.84651697517063, 26.957404247572015 ], [ 75.846599707586392, 26.957261496679109 ], [ 75.846675261389407, 26.957115584838846 ], [ 75.846743486596381, 26.956966801757346 ], [ 75.846804247776674, 26.956815442839741 ], [ 75.846857424320888, 26.95666180860519 ], [ 75.846902910680114, 26.956506204088328 ], [ 75.84694061657467, 26.95634893823518 ], [ 75.846970467174572, 26.956190323288581 ], [ 75.84699240324602, 26.956030674168915 ], [ 75.847006381270262, 26.955870307848159 ], [ 75.847012373528514, 26.955709542721081 ], [ 75.847010368157896, 26.955548697973256 ], [ 75.847000369173827, 26.95538809294635 ], [ 75.846982396462352, 26.95522804650534 ], [ 75.846956485739724, 26.955068876404596 ], [ 75.846922688482266, 26.954910898657317 ], [ 75.846881071822622, 26.954754426908153 ], [ 75.846831718417377, 26.954599771810365 ], [ 75.846774726281922, 26.95444724040965 ], [ 75.846710208595937, 26.95429713553375 ], [ 75.846638293478918, 26.954149755192077 ], [ 75.846559123734551, 26.954005391983401 ], [ 75.8464728565678, 26.95386433251582 ], [ 75.846379663272558, 26.953726856837307 ], [ 75.846279728891091, 26.953593237879488 ], [ 75.846173251847006, 26.953463740916789 ], [ 75.8460604435503, 26.953338623038974 ], [ 75.845941527978823, 26.953218132641382 ], [ 75.845816741232738, 26.953102508931693 ], [ 75.845686331065281, 26.952991981455114 ], [ 75.845550556392197, 26.952886769638383 ], [ 75.845409686776634, 26.952787082355428 ], [ 75.845264001894009, 26.952693117511387 ], [ 75.845113790977564, 26.952605061650445 ], [ 75.84495935224345, 26.952523089585782 ], [ 75.84480099229927, 26.952447364051807 ], [ 75.844639025535002, 26.952378035382424 ], [ 75.844473773499089, 26.952315241211693 ], [ 75.844305564260765, 26.952259106200586 ], [ 75.844134731757947, 26.952209741790227 ], [ 75.843961615135186, 26.95216724598032 ], [ 75.843786558070349, 26.952131703134683 ], [ 75.843609908092162, 26.952103183814074 ], [ 75.843432015890926, 26.952081744635507 ], [ 75.843253234622182, 26.952067428160717 ], [ 75.843073919206518, 26.952060262810789 ], [ 75.842894425623854, 26.952060262810789 ], [ 75.842715110208189, 26.952067428160717 ], [ 75.842536328939673, 26.952081744635507 ], [ 75.842358436738436, 26.952103183814074 ], [ 75.842181786760193, 26.952131703134683 ], [ 75.842006729695356, 26.95216724598032 ], [ 75.841833613072481, 26.952209741790227 ], [ 75.841662780569834, 26.952259106200586 ], [ 75.841494571331282, 26.952315241211693 ], [ 75.841329319295596, 26.952378035382424 ], [ 75.841167352531158, 26.952447364051807 ], [ 75.841008992586978, 26.952523089585782 ], [ 75.840854553852978, 26.952605061650445 ], [ 75.840704342936419, 26.952693117511387 ], [ 75.840558658053908, 26.952787082355428 ], [ 75.840417788438231, 26.952886769638383 ], [ 75.840282013765147, 26.952991981455114 ], [ 75.84015160359786, 26.953102508931693 ], [ 75.840026816851548, 26.953218132641382 ], [ 75.839907901280128, 26.953338623038974 ], [ 75.839795092983536, 26.953463740916789 ], [ 75.839688615939338, 26.953593237879488 ], [ 75.839588681557814, 26.953726856837307 ], [ 75.839495488262628, 26.95386433251582 ], [ 75.839409221095877, 26.954005391983401 ], [ 75.83933005135151, 26.954149755192077 ], [ 75.839258136234434, 26.95429713553375 ], [ 75.839193618548677, 26.95444724040965 ], [ 75.839136626413222, 26.954599771810365 ], [ 75.839087273007976, 26.954754426908153 ], [ 75.839045656348333, 26.954910898657317 ], [ 75.839011859090704, 26.955068876404596 ], [ 75.838985948368247, 26.95522804650534 ], [ 75.838967975656601, 26.95538809294635 ], [ 75.838957976672702, 26.955548697973256 ], [ 75.838955971302084, 26.955709542721081 ], [ 75.838961963560337, 26.955870307848159 ], [ 75.838975941584408, 26.956030674168915 ], [ 75.838997877655856, 26.956190323288581 ], [ 75.839027728255701, 26.95634893823518 ], [ 75.839065434150484, 26.956506204088328 ], [ 75.839110920509484, 26.95666180860519 ], [ 75.839164097053754, 26.956815442839741 ], [ 75.83922485823399, 26.956966801757346 ], [ 75.839293083441021, 26.957115584838846 ], [ 75.839368637244036, 26.957261496679109 ], [ 75.839451369659969, 26.957404247572015 ], [ 75.839541116450619, 26.957543554086612 ], [ 75.83963769944944, 26.957679139629761 ], [ 75.839740926914089, 26.957810734995121 ], [ 75.839850593907215, 26.957938078898508 ], [ 75.839966482704313, 26.958060918495505 ], [ 75.840088363224027, 26.958179009884816 ], [ 75.840215993486993, 26.958292118591885 ], [ 75.840349120094345, 26.958400020035072 ], [ 75.840487478732484, 26.958502499970905 ], [ 75.840630794696381, 26.958599354920182 ], [ 75.840778783436406, 26.958690392572123 ], [ 75.840931151122163, 26.958775432165623 ], [ 75.841087595226952, 26.958854304849126 ], [ 75.84124780512758, 26.958926854015431 ], [ 75.841411462721908, 26.958992935612855 ], [ 75.841578243060553, 26.959052418430986 ], [ 75.841747814991834, 26.959105184361988 ], [ 75.841919841819447, 26.959151128634915 ], [ 75.842093981971914, 26.959190160023184 ], [ 75.842269889679642, 26.959222201026648 ], [ 75.842447215663071, 26.959247188024847 ], [ 75.842625607825255, 26.959265071404104 ], [ 75.842804711952169, 26.959275815655076 ], [ 75.842984172415186, 26.959279399444029 ] ] ] } },
{ "type": "Feature", "properties": { "OBJECTID": 12.0, "ORIG_FID": 12.0, "OBJECTID_1": 28191.0, "osm_id": 863482439.0, "name": "Amer Road", "ref": null, "type": "secondary", "oneway": 1.0, "bridge": 0.0, "maxspeed": 0.0, "Shape_Leng": 0.0176735322407, "BUFF_DIST": 400.0, "Shape_Le_1": 0.024012095557399998, "Shape_Area": 4.5669278826500001e-05 }, "geometry": { "type": "Polygon", "coordinates": [ [ [ 75.840609869400396, 26.951568956117001 ], [ 75.840789317647761, 26.951565372324183 ], [ 75.840968409583013, 26.951554628061615 ], [ 75.841146789602362, 26.951536744663031 ], [ 75.841324103515262, 26.951511757637775 ], [ 75.841499999249322, 26.951479716599522 ], [ 75.841674127548117, 26.951440685169018 ], [ 75.841846142666213, 26.951394740846354 ], [ 75.84201570305504, 26.95134197485811 ], [ 75.842182472041372, 26.951282491975519 ], [ 75.842346118496152, 26.951216410306472 ], [ 75.842506317491939, 26.951143861061496 ], [ 75.842662750948364, 26.951064988292558 ], [ 75.84281510826338, 26.950979948606687 ], [ 75.842963086930752, 26.950888910856179 ], [ 75.843106393140147, 26.950792055801685 ], [ 75.843244742361435, 26.950689575754666 ], [ 75.843377859908117, 26.950581674194439 ], [ 75.843505481484556, 26.950468565364417 ], [ 75.843627353709394, 26.950350473846868 ], [ 75.84374323461941, 26.950227634116345 ], [ 75.843852894149393, 26.950100290074715 ], [ 75.843956114589048, 26.949968694566167 ], [ 75.844052691015406, 26.949833108875566 ], [ 75.844142431699083, 26.94969380220931 ], [ 75.844225158485358, 26.949551051160995 ], [ 75.844300707147454, 26.949405139161854 ], [ 75.84436892771231, 26.94925635591818 ], [ 75.844429684758779, 26.949104996835786 ], [ 75.844482857685477, 26.948951362433661 ], [ 75.84452834095049, 26.948795757747007 ], [ 75.844566044280725, 26.948638491722306 ], [ 75.844595892850691, 26.948479876602676 ], [ 75.84461782743108, 26.948320227308557 ], [ 75.844631804505866, 26.948159860812609 ], [ 75.844637796358029, 26.947999095509886 ], [ 75.844635791125995, 26.947838250586017 ], [ 75.844625792824218, 26.947677645383465 ], [ 75.844607821337888, 26.94751759876732 ], [ 75.84458191238059, 26.947358428492294 ], [ 75.844548117424949, 26.947200450571756 ], [ 75.844506503599519, 26.947043978651209 ], [ 75.844457153554742, 26.946889323383914 ], [ 75.844400165299589, 26.946736791815965 ], [ 75.84433565200618, 26.94658668677539 ], [ 75.844263741784971, 26.946439306271827 ], [ 75.844184577429871, 26.946294942904728 ], [ 75.844098316135444, 26.94615388328225 ], [ 75.844005129183756, 26.946016407452589 ], [ 75.843905201604457, 26.945882788348001 ], [ 75.843798731807567, 26.945753291242852 ], [ 75.843685931188759, 26.945628173227362 ], [ 75.843567023710989, 26.945507682697269 ], [ 75.843442245457652, 26.945392058860193 ], [ 75.843311844165726, 26.945281531261912 ], [ 75.843176078733052, 26.945176319329448 ], [ 75.843035218704358, 26.945076631936672 ], [ 75.842889543736248, 26.944982666989063 ], [ 75.84273934304241, 26.944894611030975 ], [ 75.842584914818246, 26.944812638875874 ], [ 75.842426565650896, 26.944736913258453 ], [ 75.842264609908568, 26.944667584512672 ], [ 75.842099369118273, 26.944604790272649 ], [ 75.841931171326564, 26.944548655199526 ], [ 75.841760350448965, 26.944499290734655 ], [ 75.841587245606831, 26.944456794877851 ], [ 75.841412200454272, 26.944421251993106 ], [ 75.84123556249699, 26.944392732640893 ], [ 75.841057682401129, 26.944371293438849 ], [ 75.840878913298297, 26.944356976948086 ], [ 75.840699610084584, 26.944349811590371 ], [ 75.84052012871615, 26.944349811590371 ], [ 75.840340825502665, 26.944356976948086 ], [ 75.840162056399834, 26.944371293438849 ], [ 75.839984176303915, 26.944392732640893 ], [ 75.83980753834652, 26.944421251993106 ], [ 75.839632493194131, 26.944456794877851 ], [ 75.839459388351997, 26.944499290734655 ], [ 75.839288567474227, 26.944548655199526 ], [ 75.839120369682519, 26.944604790272649 ], [ 75.838955128892223, 26.944667584512672 ], [ 75.838793173150066, 26.944736913258453 ], [ 75.838634823982488, 26.944812638875874 ], [ 75.838480395758495, 26.944894611030975 ], [ 75.838330195064486, 26.944982666989063 ], [ 75.838184520096434, 26.945076631936672 ], [ 75.83804366006791, 26.945176319329448 ], [ 75.837907894635237, 26.945281531261912 ], [ 75.83777749334331, 26.945392058860193 ], [ 75.837652715089973, 26.945507682697269 ], [ 75.837533807611976, 26.945628173227362 ], [ 75.837421006993338, 26.945753291242852 ], [ 75.837314537196448, 26.945882788348001 ], [ 75.837214609617206, 26.946016407452589 ], [ 75.837121422665518, 26.94615388328225 ], [ 75.837035161371091, 26.946294942904728 ], [ 75.836955997015991, 26.946439306271827 ], [ 75.836884086794555, 26.94658668677539 ], [ 75.836819573501202, 26.946736791815965 ], [ 75.83676258524622, 26.946889323383914 ], [ 75.836713235201444, 26.947043978651209 ], [ 75.836671621375785, 26.947200450571927 ], [ 75.836637826420144, 26.947358428492294 ], [ 75.836611917463074, 26.94751759876732 ], [ 75.836593945976517, 26.947677645383465 ], [ 75.836583947674967, 26.947838250586017 ], [ 75.836581942442706, 26.947999095509886 ], [ 75.836587934295096, 26.948159860812609 ], [ 75.836601911369655, 26.948320227308557 ], [ 75.836623845950044, 26.948479876602676 ], [ 75.836653694520237, 26.948638491722306 ], [ 75.836691397850473, 26.948795757747007 ], [ 75.836736881115485, 26.948951362433661 ], [ 75.836790054042126, 26.949104996835786 ], [ 75.836850811088482, 26.94925635591818 ], [ 75.836919031653508, 26.949405139161854 ], [ 75.836994580315547, 26.949551051160995 ], [ 75.837077307101879, 26.94969380220931 ], [ 75.837167047785556, 26.949833108875566 ], [ 75.837263624211687, 26.949968694566167 ], [ 75.837366844651569, 26.950100290074715 ], [ 75.837476504181382, 26.950227634116345 ], [ 75.837592385091398, 26.950350473846868 ], [ 75.837714257316406, 26.950468565364417 ], [ 75.837841878892846, 26.950581674194439 ], [ 75.837974996439527, 26.950689575754666 ], [ 75.838113345660645, 26.950792055801685 ], [ 75.838256651870211, 26.950888910856179 ], [ 75.838404630537582, 26.950979948606687 ], [ 75.838556987852598, 26.951064988292558 ], [ 75.838713421308853, 26.951143861061496 ], [ 75.838873620304582, 26.951216410306472 ], [ 75.839037266759362, 26.951282491975519 ], [ 75.839204035745752, 26.95134197485811 ], [ 75.839373596134578, 26.951394740846354 ], [ 75.839545611252845, 26.951440685169018 ], [ 75.83971973955164, 26.951479716599522 ], [ 75.839895635285529, 26.951511757637775 ], [ 75.8400729491986, 26.951536744663031 ], [ 75.840251329217779, 26.951554628061615 ], [ 75.840430421153201, 26.951565372324183 ], [ 75.840609869400396, 26.951568956117001 ] ] ] } },
{ "type": "Feature", "properties": { "OBJECTID": 13.0, "ORIG_FID": 13.0, "OBJECTID_1": 0.0, "osm_id": 374933223.0, "name": null, "ref": null, "type": "Major", "oneway": 1.0, "bridge": 0.0, "maxspeed": 0.0, "Shape_Leng": 0.0, "BUFF_DIST": 400.0, "Shape_Le_1": 0.024002791588500001, "Shape_Area": 4.56366483942e-05 }, "geometry": { "type": "Polygon", "coordinates": [ [ [ 75.796472000620952, 26.869113257314837 ], [ 75.796651318538807, 26.869109673480466 ], [ 75.796830280403697, 26.869098929093752 ], [ 75.797008530869789, 26.869081045488372 ], [ 75.797185716004265, 26.869056058173953 ], [ 75.797361483990244, 26.869024016764968 ], [ 75.797535485825222, 26.868984984882843 ], [ 75.797707376014955, 26.868939040028522 ], [ 75.797876813259052, 26.868886273429609 ], [ 75.798043461128827, 26.868826789858474 ], [ 75.798206988735728, 26.868760707424372 ], [ 75.798367071388441, 26.868688157339363 ], [ 75.798523391237779, 26.868609283656838 ], [ 75.798675637907309, 26.868524242985984 ], [ 75.798823509110377, 26.868433204180462 ], [ 75.79896671125033, 26.868336348003538 ], [ 75.799104960003206, 26.868233866768492 ], [ 75.799237980882651, 26.868125963957027 ], [ 75.799365509784593, 26.868012853814946 ], [ 75.799487293511675, 26.867894760927129 ], [ 75.799603090276435, 26.867771919770689 ], [ 75.799712670180497, 26.867644574250392 ], [ 75.799815815671934, 26.867512977213494 ], [ 75.799912321976365, 26.867377389947478 ], [ 75.800001997503671, 26.867238081662038 ], [ 75.800084664228336, 26.867095328953894 ], [ 75.800160158042729, 26.866949415257466 ], [ 75.800228329082756, 26.866800630282398 ], [ 75.800289042025156, 26.866649269437801 ], [ 75.800342176356196, 26.866495633246416 ], [ 75.800387626610643, 26.866340026746968 ], [ 75.800425302580493, 26.866182758889238 ], [ 75.800455129494765, 26.866024141919866 ], [ 75.80047704816667, 26.865864490763386 ], [ 75.800491015111731, 26.865704122395755 ], [ 75.800497002633335, 26.865543355215891 ], [ 75.800494998877582, 26.865382508413347 ], [ 75.800485007856594, 26.865221901333939 ], [ 75.800467049440158, 26.865061852846736 ], [ 75.800441159316733, 26.864902680710088 ], [ 75.800407388920632, 26.864744700941287 ], [ 75.800365805331808, 26.864588227189131 ], [ 75.800316491140507, 26.864433570110691 ], [ 75.800259544284529, 26.864281036755642 ], [ 75.800195077853573, 26.864130929955991 ], [ 75.800123219864702, 26.863983547724558 ], [ 75.800044113008539, 26.863839182664208 ], [ 75.799957914364938, 26.863698121386562 ], [ 75.799864795091764, 26.863560643943231 ], [ 75.799764940084117, 26.863427023269594 ], [ 75.799658547607748, 26.863297524643372 ], [ 75.799545828905309, 26.863172405157741 ], [ 75.799427007776387, 26.863051913211564 ], [ 75.799302320133393, 26.862936288015021 ], [ 75.799172013533223, 26.862825759116845 ], [ 75.799036346685682, 26.862720545946559 ], [ 75.798895588939956, 26.862620857380705 ], [ 75.798750019749662, 26.862526891327093 ], [ 75.798599928117937, 26.862438834332352 ], [ 75.798445612024523, 26.862356861211765 ], [ 75.79828737783339, 26.862281134702641 ], [ 75.798125539685032, 26.862211805139907 ], [ 75.797960418872719, 26.862149010160067 ], [ 75.797792343205003, 26.8620928744254 ], [ 75.79762164635514, 26.862043509378793 ], [ 75.797448667198069, 26.862001013021029 ], [ 75.797273749139038, 26.86196546971729 ], [ 75.797097239431025, 26.861936950028792 ], [ 75.796919488485855, 26.861915510573965 ], [ 75.796740849178946, 26.861901193914491 ], [ 75.796561676148769, 26.861894028472193 ], [ 75.796382325093134, 26.861894028472193 ], [ 75.796203152063129, 26.861901193914491 ], [ 75.796024512756219, 26.861915510573965 ], [ 75.795846761811049, 26.861936950028792 ], [ 75.795670252102866, 26.86196546971729 ], [ 75.795495334044006, 26.862001013021029 ], [ 75.795322354886935, 26.862043509378793 ], [ 75.7951516580369, 26.8620928744254 ], [ 75.794983582369355, 26.862149010160067 ], [ 75.794818461557043, 26.862211805139907 ], [ 75.794656623408457, 26.862281134702641 ], [ 75.794498389217381, 26.862356861211765 ], [ 75.794344073123966, 26.862438834332352 ], [ 75.794193981492413, 26.862526891327093 ], [ 75.794048412302118, 26.862620857380705 ], [ 75.793907654556392, 26.862720545946559 ], [ 75.793771987708851, 26.862825759116845 ], [ 75.793641681108681, 26.862936288015021 ], [ 75.793516993465687, 26.863051913211564 ], [ 75.793398172336765, 26.863172405157741 ], [ 75.793285453634326, 26.863297524643372 ], [ 75.793179061157957, 26.863427023269594 ], [ 75.79307920615031, 26.863560643943231 ], [ 75.792986086877136, 26.863698121386562 ], [ 75.792899888233535, 26.863839182664208 ], [ 75.792820781377372, 26.863983547724558 ], [ 75.792748923388501, 26.864130929955991 ], [ 75.792684456957545, 26.864281036755642 ], [ 75.792627510101397, 26.864433570110691 ], [ 75.792578195910266, 26.864588227189131 ], [ 75.792536612321271, 26.864744700941287 ], [ 75.792502841925341, 26.864902680710088 ], [ 75.792476951801746, 26.865061852846736 ], [ 75.79245899338548, 26.865221901333939 ], [ 75.792449002364492, 26.865382508413347 ], [ 75.792446998608739, 26.865543355215891 ], [ 75.792452986130115, 26.865704122395755 ], [ 75.792466953075234, 26.865864490763386 ], [ 75.79248887174731, 26.866024141919866 ], [ 75.792518698661354, 26.866182758889238 ], [ 75.79255637463126, 26.866340026746968 ], [ 75.792601824885708, 26.866495633246416 ], [ 75.792654959216918, 26.866649269437801 ], [ 75.792715672159318, 26.866800630282398 ], [ 75.792783843199345, 26.866949415257466 ], [ 75.792859337013738, 26.867095328953894 ], [ 75.792942003738403, 26.867238081662038 ], [ 75.793031679265709, 26.867377389947478 ], [ 75.793128185569969, 26.867512977213494 ], [ 75.793231331061406, 26.867644574250392 ], [ 75.79334091096564, 26.867771919770689 ], [ 75.7934567077304, 26.867894760927129 ], [ 75.793578491457481, 26.868012853814946 ], [ 75.793706020359252, 26.868125963957027 ], [ 75.793839041238698, 26.868233866768492 ], [ 75.793977289991744, 26.868336348003538 ], [ 75.794120492131697, 26.868433204180462 ], [ 75.794268363334766, 26.868524242985984 ], [ 75.794420610004295, 26.868609283656838 ], [ 75.794576929853463, 26.868688157339363 ], [ 75.794737012506175, 26.868760707424372 ], [ 75.794900540113076, 26.868826789858474 ], [ 75.795067187983022, 26.868886273429609 ], [ 75.795236625226948, 26.868939040028522 ], [ 75.795408515416852, 26.868984984882843 ], [ 75.79558251725183, 26.869024016764968 ], [ 75.795758285237639, 26.869056058173953 ], [ 75.795935470372115, 26.869081045488372 ], [ 75.796113720838207, 26.869098929093752 ], [ 75.796292682703097, 26.869109673480466 ], [ 75.796472000620952, 26.869113257314837 ] ] ] } },
{ "type": "Feature", "properties": { "OBJECTID": 14.0, "ORIG_FID": 14.0, "OBJECTID_1": 0.0, "osm_id": 862954963.0, "name": null, "ref": null, "type": "Major", "oneway": 1.0, "bridge": 0.0, "maxspeed": 0.0, "Shape_Leng": 0.0, "BUFF_DIST": 400.0, "Shape_Le_1": 0.024003624272899999, "Shape_Area": 4.5639569001499998e-05 }, "geometry": { "type": "Polygon", "coordinates": [ [ [ 75.797330396390691, 26.876508015134618 ], [ 75.797509725973896, 26.876504431303943 ], [ 75.79768869948083, 26.876493686928256 ], [ 75.797866961542809, 26.87647580334135 ], [ 75.798044158203709, 26.876450816052852 ], [ 75.798219937623912, 26.876418774677234 ], [ 75.798393950778177, 26.876379742835525 ], [ 75.79856585214975, 26.876333798028782 ], [ 75.798735300416013, 26.876281031484609 ], [ 75.798901959126454, 26.876221547975092 ], [ 75.799065497371089, 26.876155465609713 ], [ 75.799225590437175, 26.876082915600023 ], [ 75.799381920454948, 26.876004041999181 ], [ 75.799534177027965, 26.875919001416605 ], [ 75.799682057849679, 26.875827962705671 ], [ 75.799825269304449, 26.875731106629246 ], [ 75.799963527050011, 26.87562862550061 ], [ 75.800096556581764, 26.875520722801184 ], [ 75.800224093778525, 26.875407612776712 ], [ 75.800345885426793, 26.875289520011677 ], [ 75.800461689723079, 26.875166678983135 ], [ 75.800571276754226, 26.875039333595169 ], [ 75.800674428953926, 26.874907736695206 ], [ 75.800770941534608, 26.87477214957039 ], [ 75.800860622893822, 26.874632841430127 ], [ 75.800943294994454, 26.87449008887063 ], [ 75.801018793718015, 26.874344175326257 ], [ 75.801086969190749, 26.874195390506259 ], [ 75.801147686080753, 26.874044029819629 ], [ 75.801200823866452, 26.873890393788599 ], [ 75.801246277075506, 26.873734787451554 ], [ 75.801283955494284, 26.87357751975793 ], [ 75.801313784346917, 26.873418902954313 ], [ 75.801335704442693, 26.873259251964669 ], [ 75.801349672294464, 26.873098883764669 ], [ 75.801355660203626, 26.872938116753062 ], [ 75.801353656315541, 26.872777270118945 ], [ 75.801343664643014, 26.87261666320768 ], [ 75.801325705056854, 26.872456614887994 ], [ 75.801299813247624, 26.872297442918182 ], [ 75.801266040653275, 26.872139463315079 ], [ 75.801224454357964, 26.87198298972686 ], [ 75.801175136957681, 26.871828332810821 ], [ 75.801118186396252, 26.871675799616014 ], [ 75.801053715770649, 26.871525692973705 ], [ 75.800981853106691, 26.871378310897057 ], [ 75.800902741104096, 26.871233945988365 ], [ 75.800816536852892, 26.871092884859195 ], [ 75.800723411521972, 26.870955407560302 ], [ 75.800623550018713, 26.870821787027353 ], [ 75.800517150621886, 26.870692288537384 ], [ 75.800404424587327, 26.870567169183573 ], [ 75.800285595729633, 26.870446677364214 ], [ 75.800160899976333, 26.870331052289544 ], [ 75.80003058490081, 26.870220523507669 ], [ 75.799894909229238, 26.870115310448455 ], [ 75.799754142328538, 26.870015621987591 ], [ 75.799608563670574, 26.869921656033114 ], [ 75.799458462277244, 26.869833599131255 ], [ 75.799304136147384, 26.869751626097354 ], [ 75.799145891665148, 26.869675899667982 ], [ 75.798984042991322, 26.869606570178462 ], [ 75.798818911440208, 26.869543775264844 ], [ 75.798650824841729, 26.869487639589522 ], [ 75.79848011689046, 26.869438274594927 ], [ 75.798307126483962, 26.869395778282183 ], [ 75.798132197049256, 26.869360235015847 ], [ 75.797955675862113, 26.869331715357589 ], [ 75.797777913357095, 26.869310275925329 ], [ 75.797599262432868, 26.869295959280919 ], [ 75.797420077750473, 26.869288793846295 ], [ 75.797240715030966, 26.869288793846295 ], [ 75.797061530348742, 26.869295959280919 ], [ 75.796882879424288, 26.869310275925329 ], [ 75.796705116919327, 26.869331715357589 ], [ 75.796528595732298, 26.869360235015847 ], [ 75.796353666297478, 26.869395778282183 ], [ 75.796180675890923, 26.869438274594927 ], [ 75.796009967939654, 26.869487639589522 ], [ 75.795841881341175, 26.869543775264844 ], [ 75.795676749790061, 26.869606570178462 ], [ 75.795514901116405, 26.869675899667982 ], [ 75.795356656634169, 26.869751626097354 ], [ 75.795202330504367, 26.869833599131255 ], [ 75.795052229110979, 26.869921656033114 ], [ 75.794906650452901, 26.870015621987591 ], [ 75.794765883552145, 26.870115310448455 ], [ 75.794630207880743, 26.870220523507669 ], [ 75.79449989280505, 26.870331052289544 ], [ 75.794375197051977, 26.870446677364214 ], [ 75.794256368194112, 26.870567169183573 ], [ 75.794143642159725, 26.870692288537384 ], [ 75.79403724276267, 26.870821787027353 ], [ 75.793937381259468, 26.870955407560302 ], [ 75.793844255928548, 26.871092884859195 ], [ 75.793758051677514, 26.871233945988365 ], [ 75.793678939674692, 26.871378310897057 ], [ 75.79360707701079, 26.871525692973705 ], [ 75.793542606385301, 26.871675799616014 ], [ 75.793485655823702, 26.871828332810821 ], [ 75.793436338423419, 26.87198298972686 ], [ 75.793394752128108, 26.872139463315079 ], [ 75.793360979533986, 26.872297442918182 ], [ 75.793335087724586, 26.872456614887994 ], [ 75.793317128138426, 26.87261666320768 ], [ 75.793307136465842, 26.872777270118945 ], [ 75.793305132577927, 26.872938116753062 ], [ 75.793311120487147, 26.873098883764669 ], [ 75.793325088338747, 26.873259251964669 ], [ 75.793347008434694, 26.873418902954313 ], [ 75.793376837287155, 26.87357751975793 ], [ 75.793414515706104, 26.873734787451554 ], [ 75.793459968915101, 26.873890393788599 ], [ 75.793513106700686, 26.874044029819629 ], [ 75.793573823590691, 26.874195390506259 ], [ 75.793641999063595, 26.874344175326257 ], [ 75.7937174977871, 26.87449008887063 ], [ 75.793800169887561, 26.874632841430127 ], [ 75.793889851246831, 26.87477214957039 ], [ 75.793986363827514, 26.874907736695206 ], [ 75.794089516027327, 26.875039333595169 ], [ 75.794199103058531, 26.875166678983135 ], [ 75.794314907354646, 26.875289520011677 ], [ 75.794436699002858, 26.875407612776712 ], [ 75.794564236199676, 26.875520722801184 ], [ 75.794697265731429, 26.87562862550061 ], [ 75.794835523476934, 26.875731106629246 ], [ 75.794978734931703, 26.875827962705671 ], [ 75.795126615753418, 26.875919001416605 ], [ 75.795278872326492, 26.876004041999181 ], [ 75.795435202344208, 26.876082915600023 ], [ 75.795595295410465, 26.876155465609713 ], [ 75.7957588336551, 26.876221547975092 ], [ 75.795925492365427, 26.876281031484609 ], [ 75.79609494063169, 26.876333798028782 ], [ 75.796266842003376, 26.876379742835525 ], [ 75.796440855157698, 26.876418774677234 ], [ 75.796616634577845, 26.876450816052852 ], [ 75.796793831238745, 26.87647580334135 ], [ 75.796972093300553, 26.876493686928256 ], [ 75.797151066807544, 26.876504431303943 ], [ 75.797330396390691, 26.876508015134618 ] ] ] } },
{ "type": "Feature", "properties": { "OBJECTID": 15.0, "ORIG_FID": 15.0, "OBJECTID_1": 2044.0, "osm_id": 293692016.0, "name": "Chandpol Bazaar", "ref": null, "type": "primary", "oneway": 1.0, "bridge": 0.0, "maxspeed": 0.0, "Shape_Leng": 0.0098821742467400005, "BUFF_DIST": 400.0, "Shape_Le_1": 0.0240095183297, "Shape_Area": 4.5660240728099997e-05 }, "geometry": { "type": "Polygon", "coordinates": [ [ [ 75.816396374576811, 26.928765650873629 ], [ 75.816575786725252, 26.928762067069272 ], [ 75.816754842633316, 26.928751322772257 ], [ 75.816933186768665, 26.928733439316488 ], [ 75.817110465012149, 26.92870845221114 ], [ 75.817286325362033, 26.928676411070342 ], [ 75.81746041863272, 26.928637379514953 ], [ 75.81763239914784, 26.928591435045007 ], [ 75.81780192542783, 26.928538668887882 ], [ 75.817968660866939, 26.928479185814695 ], [ 75.818132274403013, 26.928413103933906 ], [ 75.818292441173867, 26.928340554456554 ], [ 75.818448843163026, 26.928261681434662 ], [ 75.818601169831084, 26.928176641476114 ], [ 75.81874911873274, 26.928085603433601 ], [ 75.818892396116837, 26.927988748068628 ], [ 75.819030717509918, 26.92788626769277 ], [ 75.819163808281587, 26.927778365786196 ], [ 75.819291404188732, 26.927665256593059 ], [ 75.819413251901324, 26.92754716469625 ], [ 75.819529109504629, 26.927424324571007 ], [ 75.819638746979535, 26.927296980120104 ], [ 75.819741946659803, 26.927165384188584 ], [ 75.819838503663618, 26.927029798061938 ], [ 75.819928226300249, 26.926890490947642 ], [ 75.820010936450444, 26.926747739439975 ], [ 75.820086469920568, 26.926601826971194 ], [ 75.820154676768027, 26.926453043248216 ], [ 75.820215421598391, 26.926301683678048 ], [ 75.820268583834775, 26.926148048780703 ], [ 75.820314057956466, 26.925992443592577 ], [ 75.820351753708394, 26.925835177060492 ], [ 75.820381596280185, 26.925676561428759 ], [ 75.820403526454129, 26.925516911619297 ], [ 75.820417500723011, 26.925356544605222 ], [ 75.820423491375948, 26.925195778783063 ], [ 75.820421486552618, 26.925034933339248 ], [ 75.820411490267588, 26.924874327617317 ], [ 75.820393522401446, 26.924714280483158 ], [ 75.820367618660782, 26.924555109693017 ], [ 75.820333830507707, 26.924397131261117 ], [ 75.820292225057074, 26.924240658833526 ], [ 75.820242884943184, 26.924086003064986 ], [ 75.82018590815494, 26.923933471002442 ], [ 75.820121407841611, 26.923783365474833 ], [ 75.820049512087678, 26.923635984493103 ], [ 75.819970363658911, 26.92349162065733 ], [ 75.819884119717699, 26.923350560576921 ], [ 75.81979095151172, 26.923213084300698 ], [ 75.819691044033334, 26.923079464761827 ], [ 75.819584595652941, 26.922949967235695 ], [ 75.819471817723695, 26.922824848813377 ], [ 75.819352934162964, 26.922704357891234 ], [ 75.81922818100702, 26.922588733677969 ], [ 75.819097805943215, 26.922478205719756 ], [ 75.818962067816869, 26.92237299344481 ], [ 75.818821236118765, 26.922273305727515 ], [ 75.818675590449402, 26.922179340473633 ], [ 75.818525419963748, 26.922091284228827 ], [ 75.818371022797919, 26.922009311806391 ], [ 75.818212705476867, 26.921933585942213 ], [ 75.818050782306045, 26.921864256970366 ], [ 75.817885574747436, 26.92180146252548 ], [ 75.817717410782052, 26.921745327269434 ], [ 75.817546624257886, 26.921695962643582 ], [ 75.817373554228311, 26.921653466648081 ], [ 75.817198544278483, 26.921617923647375 ], [ 75.817021941843961, 26.921589404202223 ], [ 75.816844097520516, 26.921567964930034 ], [ 75.816665364368873, 26.921553648392546 ], [ 75.816486097213954, 26.921546483011355 ], [ 75.81630665193984, 26.921546483011355 ], [ 75.81612738478475, 26.921553648392546 ], [ 75.815948651633278, 26.921567964930034 ], [ 75.815770807309832, 26.921589404202223 ], [ 75.81559420487531, 26.921617923647375 ], [ 75.815419194925482, 26.921653466648081 ], [ 75.815246124895907, 26.921695962643582 ], [ 75.815075338371742, 26.921745327269434 ], [ 75.814907174406187, 26.92180146252548 ], [ 75.814741966847578, 26.921864256970366 ], [ 75.814580043676926, 26.921933585942213 ], [ 75.814421726355874, 26.922009311806391 ], [ 75.814267329190045, 26.922091284228827 ], [ 75.814117158704391, 26.922179340473633 ], [ 75.813971513035028, 26.922273305727515 ], [ 75.813830681336924, 26.92237299344481 ], [ 75.813694943210578, 26.922478205719756 ], [ 75.813564568146546, 26.922588733677969 ], [ 75.813439814990659, 26.922704357891234 ], [ 75.813320931430098, 26.922824848813377 ], [ 75.813208153500682, 26.922949967235695 ], [ 75.813101705120289, 26.923079464761827 ], [ 75.813001797642073, 26.923213084300698 ], [ 75.812908629436095, 26.923350560576921 ], [ 75.812822385494883, 26.92349162065733 ], [ 75.812743237065888, 26.923635984493103 ], [ 75.812671341312182, 26.923783365474833 ], [ 75.812606840998853, 26.923933471002442 ], [ 75.812549864210609, 26.924086003064986 ], [ 75.812500524096549, 26.924240658833526 ], [ 75.812458918646087, 26.924397131261117 ], [ 75.812425130493011, 26.924555109693017 ], [ 75.812399226752348, 26.924714280483158 ], [ 75.812381258886205, 26.924874327617317 ], [ 75.812371262601175, 26.925034933339248 ], [ 75.812369257777846, 26.925195778783063 ], [ 75.812375248430612, 26.925356544605222 ], [ 75.812389222699494, 26.925516911619297 ], [ 75.812411152873608, 26.925676561428759 ], [ 75.812440995445399, 26.925835177060492 ], [ 75.812478691197157, 26.925992443592577 ], [ 75.812524165318848, 26.926148048780703 ], [ 75.812577327555232, 26.926301683678048 ], [ 75.812638072385766, 26.926453043248216 ], [ 75.812706279233055, 26.926601826971194 ], [ 75.812781812703349, 26.926747739439975 ], [ 75.812864522853545, 26.926890490947642 ], [ 75.812954245490005, 26.927029798061938 ], [ 75.813050802493819, 26.927165384188584 ], [ 75.813154002174088, 26.927296980120104 ], [ 75.813263639649165, 26.927424324571007 ], [ 75.813379497252299, 26.92754716469625 ], [ 75.813501344964834, 26.927665256593059 ], [ 75.813628940872036, 26.927778365786196 ], [ 75.813762031643705, 26.92788626769277 ], [ 75.813900353036956, 26.927988748068628 ], [ 75.814043630421054, 26.928085603433601 ], [ 75.81419157932271, 26.928176641476114 ], [ 75.814343905990768, 26.928261681434662 ], [ 75.814500307979927, 26.928340554456554 ], [ 75.814660474750781, 26.928413103933906 ], [ 75.814824088286684, 26.928479185814695 ], [ 75.814990823725964, 26.928538668887882 ], [ 75.815160350005783, 26.928591435045007 ], [ 75.815332330520903, 26.928637379514953 ], [ 75.815506423791589, 26.928676411070512 ], [ 75.815682284141474, 26.92870845221114 ], [ 75.815859562385128, 26.928733439316488 ], [ 75.816037906520478, 26.928751322772257 ], [ 75.816216962428541, 26.928762067069272 ], [ 75.816396374576811, 26.928765650873629 ] ] ] } },
{ "type": "Feature", "properties": { "OBJECTID": 16.0, "ORIG_FID": 16.0, "OBJECTID_1": 5.0, "osm_id": 28776728.0, "name": "Amer Road", "ref": null, "type": "secondary", "oneway": 1.0, "bridge": 0.0, "maxspeed": 0.0, "Shape_Leng": 0.0096778092175400007, "BUFF_DIST": 400.0, "Shape_Le_1": 0.0240094757645, "Shape_Area": 4.56600914517e-05 }, "geometry": { "type": "Polygon", "coordinates": [ [ [ 75.827404410396582, 26.928388795877709 ], [ 75.827583821948679, 26.928385212073181 ], [ 75.827762877261819, 26.928374467775654 ], [ 75.827941220804462, 26.928356584318976 ], [ 75.828118498458878, 26.928331597212377 ], [ 75.828294358224525, 26.928299556069817 ], [ 75.828468450916432, 26.928260524512268 ], [ 75.828640430860162, 26.928214580040049 ], [ 75.828809956576663, 26.92816181387991 ], [ 75.828976691461719, 26.928102330803654 ], [ 75.829140304454029, 26.928036248919511 ], [ 75.829300470692715, 26.927963699438237 ], [ 75.829456872162098, 26.927884826412082 ], [ 75.829609198324079, 26.9277997864491 ], [ 75.829757146734039, 26.927708748401756 ], [ 75.829900423642073, 26.927611893031667 ], [ 75.830038744575631, 26.927509412650295 ], [ 75.830171834905002, 26.927401510738036 ], [ 75.830299430388322, 26.927288401538874 ], [ 75.830421277696018, 26.927170309635869 ], [ 75.830537134914266, 26.927047469504203 ], [ 75.830646772025034, 26.926920125046536 ], [ 75.830749971362422, 26.926788529107966 ], [ 75.83084652804547, 26.926652942974158 ], [ 75.830936250383786, 26.926513635852416 ], [ 75.831018960259371, 26.926370884337075 ], [ 75.831094493478702, 26.926224971860506 ], [ 75.831162700099469, 26.926076188129741 ], [ 75.831223444728039, 26.925924828551558 ], [ 75.831276606787867, 26.925771193646028 ], [ 75.831322080758582, 26.925615588449375 ], [ 75.831359776385284, 26.925458321908991 ], [ 75.831389618857941, 26.925299706268902 ], [ 75.831411548959238, 26.925140056450914 ], [ 75.831425523181736, 26.924979689428312 ], [ 75.831431513814778, 26.924818923597456 ], [ 75.831429508998212, 26.924658078145114 ], [ 75.83141951274655, 26.9244974724146 ], [ 75.831401544940093, 26.924337425271972 ], [ 75.831375641285604, 26.924178254473304 ], [ 75.831341853244965, 26.92402027603282 ], [ 75.831300247932688, 26.92386380359693 ], [ 75.831250907982792, 26.923709147820034 ], [ 75.831193931383893, 26.923556615749305 ], [ 75.831129431284921, 26.923406510213852 ], [ 75.831057535769958, 26.923259129224107 ], [ 75.830978387604262, 26.923114765380603 ], [ 75.830892143949541, 26.92297370529252 ], [ 75.830798976053245, 26.922836229008851 ], [ 75.830699068907052, 26.922702609462817 ], [ 75.830592620880282, 26.922573111929808 ], [ 75.830479843325861, 26.922447993500725 ], [ 75.830360960159965, 26.922327502572216 ], [ 75.830236207418693, 26.922211878352869 ], [ 75.830105832787979, 26.922101350388687 ], [ 75.829970095112628, 26.921996138108 ], [ 75.829829263882402, 26.921896450385191 ], [ 75.82968361869689, 26.921802485126534 ], [ 75.829533448710208, 26.921714428876783 ], [ 75.829379052057448, 26.921632456450027 ], [ 75.829220735262368, 26.921556730581813 ], [ 75.829058812629569, 26.921487401606157 ], [ 75.828893605619896, 26.921424607157974 ], [ 75.828725442213113, 26.921368471898688 ], [ 75.828554656256188, 26.921319107270222 ], [ 75.82838158680164, 26.92127661127256 ], [ 75.828206577433377, 26.921241068269865 ], [ 75.828029975585366, 26.921212548823178 ], [ 75.827852131852922, 26.921191109549852 ], [ 75.827673399295122, 26.921176793011682 ], [ 75.827494132735637, 26.92116962763015 ], [ 75.827314688057697, 26.92116962763015 ], [ 75.827135421498213, 26.921176793011682 ], [ 75.826956688940413, 26.921191109549852 ], [ 75.826778845207798, 26.921212548823178 ], [ 75.826602243359957, 26.921241068269865 ], [ 75.826427233991524, 26.92127661127256 ], [ 75.826254164536977, 26.921319107270222 ], [ 75.826083378580222, 26.921368471898688 ], [ 75.825915215173438, 26.921424607157974 ], [ 75.825750008163766, 26.921487401606157 ], [ 75.825588085530967, 26.921556730581813 ], [ 75.825429768735887, 26.921632456450027 ], [ 75.825275372082956, 26.921714428876783 ], [ 75.825125202096274, 26.921802485126534 ], [ 75.824979556910762, 26.921896450385191 ], [ 75.824838725680706, 26.921996138108 ], [ 75.824702988005356, 26.922101350388687 ], [ 75.824572613374642, 26.922211878352869 ], [ 75.824447860633143, 26.922327502572216 ], [ 75.824328977467474, 26.922447993500725 ], [ 75.824216199913053, 26.922573111929808 ], [ 75.824109751886112, 26.922702609462817 ], [ 75.82400984474009, 26.922836229008851 ], [ 75.823916676843567, 26.92297370529252 ], [ 75.823830433189073, 26.923114765380603 ], [ 75.82375128502315, 26.923259129224107 ], [ 75.823679389508186, 26.923406510213852 ], [ 75.823614889409271, 26.923556615749305 ], [ 75.823557912810372, 26.923709147820034 ], [ 75.823508572860476, 26.92386380359693 ], [ 75.82346696754837, 26.92402027603282 ], [ 75.823433179507731, 26.924178254473304 ], [ 75.823407275853242, 26.924337425271972 ], [ 75.823389308046785, 26.9244974724146 ], [ 75.823379311794952, 26.924658078145114 ], [ 75.823377306978387, 26.924818923597456 ], [ 75.823383297611429, 26.924979689428312 ], [ 75.823397271834097, 26.925140056450914 ], [ 75.823419201935224, 26.925299706268902 ], [ 75.82344904440788, 26.925458321908991 ], [ 75.823486740034753, 26.925615588449375 ], [ 75.823532214005297, 26.925771193646028 ], [ 75.823585376065125, 26.925924828551558 ], [ 75.823646120693866, 26.926076188129741 ], [ 75.823714327314633, 26.926224971860506 ], [ 75.823789860533964, 26.926370884337075 ], [ 75.823872570409378, 26.926513635852416 ], [ 75.823962292747865, 26.926652942974158 ], [ 75.824058849430742, 26.926788529107966 ], [ 75.82416204876813, 26.926920125046536 ], [ 75.824271685878898, 26.927047469504203 ], [ 75.824387543097316, 26.927170309635869 ], [ 75.824509390405012, 26.927288401538874 ], [ 75.824636985888162, 26.927401510738036 ], [ 75.824770076217533, 26.927509412650295 ], [ 75.824908397151262, 26.927611893031667 ], [ 75.825051674059068, 26.927708748401756 ], [ 75.825199622469256, 26.9277997864491 ], [ 75.825351948631237, 26.927884826412082 ], [ 75.82550835010062, 26.927963699438237 ], [ 75.825668516339078, 26.928036248919511 ], [ 75.825832129331388, 26.928102330803654 ], [ 75.825998864216672, 26.92816181387991 ], [ 75.826168389933173, 26.928214580040049 ], [ 75.826340369876732, 26.928260524512268 ], [ 75.826514462568809, 26.928299556069817 ], [ 75.826690322334457, 26.928331597212377 ], [ 75.826867599988873, 26.928356584318976 ], [ 75.827045943531516, 26.928374467775654 ], [ 75.827224998844486, 26.928385212073181 ], [ 75.827404410396582, 26.928388795877709 ] ] ] } },
{ "type": "Feature", "properties": { "OBJECTID": 17.0, "ORIG_FID": 17.0, "OBJECTID_1": 27983.0, "osm_id": 862509168.0, "name": "Amer Road", "ref": null, "type": "secondary", "oneway": 1.0, "bridge": 0.0, "maxspeed": 0.0, "Shape_Leng": 0.0089103103336200008, "BUFF_DIST": 400.0, "Shape_Le_1": 0.0240100158263, "Shape_Area": 4.5661985440199997e-05 }, "geometry": { "type": "Polygon", "coordinates": [ [ [ 75.829998160260516, 26.933169713131292 ], [ 75.830177579377448, 26.933166129329038 ], [ 75.830356642240304, 26.933155385038788 ], [ 75.830534993302535, 26.93313750159399 ], [ 75.83071227843169, 26.933112514504103 ], [ 75.830888145612278, 26.933080473383257 ], [ 75.831062245644773, 26.933041441851799 ], [ 75.831234232839563, 26.932995497410502 ], [ 75.831403765703953, 26.932942731285834 ], [ 75.831570507619006, 26.932883248249425 ], [ 75.831734127509776, 26.932817166409677 ], [ 75.83189430050129, 26.932744616977061 ], [ 75.83205070856485, 26.932665744004055 ], [ 75.832203041149057, 26.932580704098257 ], [ 75.83235099579656, 26.932489666112019 ], [ 75.83249427874523, 26.932392810806903 ], [ 75.832632605510241, 26.932290330494538 ], [ 75.832765701450512, 26.932182428654869 ], [ 75.832893302313039, 26.932069319531934 ], [ 75.833015154757447, 26.931951227708282 ], [ 75.833131016859738, 26.931828387659436 ], [ 75.833240658592217, 26.931701043287376 ], [ 75.833343862279946, 26.931569447437425 ], [ 75.833440423032982, 26.931433861395135 ], [ 75.833530149153376, 26.931294554367355 ], [ 75.833612862515054, 26.931151802948307 ], [ 75.833688398917786, 26.931005890570304 ], [ 75.833756608413239, 26.930857106939754 ], [ 75.833817355601866, 26.930705747463833 ], [ 75.833870519902007, 26.930552112662099 ], [ 75.833915995788516, 26.930396507570777 ], [ 75.83395369300348, 26.930239241136576 ], [ 75.833983536733115, 26.930080625603978 ], [ 75.83400546775772, 26.929920975893822 ], [ 75.834019442568206, 26.929760608979961 ], [ 75.834025433452609, 26.929599843257961 ], [ 75.834023428550438, 26.929438997914531 ], [ 75.834013431876201, 26.929278392292929 ], [ 75.833995463311055, 26.929118345258985 ], [ 75.833969558563354, 26.928959174568149 ], [ 75.833935769097195, 26.928801196234929 ], [ 75.833894162029935, 26.928644723905279 ], [ 75.833844819999001, 26.928490068233543 ], [ 75.833787840997047, 26.928337536266383 ], [ 75.833723338178118, 26.928187430832907 ], [ 75.833651439631467, 26.928040049943547 ], [ 75.833572288128153, 26.927895686198383 ], [ 75.833486040837045, 26.927754626206251 ], [ 75.833392869012528, 26.927617150016204 ], [ 75.833292957653839, 26.927483530561119 ], [ 75.833186505139111, 26.927354033116387 ], [ 75.833073722829965, 26.92722891477257 ], [ 75.832954834652242, 26.927108423926143 ], [ 75.832830076651533, 26.926992799785637 ], [ 75.832699696524571, 26.926882271896943 ], [ 75.832563953127078, 26.92677705968805 ], [ 75.832423115960069, 26.926677372033282 ], [ 75.832277464634728, 26.926583406838745 ], [ 75.832127288317679, 26.926495350649191 ], [ 75.831972885156517, 26.926413378278426 ], [ 75.83181456168785, 26.926337652461882 ], [ 75.831652632229407, 26.926268323533691 ], [ 75.831487418255847, 26.926205529128254 ], [ 75.831319247760575, 26.926149393907565 ], [ 75.831148454604772, 26.926100029312806 ], [ 75.830975377854827, 26.926057533344135 ], [ 75.830800361109596, 26.926021990365768 ], [ 75.830623751817768, 26.925993470938579 ], [ 75.8304459005887, 26.925972031679862 ], [ 75.830267160497215, 26.925957715151469 ], [ 75.830087886381477, 26.925950549774939 ], [ 75.829908434139782, 26.925950549774939 ], [ 75.829729160023874, 26.925957715151469 ], [ 75.829550419932332, 26.925972031679862 ], [ 75.82937256870332, 26.925993470938579 ], [ 75.829195959411493, 26.926021990365768 ], [ 75.829020942666205, 26.926057533344135 ], [ 75.828847865916316, 26.926100029312806 ], [ 75.828677072760513, 26.926149393907565 ], [ 75.828508902265185, 26.926205529128254 ], [ 75.828343688291682, 26.926268323533691 ], [ 75.828181758833409, 26.926337652461882 ], [ 75.828023435364571, 26.926413378278426 ], [ 75.827869032203409, 26.926495350649191 ], [ 75.827718855886303, 26.926583406838745 ], [ 75.82757320456102, 26.926677372033282 ], [ 75.82743236739401, 26.92677705968805 ], [ 75.827296623996517, 26.926882271896943 ], [ 75.827166243869556, 26.926992799785637 ], [ 75.82704148586879, 26.927108423926143 ], [ 75.826922597691123, 26.92722891477257 ], [ 75.826809815381921, 26.927354033116387 ], [ 75.826703362867192, 26.927483530561119 ], [ 75.826603451508731, 26.927617150016204 ], [ 75.826510279683987, 26.927754626206251 ], [ 75.826424032392936, 26.927895686198383 ], [ 75.826344880889621, 26.928040049943547 ], [ 75.826272982343085, 26.928187430832907 ], [ 75.826208479524041, 26.928337536266383 ], [ 75.826151500522258, 26.928490068233543 ], [ 75.826102158491153, 26.928644723905279 ], [ 75.826060551423836, 26.928801196234929 ], [ 75.826026761957678, 26.928959174568149 ], [ 75.826000857210033, 26.929118345258985 ], [ 75.825982888645058, 26.929278392292929 ], [ 75.82597289197065, 26.929438997914531 ], [ 75.825970887068422, 26.929599843257961 ], [ 75.825976877952883, 26.929760608979961 ], [ 75.825990852763482, 26.929920975893822 ], [ 75.826012783787974, 26.930080625603978 ], [ 75.826042627517609, 26.930239241136576 ], [ 75.826080324732516, 26.930396507570777 ], [ 75.826125800619252, 26.930552112662099 ], [ 75.826178964919222, 26.930705747463833 ], [ 75.826239712107849, 26.930857106939754 ], [ 75.826307921603302, 26.931005890570304 ], [ 75.826383458006205, 26.931151802948307 ], [ 75.826466171367883, 26.931294554367355 ], [ 75.826555897488106, 26.931433861395135 ], [ 75.826652458241085, 26.931569447437425 ], [ 75.826755661928814, 26.931701043287376 ], [ 75.82686530366135, 26.931828387659436 ], [ 75.826981165763641, 26.931951227708282 ], [ 75.82710301820822, 26.932069319531934 ], [ 75.827230619070519, 26.932182428654869 ], [ 75.827363715010847, 26.932290330494538 ], [ 75.827502041776029, 26.932392810806903 ], [ 75.827645324724529, 26.932489666112019 ], [ 75.827793279372202, 26.932580704098257 ], [ 75.827945611956409, 26.932665744004055 ], [ 75.828102020019969, 26.932744616977061 ], [ 75.828262193011483, 26.932817166409677 ], [ 75.828425812902083, 26.932883248249425 ], [ 75.828592554817305, 26.932942731285834 ], [ 75.828762087681469, 26.932995497410502 ], [ 75.828934074876486, 26.933041441851799 ], [ 75.829108174908811, 26.933080473383257 ], [ 75.829284042089341, 26.933112514504103 ], [ 75.829461327218496, 26.93313750159399 ], [ 75.829639678280955, 26.933155385038788 ], [ 75.82981874114364, 26.933166129329038 ], [ 75.829998160260516, 26.933169713131292 ] ] ] } },
{ "type": "Feature", "properties": { "OBJECTID": 18.0, "ORIG_FID": 18.0, "OBJECTID_1": 0.0, "osm_id": 28776728.0, "name": null, "ref": null, "type": "Major", "oneway": 1.0, "bridge": 0.0, "maxspeed": 0.0, "Shape_Leng": 0.0, "BUFF_DIST": 400.0, "Shape_Le_1": 0.0240094757645, "Shape_Area": 4.56600914517e-05 }, "geometry": { "type": "Polygon", "coordinates": [ [ [ 75.827404410193196, 26.928388795418357 ], [ 75.827583821745293, 26.928385211613829 ], [ 75.827762877058433, 26.928374467316246 ], [ 75.827941220601019, 26.928356583859568 ], [ 75.828118498255492, 26.928331596752969 ], [ 75.828294358021139, 26.928299555610465 ], [ 75.828468450713046, 26.928260524052916 ], [ 75.828640430656776, 26.928214579580697 ], [ 75.828809956373277, 26.928161813420502 ], [ 75.828976691258333, 26.928102330344302 ], [ 75.829140304250643, 26.928036248459989 ], [ 75.829300470489329, 26.927963698978715 ], [ 75.829456871958712, 26.927884825952731 ], [ 75.829609198120693, 26.927799785989748 ], [ 75.829757146530653, 26.927708747942404 ], [ 75.829900423438687, 26.927611892572088 ], [ 75.830038744372246, 26.927509412190943 ], [ 75.830171834701559, 26.927401510278685 ], [ 75.830299430184937, 26.927288401079522 ], [ 75.830421277492633, 26.92717030917629 ], [ 75.830537134710823, 26.927047469044794 ], [ 75.830646771821591, 26.926920124587184 ], [ 75.830749971159037, 26.926788528648558 ], [ 75.830846527842027, 26.926652942514806 ], [ 75.8309362501804, 26.926513635393064 ], [ 75.831018960055985, 26.926370883877723 ], [ 75.831094493275145, 26.926224971401155 ], [ 75.831162699896083, 26.926076187670219 ], [ 75.831223444524653, 26.925924828091979 ], [ 75.831276606584424, 26.925771193186506 ], [ 75.831322080555196, 26.925615587990023 ], [ 75.831359776181898, 26.925458321449639 ], [ 75.831389618654555, 26.92529970580955 ], [ 75.831411548755852, 26.925140055991335 ], [ 75.83142552297835, 26.924979688968961 ], [ 75.831431513611392, 26.924818923138048 ], [ 75.831429508794827, 26.924658077685763 ], [ 75.831419512543164, 26.924497471955078 ], [ 75.831401544736707, 26.92433742481262 ], [ 75.831375641082218, 26.924178254013725 ], [ 75.831341853041579, 26.924020275573469 ], [ 75.831300247729303, 26.923863803137408 ], [ 75.831250907779406, 26.923709147360682 ], [ 75.831193931180508, 26.923556615289954 ], [ 75.831129431081536, 26.923406509754329 ], [ 75.831057535566572, 26.923259128764755 ], [ 75.830978387400876, 26.923114764921195 ], [ 75.830892143746155, 26.922973704833169 ], [ 75.830798975849859, 26.9228362285495 ], [ 75.830699068703666, 26.922702609003466 ], [ 75.830592620676896, 26.922573111470399 ], [ 75.830479843122475, 26.922447993041374 ], [ 75.830360959956579, 26.922327502112864 ], [ 75.830236207215307, 26.922211877893346 ], [ 75.830105832584593, 26.922101349929278 ], [ 75.829970094909243, 26.921996137648648 ], [ 75.829829263679017, 26.921896449925839 ], [ 75.829683618493505, 26.921802484666955 ], [ 75.829533448506822, 26.921714428417374 ], [ 75.829379051854062, 26.921632455990675 ], [ 75.829220735058982, 26.92155673012229 ], [ 75.829058812426183, 26.921487401146805 ], [ 75.828893605416511, 26.921424606698395 ], [ 75.828725442009727, 26.921368471439337 ], [ 75.828554656052972, 26.921319106810813 ], [ 75.828381586598198, 26.921276610812981 ], [ 75.828206577229992, 26.921241067810513 ], [ 75.828029975382151, 26.921212548363599 ], [ 75.827852131649536, 26.92119110909033 ], [ 75.827673399091736, 26.92117679255216 ], [ 75.827494132532252, 26.921169627170627 ], [ 75.827314687854312, 26.921169627170627 ], [ 75.827135421294827, 26.92117679255216 ], [ 75.826956688737027, 26.92119110909033 ], [ 75.826778845004355, 26.921212548363599 ], [ 75.826602243156572, 26.921241067810513 ], [ 75.826427233788138, 26.921276610812981 ], [ 75.826254164333534, 26.921319106810813 ], [ 75.826083378376779, 26.921368471439337 ], [ 75.825915214970053, 26.921424606698395 ], [ 75.82575000796038, 26.921487401146805 ], [ 75.825588085327581, 26.92155673012229 ], [ 75.825429768532501, 26.921632455990675 ], [ 75.825275371879513, 26.921714428417374 ], [ 75.825125201892888, 26.921802484666955 ], [ 75.824979556707376, 26.921896449925839 ], [ 75.824838725477321, 26.921996137648648 ], [ 75.82470298780197, 26.922101349929278 ], [ 75.824572613171256, 26.922211877893346 ], [ 75.824447860429757, 26.922327502112864 ], [ 75.824328977264088, 26.922447993041374 ], [ 75.824216199709667, 26.922573111470399 ], [ 75.824109751682897, 26.922702609003466 ], [ 75.824009844536704, 26.9228362285495 ], [ 75.823916676640181, 26.922973704833169 ], [ 75.823830432985687, 26.923114764921195 ], [ 75.823751284819764, 26.923259128764755 ], [ 75.823679389304971, 26.923406509754329 ], [ 75.823614889206056, 26.923556615289954 ], [ 75.823557912607157, 26.923709147360682 ], [ 75.823508572657033, 26.923863803137408 ], [ 75.823466967344984, 26.924020275573469 ], [ 75.823433179304345, 26.924178254013725 ], [ 75.823407275649856, 26.92433742481262 ], [ 75.823389307843399, 26.924497471955078 ], [ 75.823379311591566, 26.924658077685763 ], [ 75.823377306775171, 26.924818923138048 ], [ 75.823383297408043, 26.924979688968961 ], [ 75.823397271630711, 26.925140055991335 ], [ 75.823419201731838, 26.92529970580955 ], [ 75.823449044204665, 26.925458321449639 ], [ 75.823486739831367, 26.925615587990023 ], [ 75.823532213801911, 26.925771193186506 ], [ 75.82358537586174, 26.925924828091979 ], [ 75.823646120490423, 26.926076187670219 ], [ 75.823714327111247, 26.926224971401155 ], [ 75.823789860330578, 26.926370883877723 ], [ 75.823872570206163, 26.926513635393064 ], [ 75.823962292544479, 26.926652942514806 ], [ 75.824058849227526, 26.926788528648558 ], [ 75.824162048564915, 26.926920124587184 ], [ 75.824271685675683, 26.927047469044794 ], [ 75.82438754289393, 26.92717030917629 ], [ 75.824509390201627, 26.927288401079522 ], [ 75.824636985684947, 26.927401510278685 ], [ 75.824770076014318, 26.927509412190943 ], [ 75.824908396947876, 26.927611892572088 ], [ 75.825051673855853, 26.927708747942404 ], [ 75.82519962226587, 26.927799785989748 ], [ 75.825351948427851, 26.927884825952731 ], [ 75.825508349897234, 26.927963698978715 ], [ 75.825668516135693, 26.928036248459989 ], [ 75.825832129128003, 26.928102330344302 ], [ 75.825998864013286, 26.928161813420502 ], [ 75.826168389729787, 26.928214579580697 ], [ 75.826340369673289, 26.928260524052916 ], [ 75.826514462365424, 26.928299555610465 ], [ 75.826690322131071, 26.928331596752969 ], [ 75.826867599785487, 26.928356583859568 ], [ 75.82704594332813, 26.928374467316246 ], [ 75.82722499864127, 26.928385211613829 ], [ 75.827404410193196, 26.928388795418357 ] ] ] } },
{ "type": "Feature", "properties": { "OBJECTID": 19.0, "ORIG_FID": 19.0, "OBJECTID_1": 0.0, "osm_id": 862509168.0, "name": null, "ref": null, "type": "Major", "oneway": 1.0, "bridge": 0.0, "maxspeed": 0.0, "Shape_Leng": 0.0, "BUFF_DIST": 400.0, "Shape_Le_1": 0.0240100158263, "Shape_Area": 4.5661985440199997e-05 }, "geometry": { "type": "Polygon", "coordinates": [ [ [ 75.82999816046447, 26.933169712798531 ], [ 75.830177579581346, 26.933166128996334 ], [ 75.830356642444201, 26.933155384706083 ], [ 75.83053499350649, 26.933137501261456 ], [ 75.830712278635815, 26.933112514171398 ], [ 75.830888145816175, 26.933080473050495 ], [ 75.831062245848727, 26.933041441519094 ], [ 75.831234233043688, 26.932995497077798 ], [ 75.831403765907851, 26.93294273095313 ], [ 75.831570507823074, 26.93288324791672 ], [ 75.831734127713673, 26.932817166076973 ], [ 75.831894300705187, 26.932744616644356 ], [ 75.832050708768747, 26.93266574367135 ], [ 75.832203041353011, 26.932580703765552 ], [ 75.832350996000628, 26.932489665779315 ], [ 75.832494278949184, 26.932392810474198 ], [ 75.832632605714309, 26.932290330161777 ], [ 75.832765701654466, 26.932182428322164 ], [ 75.832893302516936, 26.932069319199229 ], [ 75.833015154961345, 26.931951227375578 ], [ 75.833131017063693, 26.931828387326732 ], [ 75.833240658796171, 26.931701042954842 ], [ 75.8333438624839, 26.931569447104891 ], [ 75.83344042323688, 26.93143386106243 ], [ 75.833530149357273, 26.93129455403465 ], [ 75.833612862718951, 26.931151802615773 ], [ 75.833688399121854, 26.9310058902376 ], [ 75.833756608617136, 26.93085710660705 ], [ 75.833817355805763, 26.930705747131128 ], [ 75.833870520105961, 26.930552112329394 ], [ 75.833915995992641, 26.930396507238072 ], [ 75.833953693207434, 26.930239240803871 ], [ 75.833983536937012, 26.930080625271273 ], [ 75.834005467961674, 26.929920975561117 ], [ 75.83401944277216, 26.9297606086472 ], [ 75.834025433656564, 26.929599842925256 ], [ 75.834023428754335, 26.929438997581826 ], [ 75.834013432080098, 26.929278391960224 ], [ 75.833995463514952, 26.92911834492628 ], [ 75.833969558767308, 26.928959174235388 ], [ 75.833935769301149, 26.928801195902224 ], [ 75.833894162233833, 26.928644723572575 ], [ 75.833844820202955, 26.928490067900839 ], [ 75.833787841200945, 26.928337535933679 ], [ 75.833723338382072, 26.928187430500202 ], [ 75.833651439835364, 26.928040049610843 ], [ 75.833572288332107, 26.927895685865678 ], [ 75.833486041040999, 26.927754625873547 ], [ 75.833392869216425, 26.927617149683499 ], [ 75.833292957857793, 26.927483530228415 ], [ 75.833186505343235, 26.927354032783683 ], [ 75.833073723033863, 26.927228914439866 ], [ 75.832954834856196, 26.927108423593438 ], [ 75.83283007685543, 26.926992799452933 ], [ 75.832699696728469, 26.926882271564239 ], [ 75.832563953330975, 26.926777059355345 ], [ 75.832423116163966, 26.926677371700578 ], [ 75.832277464838683, 26.92658340650604 ], [ 75.832127288521633, 26.926495350316486 ], [ 75.831972885360415, 26.926413377945721 ], [ 75.831814561891747, 26.926337652129178 ], [ 75.831652632433304, 26.926268323200986 ], [ 75.831487418459801, 26.926205528795549 ], [ 75.831319247964473, 26.926149393574804 ], [ 75.83114845480867, 26.926100028980102 ], [ 75.830975378058952, 26.926057533011431 ], [ 75.830800361313663, 26.926021990033064 ], [ 75.830623752021665, 26.925993470605874 ], [ 75.830445900792824, 26.925972031347158 ], [ 75.830267160701283, 26.925957714818765 ], [ 75.830087886585375, 26.925950549442177 ], [ 75.829908434343679, 26.925950549442177 ], [ 75.829729160227771, 26.925957714818765 ], [ 75.829550420136286, 26.925972031347158 ], [ 75.829372568907218, 26.925993470605874 ], [ 75.829195959615447, 26.926021990033064 ], [ 75.829020942870159, 26.926057533011431 ], [ 75.828847866120213, 26.926100028980102 ], [ 75.828677072964638, 26.926149393574804 ], [ 75.828508902469309, 26.926205528795549 ], [ 75.828343688495806, 26.926268323200986 ], [ 75.828181759037307, 26.926337652129178 ], [ 75.828023435568696, 26.926413377945721 ], [ 75.827869032407307, 26.926495350316486 ], [ 75.827718856090257, 26.92658340650604 ], [ 75.827573204765088, 26.926677371700578 ], [ 75.827432367597908, 26.926777059355345 ], [ 75.827296624200414, 26.926882271564239 ], [ 75.827166244073453, 26.926992799452933 ], [ 75.827041486072915, 26.927108423593438 ], [ 75.82692259789502, 26.927228914439866 ], [ 75.826809815585875, 26.927354032783683 ], [ 75.826703363071147, 26.927483530228415 ], [ 75.826603451712685, 26.927617149683499 ], [ 75.826510279887941, 26.927754625873547 ], [ 75.826424032596833, 26.927895685865678 ], [ 75.826344881093689, 26.928040049610843 ], [ 75.826272982547039, 26.928187430500202 ], [ 75.826208479727939, 26.928337535933679 ], [ 75.826151500726155, 26.928490067900839 ], [ 75.826102158695107, 26.928644723572575 ], [ 75.826060551627961, 26.928801195902224 ], [ 75.826026762161803, 26.928959174235388 ], [ 75.826000857414101, 26.92911834492628 ], [ 75.825982888849012, 26.929278391960224 ], [ 75.825972892174775, 26.929438997581826 ], [ 75.825970887272547, 26.929599842925256 ], [ 75.82597687815678, 26.9297606086472 ], [ 75.825990852967436, 26.929920975561117 ], [ 75.826012783991871, 26.930080625271273 ], [ 75.826042627721677, 26.930239240803871 ], [ 75.82608032493647, 26.930396507238072 ], [ 75.826125800823149, 26.930552112329394 ], [ 75.82617896512312, 26.930705747131128 ], [ 75.826239712311747, 26.93085710660705 ], [ 75.826307921807256, 26.9310058902376 ], [ 75.826383458210159, 26.931151802615773 ], [ 75.826466171571838, 26.93129455403465 ], [ 75.82655589769206, 26.93143386106243 ], [ 75.82665245844521, 26.931569447104891 ], [ 75.826755662132939, 26.931701042954842 ], [ 75.826865303865247, 26.931828387326732 ], [ 75.826981165967766, 26.931951227375578 ], [ 75.827103018412117, 26.932069319199229 ], [ 75.827230619274474, 26.932182428322164 ], [ 75.827363715214801, 26.932290330161777 ], [ 75.827502041979926, 26.932392810474198 ], [ 75.827645324928483, 26.932489665779315 ], [ 75.827793279576099, 26.932580703765552 ], [ 75.827945612160363, 26.93266574367135 ], [ 75.828102020223923, 26.932744616644356 ], [ 75.82826219321538, 26.932817166076973 ], [ 75.828425813106037, 26.93288324791672 ], [ 75.828592555021203, 26.93294273095313 ], [ 75.828762087885423, 26.932995497077798 ], [ 75.828934075080383, 26.933041441519094 ], [ 75.829108175112708, 26.933080473050495 ], [ 75.829284042293295, 26.933112514171398 ], [ 75.82946132742245, 26.933137501261456 ], [ 75.829639678484909, 26.933155384706083 ], [ 75.829818741347765, 26.933166128996334 ], [ 75.82999816046447, 26.933169712798531 ] ] ] } },
{ "type": "Feature", "properties": { "OBJECTID": 20.0, "ORIG_FID": 20.0, "OBJECTID_1": 739.0, "osm_id": 86623380.0, "name": "Brahmpuri Road", "ref": null, "type": "tertiary", "oneway": 0.0, "bridge": 0.0, "maxspeed": 40.0, "Shape_Leng": 0.0083472902205300008, "BUFF_DIST": 400.0, "Shape_Le_1": 0.0240108620987, "Shape_Area": 4.5664953261699999e-05 }, "geometry": { "type": "Polygon", "coordinates": [ [ [ 75.824940037766339, 26.940658860650672 ], [ 75.825119468737057, 26.94065527685234 ], [ 75.825298543429881, 26.940644532573231 ], [ 75.825476906275469, 26.940626649147305 ], [ 75.825654203117381, 26.940601662083679 ], [ 75.825830081916934, 26.940569620996428 ], [ 75.826004193451524, 26.940530589506182 ], [ 75.826176192008802, 26.940484645113031 ], [ 75.826345736073449, 26.940431879043786 ], [ 75.826512489004358, 26.940372396070075 ], [ 75.826676119704643, 26.940306314299789 ], [ 75.82683630327773, 26.940233764943571 ], [ 75.826992721674173, 26.94015489205367 ], [ 75.827145064321826, 26.9400698522374 ], [ 75.827293028743497, 26.939978814347114 ], [ 75.827436321157393, 26.939881959143975 ], [ 75.827574657060268, 26.939779478939556 ], [ 75.827707761792681, 26.939671577213574 ], [ 75.827835371084007, 26.939558468209839 ], [ 75.827957231577614, 26.939440376510731 ], [ 75.828073101333132, 26.939317536591545 ], [ 75.82818275030769, 26.939190192353976 ], [ 75.828285960812195, 26.939058596642951 ], [ 75.828382527943006, 26.938923010743792 ], [ 75.828472259989326, 26.938783703863123 ], [ 75.828554978813827, 26.938640952595051 ], [ 75.828630520205081, 26.938495040371095 ], [ 75.828698734205091, 26.938346256898058 ], [ 75.828759485405044, 26.938194897582207 ], [ 75.828812653215266, 26.938041262943159 ], [ 75.828858132104415, 26.937885658016512 ], [ 75.828895831807642, 26.937728391749147 ], [ 75.828925677507073, 26.937569776384407 ], [ 75.82894760997857, 26.937410126843702 ], [ 75.828961585710431, 26.937249760099803 ], [ 75.828967576988646, 26.93708899454856 ], [ 75.828965571952153, 26.936928149375831 ], [ 75.828955574615691, 26.936767543924759 ], [ 75.828937604861835, 26.936607497060777 ], [ 75.828911698401214, 26.936448326539221 ], [ 75.82887790670128, 26.936290348374087 ], [ 75.828836296883992, 26.936133876210874 ], [ 75.828786951592065, 26.935979220703643 ], [ 75.828729968824746, 26.935826688898999 ], [ 75.82866546174364, 26.935676583625366 ], [ 75.8285935584463, 26.935529202893065 ], [ 75.828514401713392, 26.935384839301776 ], [ 75.828428148724129, 26.935243779460109 ], [ 75.828334970743924, 26.935106303416717 ], [ 75.828235052784862, 26.934972684104309 ], [ 75.828128593237579, 26.934843186797764 ], [ 75.828015803477967, 26.934718068587586 ], [ 75.827896907446643, 26.934597577869908 ], [ 75.827772141204719, 26.934481953852867 ], [ 75.82764175246524, 26.934371426082294 ], [ 75.827506000101209, 26.934266213986007 ], [ 75.827365153631433, 26.934166526437821 ], [ 75.827219492685401, 26.934072561343612 ], [ 75.827069306448948, 26.933984505248418 ], [ 75.826914893088997, 26.933902532965419 ], [ 75.82675655916313, 26.933826807229877 ], [ 75.8265946190092, 26.933757478375924 ], [ 75.826429394123352, 26.933694684037846 ], [ 75.826261212520649, 26.933638548877127 ], [ 75.826090408084269, 26.933589184335347 ], [ 75.825917319903169, 26.93354668841215 ], [ 75.825742291598431, 26.933511145471982 ], [ 75.825565670641993, 26.933482626075204 ], [ 75.825387807666459, 26.933461186839565 ], [ 75.825209055769619, 26.933446870326577 ], [ 75.825029769813398, 26.933439704957664 ], [ 75.824850305719337, 26.933439704957664 ], [ 75.824671019763116, 26.933446870326577 ], [ 75.824492267866276, 26.933461186839565 ], [ 75.824314404890913, 26.933482626075204 ], [ 75.824137783934475, 26.933511145471982 ], [ 75.823962755629736, 26.93354668841215 ], [ 75.823789667448409, 26.933589184335347 ], [ 75.8236188630122, 26.933638548877127 ], [ 75.823450681409327, 26.933694684037846 ], [ 75.823285456523649, 26.933757478375924 ], [ 75.823123516369776, 26.933826807229877 ], [ 75.822965182443681, 26.933902532965419 ], [ 75.822810769083901, 26.933984505248418 ], [ 75.822660582847334, 26.934072561343612 ], [ 75.822514921901416, 26.934166526437821 ], [ 75.82237407543164, 26.934266213986007 ], [ 75.822238323067438, 26.934371426082294 ], [ 75.822107934328017, 26.934481953852867 ], [ 75.821983168086206, 26.934597577869908 ], [ 75.821864272054881, 26.934718068587586 ], [ 75.821751482295156, 26.934843186797764 ], [ 75.821645022747987, 26.934972684104309 ], [ 75.821545104788925, 26.935106303416717 ], [ 75.821451926808777, 26.935243779460109 ], [ 75.821365673819287, 26.935384839301776 ], [ 75.821286517086605, 26.935529202893065 ], [ 75.821214613789209, 26.935676583625366 ], [ 75.821150106707933, 26.935826688898999 ], [ 75.821093123940841, 26.935979220703643 ], [ 75.821043778648857, 26.936133876210874 ], [ 75.821002168831399, 26.936290348374087 ], [ 75.820968377131464, 26.936448326539221 ], [ 75.820942470670843, 26.936607497060777 ], [ 75.820924500916988, 26.936767543924759 ], [ 75.820914503580525, 26.936928149375831 ], [ 75.820912498544033, 26.93708899454856 ], [ 75.820918489822247, 26.937249760099803 ], [ 75.820932465554108, 26.937410126843702 ], [ 75.820954398025776, 26.937569776384407 ], [ 75.820984243725036, 26.937728391749147 ], [ 75.82102194342832, 26.937885658016512 ], [ 75.821067422317412, 26.938041262943159 ], [ 75.821120590127805, 26.938194897582207 ], [ 75.821181341327815, 26.938346256898058 ], [ 75.821249555327597, 26.938495040371095 ], [ 75.821325096719022, 26.938640952595051 ], [ 75.821407815543353, 26.938783703863123 ], [ 75.8214975475899, 26.938923010743792 ], [ 75.82159411472071, 26.939058596642951 ], [ 75.821697325225045, 26.939190192353976 ], [ 75.821806974199717, 26.939317536591545 ], [ 75.821922843955292, 26.939440376510731 ], [ 75.822044704448729, 26.939558468209839 ], [ 75.822172313740055, 26.939671577213574 ], [ 75.822305418472411, 26.939779478939556 ], [ 75.822443754375342, 26.939881959143975 ], [ 75.822587046789351, 26.939978814347114 ], [ 75.822735011211023, 26.9400698522374 ], [ 75.822887353858675, 26.94015489205367 ], [ 75.823043772255005, 26.940233764943571 ], [ 75.823203955828205, 26.940306314299789 ], [ 75.82336758652832, 26.940372396070075 ], [ 75.823534339459286, 26.940431879043786 ], [ 75.823703883523933, 26.940484645113031 ], [ 75.823875882081381, 26.940530589506182 ], [ 75.824049993615972, 26.940569620996428 ], [ 75.824225872415298, 26.940601662083679 ], [ 75.824403169257209, 26.940626649147305 ], [ 75.824581532102798, 26.940644532573231 ], [ 75.824760606795849, 26.94065527685234 ], [ 75.824940037766339, 26.940658860650672 ] ] ] } },
{ "type": "Feature", "properties": { "OBJECTID": 21.0, "ORIG_FID": 21.0, "OBJECTID_1": 0.0, "osm_id": 0.0, "name": null, "ref": null, "type": null, "oneway": 0.0, "bridge": 0.0, "maxspeed": 0.0, "Shape_Leng": 0.0, "BUFF_DIST": 400.0, "Shape_Le_1": 0.024007317030499999, "Shape_Area": 4.5652520593499999e-05 }, "geometry": { "type": "Polygon", "coordinates": [ [ [ 75.741629899800159, 26.90926604130874 ], [ 75.74180928111349, 26.909262457494606 ], [ 75.741988306247947, 26.90925171316826 ], [ 75.742166619731904, 26.909233829663435 ], [ 75.742343867507316, 26.909208842489704 ], [ 75.742519697633043, 26.909176801261367 ], [ 75.742693760983286, 26.909137769598829 ], [ 75.742865711941306, 26.909091825003316 ], [ 75.743035209085974, 26.909039058701637 ], [ 75.743201915869804, 26.90897957546548 ], [ 75.743365501287371, 26.908913493403873 ], [ 75.743525640532198, 26.908840943727739 ], [ 75.743682015642889, 26.908762070489843 ], [ 75.743834316133018, 26.908677030298463 ], [ 75.743982239609295, 26.908585992006351 ], [ 75.744125492371325, 26.908489136375806 ], [ 75.74426378999442, 26.908386655718971 ], [ 75.74439685789531, 26.908278753516413 ], [ 75.744524431876414, 26.908165644012968 ], [ 75.744646258651017, 26.908047551791981 ], [ 75.744762096345994, 26.907924711329542 ], [ 75.744871714982139, 26.907797366528882 ], [ 75.744974896930273, 26.907665770235724 ], [ 75.745071437343597, 26.907530183736526 ], [ 75.745161144564634, 26.907390876239276 ], [ 75.745243840504713, 26.907248124338821 ], [ 75.745319360998394, 26.907102211468612 ], [ 75.745387556128662, 26.90695342733602 ], [ 75.74544829052428, 26.906802067349076 ], [ 75.745501443629337, 26.906648432028646 ], [ 75.745546909940913, 26.906492826411522 ], [ 75.745584599219455, 26.906335559445836 ], [ 75.745614436667552, 26.906176943376806 ], [ 75.745636363077892, 26.906017293126581 ], [ 75.745650334950085, 26.905856925670037 ], [ 75.745656324578249, 26.905696159403817 ], [ 75.745654320104336, 26.905535313515543 ], [ 75.745644325541832, 26.905374707349665 ], [ 75.745626360767972, 26.905214659773037 ], [ 75.74560046148315, 26.90505548854253 ], [ 75.745566679140722, 26.904897509673276 ], [ 75.745525080844004, 26.904741036812482 ], [ 75.745475749212744, 26.904586380615626 ], [ 75.745418782219133, 26.904433848130338 ], [ 75.745354292993113, 26.904283742186635 ], [ 75.745282409597166, 26.904136360796201 ], [ 75.745203274772052, 26.90399199656008 ], [ 75.745117045653615, 26.903850936087963 ], [ 75.745023893459745, 26.90371345942998 ], [ 75.744924003151652, 26.903579839520035 ], [ 75.744817573064495, 26.903450341634198 ], [ 75.744704814516069, 26.903325222864055 ], [ 75.744585951384806, 26.903204731606934 ], [ 75.744461219666675, 26.903089107072276 ], [ 75.744330867006283, 26.902978578806596 ], [ 75.744195152204441, 26.902873366238737 ], [ 75.744054344705773, 26.902773678243761 ], [ 75.743908724062578, 26.9026797127284 ], [ 75.743758579380312, 26.902591656238314 ], [ 75.743604208743875, 26.902509683587766 ], [ 75.743445918625412, 26.902433957512585 ], [ 75.743284023276374, 26.902364628347414 ], [ 75.743118844103833, 26.90230183372762 ], [ 75.742950709032073, 26.902245698315028 ], [ 75.742779951851958, 26.902196333551558 ], [ 75.742606911558369, 26.902153837437538 ], [ 75.742431931678027, 26.902118294337697 ], [ 75.742255359586352, 26.902089774813021 ], [ 75.742077545819086, 26.90206833548109 ], [ 75.741898843376362, 26.902054018903641 ], [ 75.741719607021707, 26.902046853502611 ], [ 75.741540192578782, 26.902046853502611 ], [ 75.741360956224128, 26.902054018903641 ], [ 75.741182253781403, 26.90206833548109 ], [ 75.741004440014137, 26.902089774813021 ], [ 75.740827867922405, 26.902118294337697 ], [ 75.740652888041893, 26.902153837437538 ], [ 75.740479847748531, 26.902196333551558 ], [ 75.74030909056836, 26.902245698315028 ], [ 75.740140955496656, 26.90230183372762 ], [ 75.739975776324059, 26.902364628347414 ], [ 75.739813880975021, 26.902433957512585 ], [ 75.739655590856614, 26.902509683587766 ], [ 75.739501220220177, 26.902591656238314 ], [ 75.739351075537854, 26.9026797127284 ], [ 75.739205454894659, 26.902773678243761 ], [ 75.739064647396049, 26.902873366238737 ], [ 75.738928932594149, 26.902978578806596 ], [ 75.738798579933587, 26.903089107072276 ], [ 75.738673848215456, 26.903204731606934 ], [ 75.738554985084249, 26.903325222864055 ], [ 75.738442226535767, 26.903450341634198 ], [ 75.73833579644878, 26.903579839520035 ], [ 75.738235906140517, 26.90371345942998 ], [ 75.738142753946818, 26.903850936087963 ], [ 75.73805652482838, 26.90399199656008 ], [ 75.737977390003323, 26.904136360796201 ], [ 75.737905506607376, 26.904283742186635 ], [ 75.737841017381299, 26.904433848130338 ], [ 75.737784050387688, 26.904586380615626 ], [ 75.737734718756485, 26.904741036812482 ], [ 75.737693120459596, 26.904897509673276 ], [ 75.737659338117339, 26.90505548854253 ], [ 75.737633438832461, 26.905214659773037 ], [ 75.7376154740586, 26.905374707349665 ], [ 75.737605479496096, 26.905535313515543 ], [ 75.737603475022183, 26.905696159403817 ], [ 75.737609464650347, 26.905856925670037 ], [ 75.73762343652254, 26.906017293126581 ], [ 75.737645362932767, 26.906176943376806 ], [ 75.737675200380806, 26.906335559445836 ], [ 75.73771288965952, 26.906492826411522 ], [ 75.737758355971152, 26.906648432028646 ], [ 75.737811509076153, 26.906802067349076 ], [ 75.737872243471827, 26.90695342733602 ], [ 75.737940438602095, 26.907102211468612 ], [ 75.738015959095605, 26.907248124338821 ], [ 75.738098655035799, 26.907390876239276 ], [ 75.738188362256665, 26.907530183736526 ], [ 75.738284902670216, 26.907665770235724 ], [ 75.73838808461835, 26.907797366528882 ], [ 75.738497703254438, 26.907924711329542 ], [ 75.738613540949473, 26.908047551791981 ], [ 75.738735367724075, 26.908165644012968 ], [ 75.738862941705122, 26.908278753516413 ], [ 75.738996009606012, 26.908386655718971 ], [ 75.739134307229165, 26.908489136375806 ], [ 75.739277559991137, 26.908585992006351 ], [ 75.739425483467471, 26.908677030298463 ], [ 75.739577783957714, 26.908762070489843 ], [ 75.739734159068121, 26.908840943727739 ], [ 75.739894298313061, 26.908913493403873 ], [ 75.740057883730628, 26.90897957546548 ], [ 75.740224590514515, 26.909039058701637 ], [ 75.740394087659183, 26.909091825003316 ], [ 75.740566038617146, 26.909137769598829 ], [ 75.74074010196739, 26.909176801261367 ], [ 75.740915932092946, 26.909208842489704 ], [ 75.741093179868528, 26.909233829663435 ], [ 75.741271493352485, 26.90925171316826 ], [ 75.741450518486943, 26.909262457494606 ], [ 75.741629899800159, 26.90926604130874 ] ] ] } },
{ "type": "Feature", "properties": { "OBJECTID": 22.0, "ORIG_FID": 22.0, "OBJECTID_1": 0.0, "osm_id": 0.0, "name": null, "ref": null, "type": null, "oneway": 0.0, "bridge": 0.0, "maxspeed": 0.0, "Shape_Leng": 0.0, "BUFF_DIST": 400.0, "Shape_Le_1": 0.0240054558494, "Shape_Area": 4.5645993005600003e-05 }, "geometry": { "type": "Polygon", "coordinates": [ [ [ 75.738141100431619, 26.892763049532562 ], [ 75.738320455673033, 26.892759465710242 ], [ 75.738499454787416, 26.892748721359055 ], [ 75.738677742354696, 26.892730837812849 ], [ 75.7388549643685, 26.892705850581194 ], [ 75.739030768938676, 26.89267380927862 ], [ 75.739204806990188, 26.892634777525871 ], [ 75.739376732956828, 26.892588832823947 ], [ 75.739546205466809, 26.892536066400169 ], [ 75.73971288802187, 26.892476583026223 ], [ 75.73987644966428, 26.892410500811479 ], [ 75.740036565635251, 26.892337950967317 ], [ 75.74019291801909, 26.892259077546441 ], [ 75.740345196374903, 26.892174037158043 ], [ 75.740493098353568, 26.892082998654928 ], [ 75.740636330296866, 26.891986142799681 ], [ 75.74077460782155, 26.891883661905126 ], [ 75.740907656384479, 26.891775759452116 ], [ 75.741035211826443, 26.891662649686111 ], [ 75.741157020897333, 26.891544557191025 ], [ 75.741272841759383, 26.891421716443347 ], [ 75.741382444466751, 26.89129437134676 ], [ 75.741485611421751, 26.891162774747897 ], [ 75.741582137807541, 26.891027187933389 ], [ 75.741671831994211, 26.890887880112132 ], [ 75.741754515919183, 26.890745127879484 ], [ 75.741830025440663, 26.890599214669635 ], [ 75.741898210663635, 26.890450430190697 ], [ 75.741958936236472, 26.890299069851324 ], [ 75.742012081620544, 26.890145434172723 ], [ 75.742057541328393, 26.889989828192881 ], [ 75.742095225133767, 26.889832560860384 ], [ 75.742125058249655, 26.889673944421133 ], [ 75.742146981477504, 26.88951429379847 ], [ 75.742160951323456, 26.889353925967271 ], [ 75.742166940085269, 26.889193159325316 ], [ 75.742164935906601, 26.889032313061193 ], [ 75.74215494280071, 26.888871706519751 ], [ 75.742136980641305, 26.888711658568866 ], [ 75.742111085124236, 26.888552486965693 ], [ 75.742077307694899, 26.888394507726559 ], [ 75.742035715446832, 26.888238034499295 ], [ 75.741986390988018, 26.88808337794012 ], [ 75.741929432276095, 26.88793084509723 ], [ 75.741864952424635, 26.887780738801666 ], [ 75.741793079477532, 26.88763335706534 ], [ 75.741713956155081, 26.887488992490432 ], [ 75.741627739569594, 26.887347931687032 ], [ 75.741534600914747, 26.887210454706349 ], [ 75.741434725124066, 26.887076834482286 ], [ 75.741328310504912, 26.886947336292167 ], [ 75.741215568343364, 26.886822217227916 ], [ 75.741096722485906, 26.886701725687431 ], [ 75.740972008894119, 26.886586100880606 ], [ 75.740841675176284, 26.886475572354925 ], [ 75.740705980096038, 26.886370359539399 ], [ 75.740565193058728, 26.886270671309774 ], [ 75.740419593576007, 26.886176705573121 ], [ 75.740269470711098, 26.8860886488755 ], [ 75.740115122505983, 26.886006676031741 ], [ 75.739956855388129, 26.885930949778015 ], [ 75.739794983563399, 26.885861620449589 ], [ 75.739629828391912, 26.885798825681604 ], [ 75.739461717750601, 26.88574269013651 ], [ 75.739290985381729, 26.885693325256682 ], [ 75.739117970231234, 26.885650829042675 ], [ 75.738943015775362, 26.885615285858989 ], [ 75.738766469339566, 26.885586766266783 ], [ 75.738588681408373, 26.885565326884432 ], [ 75.738410004930813, 26.885551010273275 ], [ 75.738230794618801, 26.885543844855306 ], [ 75.738051406244438, 26.885543844855306 ], [ 75.737872195932596, 26.885551010273275 ], [ 75.737693519455092, 26.885565326884432 ], [ 75.737515731523843, 26.885586766266783 ], [ 75.737339185087876, 26.885615285858989 ], [ 75.737164230632175, 26.885650829042675 ], [ 75.73699121548151, 26.885693325256682 ], [ 75.736820483112638, 26.88574269013651 ], [ 75.736652372471326, 26.885798825681604 ], [ 75.736487217300009, 26.885861620449589 ], [ 75.736325345475279, 26.885930949778015 ], [ 75.736167078357312, 26.886006676031741 ], [ 75.73601273015214, 26.8860886488755 ], [ 75.735862607287402, 26.886176705573121 ], [ 75.735717007804567, 26.886270671309774 ], [ 75.735576220767257, 26.886370359539399 ], [ 75.735440525687181, 26.886475572354925 ], [ 75.73531019196929, 26.886586100880606 ], [ 75.735185478377502, 26.886701725687431 ], [ 75.735066632519931, 26.886822217227916 ], [ 75.734953890358497, 26.886947336292167 ], [ 75.734847475739343, 26.887076834482286 ], [ 75.734747599948719, 26.887210454706349 ], [ 75.734654461293701, 26.887347931687032 ], [ 75.734568244708328, 26.887488992490432 ], [ 75.734489121385707, 26.88763335706534 ], [ 75.73441724843866, 26.887780738801666 ], [ 75.734352768587314, 26.88793084509723 ], [ 75.734295809875448, 26.88808337794012 ], [ 75.734246485416406, 26.888238034499295 ], [ 75.734204893168567, 26.888394507726559 ], [ 75.734171115739173, 26.888552486965693 ], [ 75.73414522022199, 26.888711658568866 ], [ 75.734127258062756, 26.888871706519751 ], [ 75.734117264956694, 26.889032313061193 ], [ 75.734115260777969, 26.889193159325316 ], [ 75.734121249539839, 26.889353925967271 ], [ 75.734135219385735, 26.88951429379847 ], [ 75.734157142613583, 26.889673944421133 ], [ 75.734186975729472, 26.889832560860384 ], [ 75.734224659534902, 26.889989828192881 ], [ 75.734270119242865, 26.890145434172723 ], [ 75.734323264626823, 26.890299069851324 ], [ 75.734383990199831, 26.890450430190697 ], [ 75.734452175422632, 26.890599214669635 ], [ 75.734527684944283, 26.890745127879484 ], [ 75.734610368869198, 26.890887880112132 ], [ 75.734700063055868, 26.891027187933389 ], [ 75.734796589441714, 26.891162774747897 ], [ 75.734899756396658, 26.89129437134676 ], [ 75.735009359103856, 26.891421716443347 ], [ 75.735125179966076, 26.891544557191025 ], [ 75.735246989037023, 26.891662649686111 ], [ 75.73537454447893, 26.891775759452116 ], [ 75.735507593041689, 26.891883661905126 ], [ 75.7356458705666, 26.891986142799681 ], [ 75.735789102509898, 26.892082998654928 ], [ 75.735937004488335, 26.892174037158043 ], [ 75.736089282844318, 26.892259077546441 ], [ 75.736245635228158, 26.892337950967317 ], [ 75.736405751199129, 26.892410500811479 ], [ 75.736569312841596, 26.892476583026223 ], [ 75.736735995396486, 26.892536066400169 ], [ 75.736905467906467, 26.892588832824117 ], [ 75.737077393873051, 26.892634777525871 ], [ 75.737251431924562, 26.89267380927862 ], [ 75.737427236494796, 26.892705850581194 ], [ 75.737604458508713, 26.892730837812849 ], [ 75.737782746075993, 26.892748721359055 ], [ 75.737961745190205, 26.892759465710242 ], [ 75.738141100431619, 26.892763049532562 ] ] ] } },
{ "type": "Feature", "properties": { "OBJECTID": 23.0, "ORIG_FID": 23.0, "OBJECTID_1": 0.0, "osm_id": 0.0, "name": null, "ref": null, "type": null, "oneway": 0.0, "bridge": 0.0, "maxspeed": 0.0, "Shape_Leng": 0.0, "BUFF_DIST": 400.0, "Shape_Le_1": 0.024005918828, "Shape_Area": 4.5647616801100001e-05 }, "geometry": { "type": "Polygon", "coordinates": [ [ [ 75.746151200017891, 26.896869646873313 ], [ 75.746330561744969, 26.896866063052983 ], [ 75.746509567332055, 26.896855318707992 ], [ 75.746687861346288, 26.896837435172131 ], [ 75.746865089768619, 26.896812447955028 ], [ 75.747040900695822, 26.8967804066707 ], [ 75.74721494504081, 26.896741374940518 ], [ 75.747386877224187, 26.896695430265083 ], [ 75.7475563558624, 26.896642663871489 ], [ 75.747723044444456, 26.896583180531991 ], [ 75.747886612001082, 26.896517098355275 ], [ 75.748046733761555, 26.896444548552893 ], [ 75.748203091799041, 26.896365675177663 ], [ 75.748355375660992, 26.896280634838092 ], [ 75.748503282987372, 26.896189596387558 ], [ 75.748646520109446, 26.896092740588244 ], [ 75.748784802633907, 26.895990259752693 ], [ 75.748917856007381, 26.895882357362211 ], [ 75.749045416060937, 26.895769247661576 ], [ 75.749167229535942, 26.895651155234532 ], [ 75.749283054585419, 26.895528314557907 ], [ 75.749392661255115, 26.89540096953499 ], [ 75.749495831939726, 26.895269373012013 ], [ 75.749592361815019, 26.895133786276006 ], [ 75.749682059244094, 26.894994478535182 ], [ 75.749764746157894, 26.894851726385525 ], [ 75.749840258408938, 26.894705813260032 ], [ 75.749908446096242, 26.894557028867268 ], [ 75.749969173863974, 26.894405668615605 ], [ 75.750022321168672, 26.894252033026021 ], [ 75.750067782519238, 26.894096427136446 ], [ 75.75010546768624, 26.89393915989524 ], [ 75.750135301879823, 26.893780543548189 ], [ 75.750157225899272, 26.893620893018067 ], [ 75.750171196249255, 26.893460525280148 ], [ 75.750177185226619, 26.893299758731587 ], [ 75.750175180974566, 26.893138912561085 ], [ 75.75016518750607, 26.89297830611315 ], [ 75.750147224696548, 26.892818258255318 ], [ 75.75012132824213, 26.892659086744857 ], [ 75.750087549590603, 26.892501107597923 ], [ 75.750045955837834, 26.892344634461779 ], [ 75.749996629594818, 26.892189977992643 ], [ 75.74993966882289, 26.89203744523877 ], [ 75.749875186639372, 26.891887339030745 ], [ 75.74980331109299, 26.891739957380423 ], [ 75.749724184909155, 26.891595592889757 ], [ 75.749637965205977, 26.89145453216895 ], [ 75.749544823183157, 26.891317055268303 ], [ 75.749444943781157, 26.891183435122628 ], [ 75.749338525314215, 26.891053937007996 ], [ 75.749225779076312, 26.890928818017073 ], [ 75.749106928921663, 26.89080832654696 ], [ 75.748982210820941, 26.890692701807836 ], [ 75.748851872390787, 26.890582173346957 ], [ 75.748716172404784, 26.890476960593105 ], [ 75.748575380277487, 26.890377272421745 ], [ 75.748429775530894, 26.890283306740287 ], [ 75.74827964723886, 26.890195250094223 ], [ 75.748125293453654, 26.890113277298383 ], [ 75.747967020613999, 26.890037551089279 ], [ 75.747805142937409, 26.889968221801382 ], [ 75.747639981795601, 26.889905427070346 ], [ 75.747471865076989, 26.889849291558278 ], [ 75.747301126536172, 26.889799926707212 ], [ 75.747128105130969, 26.889757430518102 ], [ 75.746953144350528, 26.889721887355165 ], [ 75.746776591532466, 26.889693367780069 ], [ 75.746598797174386, 26.88967192841011 ], [ 75.746420114237708, 26.889657611807309 ], [ 75.746240897447478, 26.889650446393603 ], [ 75.746061502588361, 26.889650446393603 ], [ 75.745882285798132, 26.889657611807309 ], [ 75.745703602861397, 26.88967192841011 ], [ 75.745525808503317, 26.889693367780069 ], [ 75.745349255685312, 26.889721887355165 ], [ 75.745174294904871, 26.889757430518102 ], [ 75.745001273499838, 26.889799926707212 ], [ 75.744830534958851, 26.889849291558278 ], [ 75.744662418240239, 26.889905427070346 ], [ 75.744497257098431, 26.889968221801382 ], [ 75.744335379421784, 26.890037551089279 ], [ 75.744177106582356, 26.890113277298383 ], [ 75.74402275279715, 26.890195250094223 ], [ 75.743872624505116, 26.890283306740287 ], [ 75.743727019758353, 26.890377272421745 ], [ 75.743586227631056, 26.890476960593105 ], [ 75.743450527645052, 26.890582173346957 ], [ 75.743320189215069, 26.890692701807836 ], [ 75.743195471114177, 26.89080832654696 ], [ 75.743076620959528, 26.890928818017073 ], [ 75.742963874721795, 26.891053937007996 ], [ 75.742857456254683, 26.891183435122628 ], [ 75.742757576852682, 26.891317055268303 ], [ 75.742664434829862, 26.89145453216895 ], [ 75.742578215126855, 26.891595592889757 ], [ 75.74249908894285, 26.891739957380423 ], [ 75.742427213396468, 26.891887339030745 ], [ 75.74236273121312, 26.89203744523877 ], [ 75.742305770441021, 26.892189977992643 ], [ 75.742256444198006, 26.892344634461779 ], [ 75.742214850445237, 26.892501107597923 ], [ 75.742181071793709, 26.892659086744857 ], [ 75.742155175339462, 26.892818258255318 ], [ 75.742137212529769, 26.89297830611315 ], [ 75.742127219061274, 26.893138912561085 ], [ 75.742125214809221, 26.893299758731587 ], [ 75.742131203786528, 26.893460525280148 ], [ 75.742145174136567, 26.893620893018067 ], [ 75.74216709815596, 26.893780543548189 ], [ 75.742196932349771, 26.89393915989524 ], [ 75.742234617516601, 26.894096427136446 ], [ 75.742280078867168, 26.894252033026021 ], [ 75.742333226171866, 26.894405668615605 ], [ 75.742393953939541, 26.894557028867268 ], [ 75.742462141626902, 26.894705813260032 ], [ 75.742537653877889, 26.894851726385525 ], [ 75.742620340791746, 26.894994478535182 ], [ 75.742710038220821, 26.895133786276006 ], [ 75.742806568096114, 26.895269373012013 ], [ 75.742909738780895, 26.89540096953499 ], [ 75.743019345450591, 26.895528314557907 ], [ 75.743135170499897, 26.895651155234532 ], [ 75.743256983974902, 26.895769247661576 ], [ 75.743384544028629, 26.895882357362211 ], [ 75.743517597401933, 26.895990259752693 ], [ 75.743655879926393, 26.896092740588244 ], [ 75.743799117048468, 26.896189596387558 ], [ 75.743947024374847, 26.896280634838092 ], [ 75.744099308236969, 26.896365675177663 ], [ 75.744255666274285, 26.896444548552893 ], [ 75.744415788034757, 26.896517098355275 ], [ 75.744579355591384, 26.896583180531991 ], [ 75.74474604417361, 26.896642663871489 ], [ 75.744915522811652, 26.896695430265083 ], [ 75.7450874549952, 26.896741374940518 ], [ 75.74526149933979, 26.8967804066707 ], [ 75.745437310267221, 26.896812447955028 ], [ 75.745614538689551, 26.896837435172131 ], [ 75.745792832703955, 26.896855318707992 ], [ 75.74597183829087, 26.896866063052983 ], [ 75.746151200017891, 26.896869646873313 ] ] ] } },
{ "type": "Feature", "properties": { "OBJECTID": 24.0, "ORIG_FID": 24.0, "OBJECTID_1": 0.0, "osm_id": 0.0, "name": null, "ref": null, "type": null, "oneway": 0.0, "bridge": 0.0, "maxspeed": 0.0, "Shape_Leng": 0.0, "BUFF_DIST": 400.0, "Shape_Le_1": 0.024004469494200001, "Shape_Area": 4.564253353e-05 }, "geometry": { "type": "Polygon", "coordinates": [ [ [ 75.756572399996458, 26.884011054200528 ], [ 75.75675174142026, 26.884007470373604 ], [ 75.756930726744599, 26.883996726009286 ], [ 75.757109000576577, 26.883978842441252 ], [ 75.757286208937273, 26.883953855179016 ], [ 75.757461999963652, 26.883921813836992 ], [ 75.757636024607393, 26.883882782036437 ], [ 75.757807937328948, 26.883836837278068 ], [ 75.757977396783247, 26.883784070789488 ], [ 75.75814406649738, 26.883724587342499 ], [ 75.758307615539593, 26.883658505046753 ], [ 75.758467719175712, 26.883585955113233 ], [ 75.758624059515, 26.883507081595553 ], [ 75.758776326140264, 26.883422041102506 ], [ 75.758924216725347, 26.883331002487637 ], [ 75.759067437635167, 26.883234146513189 ], [ 75.759205704508304, 26.883131665492726 ], [ 75.759338742822536, 26.883023762907044 ], [ 75.759466288439114, 26.882910653001773 ], [ 75.759588088127487, 26.882792560361395 ], [ 75.759703900068473, 26.882669719462342 ], [ 75.759813494333685, 26.882542374209038 ], [ 75.759916653342657, 26.882410777447831 ], [ 75.760013172294066, 26.882275190466373 ], [ 75.76010285957301, 26.882135882473165 ], [ 75.760185537130269, 26.8819931300647 ], [ 75.760261040836838, 26.881847216674657 ], [ 75.760329220809069, 26.881698432012058 ], [ 75.760389941706023, 26.881547071485784 ], [ 75.760443082998108, 26.881393435617326 ], [ 75.760488539206335, 26.881237829445126 ], [ 75.760526220110933, 26.881080561918282 ], [ 75.760556050930916, 26.880921945282751 ], [ 75.760577972472106, 26.880762294462329 ], [ 75.760591941244002, 26.880601926432746 ], [ 75.760597929546691, 26.88044115959184 ], [ 75.760595925524456, 26.880280313128196 ], [ 75.760585933190384, 26.880119706387859 ], [ 75.760567972416936, 26.879959658238363 ], [ 75.760542078896492, 26.87980048643783 ], [ 75.760508304070925, 26.879642507002586 ], [ 75.760466715028656, 26.879486033581031 ], [ 75.760417394370904, 26.879331376829612 ], [ 75.760360440048203, 26.879178843797206 ], [ 75.760295965165142, 26.879028737314911 ], [ 75.760224097755895, 26.878881355395436 ], [ 75.760144980529162, 26.878736990640789 ], [ 75.76005877058617, 26.878595929661913 ], [ 75.759965639106554, 26.87845845250996 ], [ 75.759865771010027, 26.878324832119631 ], [ 75.759759364588206, 26.878195333768019 ], [ 75.759646631111593, 26.87807021454779 ], [ 75.759527794408825, 26.877949722857068 ], [ 75.759403090423575, 26.877834097906032 ], [ 75.759272766744971, 26.877723569242448 ], [ 75.759137082116808, 26.87761835629567 ], [ 75.758996305923404, 26.877518667941558 ], [ 75.758850717655207, 26.87742470208758 ], [ 75.758700606353329, 26.877336645280081 ], [ 75.758546270036277, 26.877254672333777 ], [ 75.75838801510821, 26.877178945985577 ], [ 75.758226155750833, 26.877109616570465 ], [ 75.758061013299482, 26.87704682172398 ], [ 75.757892915605623, 26.876990686108741 ], [ 75.757722196386453, 26.876941321167237 ], [ 75.757549194560966, 26.876898824899968 ], [ 75.757374253579599, 26.876863281671831 ], [ 75.757197720740749, 26.876834762044098 ], [ 75.757019946502226, 26.876813322634746 ], [ 75.756841283785604, 26.876799006005626 ], [ 75.756662087275743, 26.87679184057879 ], [ 75.756482712717116, 26.87679184057879 ], [ 75.756303516207424, 26.876799006005626 ], [ 75.756124853490803, 26.876813322634746 ], [ 75.75594707925228, 26.876834762044098 ], [ 75.75577054641343, 26.876863281671831 ], [ 75.755595605431893, 26.876898824899968 ], [ 75.755422603606576, 26.876941321167237 ], [ 75.755251884387235, 26.876990686108741 ], [ 75.755083786693604, 26.87704682172398 ], [ 75.754918644242252, 26.877109616570465 ], [ 75.754756784884819, 26.877178945985577 ], [ 75.754598529956752, 26.877254672333777 ], [ 75.754444193639699, 26.877336645280081 ], [ 75.754294082337822, 26.87742470208758 ], [ 75.754148494069455, 26.877518667941558 ], [ 75.75400771787622, 26.87761835629567 ], [ 75.753872033248115, 26.877723569242448 ], [ 75.75374170956951, 26.877834097906032 ], [ 75.753617005584204, 26.877949722857068 ], [ 75.753498168881436, 26.87807021454779 ], [ 75.753385435404823, 26.878195333768019 ], [ 75.753279028983002, 26.878324832119631 ], [ 75.753179160886475, 26.87845845250996 ], [ 75.753086029406859, 26.878595929661913 ], [ 75.752999819463867, 26.878736990640789 ], [ 75.752920702237134, 26.878881355395436 ], [ 75.752848834827887, 26.879028737314911 ], [ 75.752784359944826, 26.879178843797206 ], [ 75.752727405622011, 26.879331376829612 ], [ 75.752678084964373, 26.879486033581031 ], [ 75.752636495921934, 26.879642507002586 ], [ 75.752602721096537, 26.87980048643783 ], [ 75.752576827576149, 26.879959658238363 ], [ 75.752558866802474, 26.880119706387859 ], [ 75.752548874468403, 26.880280313128196 ], [ 75.752546870446395, 26.88044115959184 ], [ 75.752552858749027, 26.880601926432746 ], [ 75.752566827520923, 26.880762294462329 ], [ 75.75258874906217, 26.880921945282751 ], [ 75.752618579882096, 26.881080561918282 ], [ 75.752656260786694, 26.881237829445126 ], [ 75.75270171699492, 26.881393435617326 ], [ 75.752754858287005, 26.881547071485784 ], [ 75.752815579183959, 26.881698432012058 ], [ 75.752883759156191, 26.881847216674657 ], [ 75.75295926286276, 26.8819931300647 ], [ 75.753041940420019, 26.882135882473165 ], [ 75.753131627698792, 26.882275190466373 ], [ 75.753228146650372, 26.882410777447831 ], [ 75.753331305659344, 26.882542374209038 ], [ 75.753440899924556, 26.882669719462342 ], [ 75.753556711865599, 26.882792560361395 ], [ 75.753678511553971, 26.882910653001773 ], [ 75.753806057170493, 26.883023762907044 ], [ 75.753939095484725, 26.883131665492726 ], [ 75.754077362357691, 26.883234146513189 ], [ 75.754220583267681, 26.883331002487637 ], [ 75.754368473852821, 26.883422041102506 ], [ 75.754520740478085, 26.883507081595553 ], [ 75.754677080817316, 26.883585955113233 ], [ 75.754837184453436, 26.883658505046753 ], [ 75.755000733495649, 26.883724587342499 ], [ 75.755167403209782, 26.883784070789488 ], [ 75.75533686266408, 26.883836837278068 ], [ 75.755508775385636, 26.883882782036437 ], [ 75.755682800029433, 26.883921813836992 ], [ 75.755858591055755, 26.883953855179016 ], [ 75.756035799416452, 26.883978842441252 ], [ 75.756214073248429, 26.883996726009286 ], [ 75.756393058572598, 26.884007470373604 ], [ 75.756572399996458, 26.884011054200528 ] ] ] } },
{ "type": "Feature", "properties": { "OBJECTID": 25.0, "ORIG_FID": 25.0, "OBJECTID_1": 0.0, "osm_id": 0.0, "name": null, "ref": null, "type": null, "oneway": 0.0, "bridge": 0.0, "maxspeed": 0.0, "Shape_Leng": 0.0, "BUFF_DIST": 400.0, "Shape_Le_1": 0.0240043454782, "Shape_Area": 4.5642098559599997e-05 }, "geometry": { "type": "Polygon", "coordinates": [ [ [ 75.790810600229065, 26.882910354725709 ], [ 75.790989939915676, 26.882906770898444 ], [ 75.791168923505893, 26.882896026532308 ], [ 75.791347195611081, 26.882878142961431 ], [ 75.791524402255106, 26.8828531556955 ], [ 75.791700191578457, 26.882821114348474 ], [ 75.791874214536449, 26.882782082541894 ], [ 75.792046125592719, 26.882736137776362 ], [ 75.792215583405437, 26.882683371279597 ], [ 75.792382251505046, 26.88262388782357 ], [ 75.792545798962919, 26.882557805517365 ], [ 75.792705901048294, 26.882485255572817 ], [ 75.792862239873045, 26.882406382043087 ], [ 75.793014505023393, 26.882321341536908 ], [ 75.793162394176022, 26.882230302907658 ], [ 75.793305613698521, 26.882133446918431 ], [ 75.793443879232484, 26.882030965881995 ], [ 75.793576916257962, 26.881923063279601 ], [ 75.793704460639219, 26.881809953356935 ], [ 75.79382625914792, 26.881691860698254 ], [ 75.793942069967159, 26.881569019780159 ], [ 75.794051663171047, 26.881441674507187 ], [ 75.794154821180996, 26.881310077725516 ], [ 75.794251339197672, 26.881174490722913 ], [ 75.794341025607764, 26.881035182708388 ], [ 75.79442370236444, 26.880892430277697 ], [ 75.794499205339832, 26.880746516864974 ], [ 75.794567384651998, 26.88059773217924 ], [ 75.794628104961134, 26.880446371629375 ], [ 75.794681245738786, 26.8802927357371 ], [ 75.794726701506818, 26.880137129540742 ], [ 75.794764382046594, 26.879979861989398 ], [ 75.79479421257804, 26.87982124532931 ], [ 75.794816133907148, 26.879661594484048 ], [ 75.794830102544097, 26.879501226429397 ], [ 75.794836090788976, 26.87934045956348 ], [ 75.794834086786523, 26.879179613074996 ], [ 75.794824094549597, 26.87901900630942 ], [ 75.794806133950203, 26.878858958135027 ], [ 75.794780240680836, 26.878699786309483 ], [ 75.794746466182573, 26.878541806849739 ], [ 75.794704877543381, 26.878385333403799 ], [ 75.794655557363626, 26.87823067662822 ], [ 75.794598603592874, 26.878078143571997 ], [ 75.794534129334409, 26.877928037066283 ], [ 75.794462262621266, 26.877780655123729 ], [ 75.794383146161238, 26.877636290346345 ], [ 75.794296937053275, 26.877495229345584 ], [ 75.794203806475707, 26.877357752171974 ], [ 75.794103939346599, 26.87722413176067 ], [ 75.793997533955576, 26.877094633388822 ], [ 75.793884801570925, 26.876969514148868 ], [ 75.793765966019237, 26.876849022439274 ], [ 75.793641263241852, 26.876733397470161 ], [ 75.79351094082557, 26.876622868789184 ], [ 75.793375257511514, 26.876517655826035 ], [ 75.793234482681726, 26.876417967456291 ], [ 75.793088895823587, 26.87632400158742 ], [ 75.79293878597548, 26.876235944766051 ], [ 75.792784451153011, 26.876153971806957 ], [ 75.792626197757784, 26.87607824544682 ], [ 75.792464339967808, 26.876008916020737 ], [ 75.792299199115917, 26.875946121164475 ], [ 75.79213110305011, 26.875889985540539 ], [ 75.791960385484003, 26.875840620591077 ], [ 75.791787385334146, 26.875798124317157 ], [ 75.79161244604694, 26.875762581083393 ], [ 75.791435914917656, 26.875734061451226 ], [ 75.791258142400579, 26.87571262203852 ], [ 75.791079481414329, 26.875698305407241 ], [ 75.790900286639896, 26.875691139979153 ], [ 75.790720913818234, 26.875691139979153 ], [ 75.790541719044029, 26.875698305407241 ], [ 75.790363058057608, 26.87571262203852 ], [ 75.790185285540701, 26.875734061451226 ], [ 75.790008754411417, 26.875762581083393 ], [ 75.789833815124211, 26.875798124317157 ], [ 75.789660814974184, 26.875840620591077 ], [ 75.78949009740802, 26.875889985540539 ], [ 75.789322001342441, 26.875946121164475 ], [ 75.789156860490323, 26.876008916020737 ], [ 75.788995002700574, 26.87607824544682 ], [ 75.788836749305119, 26.876153971806957 ], [ 75.788682414482878, 26.876235944766051 ], [ 75.788532304634771, 26.87632400158742 ], [ 75.788386717776461, 26.876417967456291 ], [ 75.788245942946617, 26.876517655826035 ], [ 75.788110259632788, 26.876622868789184 ], [ 75.787979937216448, 26.876733397470161 ], [ 75.78785523443895, 26.876849022439274 ], [ 75.787736398887262, 26.876969514148868 ], [ 75.787623666502554, 26.877094633388822 ], [ 75.787517261111589, 26.87722413176067 ], [ 75.787417393982423, 26.877357752171974 ], [ 75.787324263404855, 26.877495229345584 ], [ 75.787238054296949, 26.877636290346345 ], [ 75.787158937836864, 26.877780655123729 ], [ 75.787087071123779, 26.877928037066283 ], [ 75.787022596865313, 26.878078143571997 ], [ 75.786965643094561, 26.87823067662822 ], [ 75.786916322914749, 26.878385333403799 ], [ 75.786874734275557, 26.878541806849739 ], [ 75.786840959777351, 26.878699786309483 ], [ 75.786815066508154, 26.878858958135027 ], [ 75.786797105908704, 26.87901900630942 ], [ 75.786787113671664, 26.879179613074996 ], [ 75.786785109669154, 26.87934045956348 ], [ 75.786791097914261, 26.879501226429397 ], [ 75.78680506655121, 26.879661594484048 ], [ 75.786826987880318, 26.87982124532931 ], [ 75.786856818411593, 26.879979861989398 ], [ 75.786894498951312, 26.880137129540742 ], [ 75.786939954719571, 26.8802927357371 ], [ 75.786993095497223, 26.880446371629375 ], [ 75.787053815806132, 26.88059773217924 ], [ 75.787121995118298, 26.880746516864974 ], [ 75.787197498093747, 26.880892430277697 ], [ 75.787280174850366, 26.881035182708388 ], [ 75.787369861260515, 26.881174490722913 ], [ 75.787466379277362, 26.881310077725516 ], [ 75.787569537287141, 26.881441674507187 ], [ 75.787679130490972, 26.881569019780159 ], [ 75.787794941310437, 26.881691860698254 ], [ 75.787916739819138, 26.881809953356935 ], [ 75.788044284200225, 26.881923063279601 ], [ 75.788177321225703, 26.882030965881995 ], [ 75.788315586759666, 26.882133446918431 ], [ 75.788458806282279, 26.882230302907658 ], [ 75.788606695434794, 26.882321341536908 ], [ 75.788758960585142, 26.882406382043087 ], [ 75.788915299409837, 26.882485255572817 ], [ 75.789075401495211, 26.882557805517365 ], [ 75.789238948953141, 26.88262388782357 ], [ 75.789405617052864, 26.882683371279597 ], [ 75.789575074865468, 26.882736137776362 ], [ 75.789746985921681, 26.882782082541894 ], [ 75.789921008879674, 26.882821114348474 ], [ 75.790096798203081, 26.882853155695273 ], [ 75.790274004847277, 26.882878142961431 ], [ 75.790452276952237, 26.882896026532308 ], [ 75.790631260542682, 26.882906770898444 ], [ 75.790810600229065, 26.882910354725709 ] ] ] } },
{ "type": "Feature", "properties": { "OBJECTID": 26.0, "ORIG_FID": 26.0, "OBJECTID_1": 0.0, "osm_id": 0.0, "name": null, "ref": null, "type": null, "oneway": 0.0, "bridge": 0.0, "maxspeed": 0.0, "Shape_Leng": 0.0, "BUFF_DIST": 400.0, "Shape_Le_1": 0.0240086198627, "Shape_Area": 4.5657089774000002e-05 }, "geometry": { "type": "Polygon", "coordinates": [ [ [ 75.785513599673038, 26.920809334788885 ], [ 75.785692999236176, 26.920805750980662 ], [ 75.785872042584117, 26.92079500667171 ], [ 75.78605037420914, 26.920777123196046 ], [ 75.786227640017216, 26.920752136062788 ], [ 75.786403488031226, 26.920720094886178 ], [ 75.786577569089957, 26.92068106328702 ], [ 75.786749537541368, 26.920635118765972 ], [ 75.786919051929829, 26.920582352549673 ], [ 75.787085775673461, 26.920522869410036 ], [ 75.787249377732962, 26.920456787455521 ], [ 75.787409533269283, 26.920384237896997 ], [ 75.787565924287833, 26.920305364786998 ], [ 75.787718240271658, 26.920220324733407 ], [ 75.787866178796037, 26.920129286588917 ], [ 75.788009446130559, 26.920032431115601 ], [ 75.78814775782223, 26.919929950625033 ], [ 75.78828083925913, 26.91982204859778 ], [ 75.788408426217188, 26.919708939277996 ], [ 75.788530265384054, 26.919590847248912 ], [ 75.788646114861763, 26.919468006986108 ], [ 75.788755744647744, 26.919340662392415 ], [ 75.788858937090765, 26.919209066313329 ], [ 75.788955487323108, 26.91907348003474 ], [ 75.789045203667854, 26.918934172764125 ], [ 75.789127908018258, 26.918791421096216 ], [ 75.789203436192224, 26.918645508463499 ], [ 75.789271638257162, 26.918496724573401 ], [ 75.789332378828703, 26.918345364833215 ], [ 75.789385537338092, 26.91819172976318 ], [ 75.789431008272118, 26.918036124399919 ], [ 75.789468701381907, 26.917878857690937 ], [ 75.789498541862599, 26.917720241880659 ], [ 75.789520470500349, 26.917560591891458 ], [ 75.789534443791126, 26.917400224696735 ], [ 75.789540434025753, 26.917239458693359 ], [ 75.789538429344873, 26.917078613068213 ], [ 75.78952843376311, 26.916918007165066 ], [ 75.789510467158891, 26.916757959850429 ], [ 75.789484565236876, 26.916598788880549 ], [ 75.789450779455592, 26.916440810270046 ], [ 75.789409176924721, 26.916284337665786 ], [ 75.789359840272994, 26.916129681722452 ], [ 75.789302867482434, 26.915977149487219 ], [ 75.789238371694353, 26.915827043790102 ], [ 75.78916648098425, 26.915679662641594 ], [ 75.789087338107834, 26.915535298642283 ], [ 75.789001100216296, 26.915394238401973 ], [ 75.788907938545776, 26.915256761969943 ], [ 75.788808038075445, 26.915123142279697 ], [ 75.788701597161435, 26.914993644606852 ], [ 75.788588827142348, 26.914868526042653 ], [ 75.788469951919751, 26.914748034983745 ], [ 75.788345207513657, 26.914632410639342 ], [ 75.788214841593685, 26.914521882555732 ], [ 75.788079112987191, 26.914416670161188 ], [ 75.787938291165972, 26.914316982330604 ], [ 75.787792655710973, 26.91422301696997 ], [ 75.787642495756984, 26.914134960625006 ], [ 75.787488109418973, 26.914052988109631 ], [ 75.787329803200521, 26.913977262159165 ], [ 75.787167891385195, 26.913907933108533 ], [ 75.787002695412355, 26.913845138592308 ], [ 75.78683454323982, 26.913789003272257 ], [ 75.786663768692279, 26.9137396385903 ], [ 75.786490710799455, 26.913697142546482 ], [ 75.786315713122292, 26.913661599505247 ], [ 75.786139123072132, 26.913633080027637 ], [ 75.785961291220133, 26.913611640731062 ], [ 75.785782570602294, 26.913597324177431 ], [ 75.785603316018296, 26.913590158788111 ], [ 75.785423883327951, 26.913590158788111 ], [ 75.785244628743953, 26.913597324177431 ], [ 75.785065908126114, 26.913611640731062 ], [ 75.784888076274115, 26.913633080027637 ], [ 75.784711486223785, 26.913661599505247 ], [ 75.784536488546792, 26.913697142546482 ], [ 75.784363430653968, 26.9137396385903 ], [ 75.784192656106427, 26.913789003272257 ], [ 75.784024503933892, 26.913845138592308 ], [ 75.783859307961052, 26.913907933108533 ], [ 75.783697396145556, 26.913977262159165 ], [ 75.783539089927274, 26.914052988109631 ], [ 75.783384703589263, 26.914134960625006 ], [ 75.783234543635274, 26.91422301696997 ], [ 75.783088908180105, 26.914316982330604 ], [ 75.782948086359056, 26.914416670161188 ], [ 75.782812357752562, 26.914521882555732 ], [ 75.782681991832362, 26.914632410639342 ], [ 75.782557247426269, 26.914748034983745 ], [ 75.782438372203899, 26.914868526042653 ], [ 75.782325602184812, 26.914993644606852 ], [ 75.782219161270802, 26.915123142279697 ], [ 75.782119260800471, 26.915256761969943 ], [ 75.782026099129723, 26.915394238401973 ], [ 75.781939861238413, 26.915535298642283 ], [ 75.781860718361827, 26.915679662641594 ], [ 75.781788827651894, 26.915827043790102 ], [ 75.781724331863813, 26.915977149487219 ], [ 75.781667359073253, 26.916129681722452 ], [ 75.781618022421299, 26.916284337665786 ], [ 75.781576419890655, 26.916440810270046 ], [ 75.781542634109201, 26.916598788880549 ], [ 75.781516732187356, 26.916757959850429 ], [ 75.781498765583137, 26.916918007165066 ], [ 75.781488770001204, 26.917078613068213 ], [ 75.781486765320494, 26.917239458693359 ], [ 75.781492755555121, 26.917400224696735 ], [ 75.781506728845898, 26.917560591891458 ], [ 75.781528657483648, 26.917720241880659 ], [ 75.781558497964113, 26.917878857690937 ], [ 75.781596191074129, 26.918036124399919 ], [ 75.781641662008155, 26.91819172976318 ], [ 75.781694820517544, 26.918345364833215 ], [ 75.781755561089085, 26.918496724573401 ], [ 75.781823763154023, 26.918645508463499 ], [ 75.781899291327989, 26.918791421096216 ], [ 75.781981995678393, 26.918934172764125 ], [ 75.782071712022969, 26.91907348003474 ], [ 75.782168262255482, 26.919209066313329 ], [ 75.782271454698503, 26.919340662392415 ], [ 75.782381084484257, 26.919468006986108 ], [ 75.782496933962193, 26.919590847248912 ], [ 75.782618773128888, 26.919708939277996 ], [ 75.782746360087117, 26.91982204859778 ], [ 75.782879441524017, 26.919929950625033 ], [ 75.783017753215518, 26.920032431115601 ], [ 75.78316102055021, 26.920129286588917 ], [ 75.783308959074589, 26.920220324733407 ], [ 75.783461275058244, 26.920305364786998 ], [ 75.783617666076964, 26.920384237896997 ], [ 75.783777821613057, 26.920456787455521 ], [ 75.783941423672616, 26.920522869410036 ], [ 75.784108147416248, 26.920582352549673 ], [ 75.784277661804708, 26.920635118765972 ], [ 75.78444963025629, 26.92068106328702 ], [ 75.78462371131485, 26.920720094886178 ], [ 75.78479955932886, 26.920752136062788 ], [ 75.784976825137107, 26.920777123196046 ], [ 75.78515515676213, 26.92079500667171 ], [ 75.785334200109901, 26.920805750980662 ], [ 75.785513599673038, 26.920809334788885 ] ] ] } },
{ "type": "Feature", "properties": { "OBJECTID": 27.0, "ORIG_FID": 27.0, "OBJECTID_1": 0.0, "osm_id": 0.0, "name": null, "ref": null, "type": null, "oneway": 0.0, "bridge": 0.0, "maxspeed": 0.0, "Shape_Leng": 0.0, "BUFF_DIST": 400.0, "Shape_Le_1": 0.024009117305200001, "Shape_Area": 4.5658834328899997e-05 }, "geometry": { "type": "Polygon", "coordinates": [ [ [ 75.79683639968016, 26.925214832449285 ], [ 75.79701580621122, 26.925211248643109 ], [ 75.797194856513045, 26.925200504340808 ], [ 75.797373195064665, 26.925182620876114 ], [ 75.797550467757901, 26.925157633758317 ], [ 75.797726322601818, 26.925125592601603 ], [ 75.797900410421676, 26.92508656102666 ], [ 75.798072385552359, 26.925040616533977 ], [ 75.798241906524538, 26.924987850350362 ], [ 75.798408636743545, 26.924928367247503 ], [ 75.798572245157118, 26.924862285333859 ], [ 75.798732406913473, 26.924789735820241 ], [ 75.798888804006083, 26.924710862758957 ], [ 75.799041125905376, 26.924625822758117 ], [ 75.799189070175203, 26.924534784670129 ], [ 75.799332343073786, 26.924437929256669 ], [ 75.799470660136649, 26.924335448829652 ], [ 75.799603746741866, 26.924227546869247 ], [ 75.799731338654738, 26.924114437619608 ], [ 75.799853182553079, 26.923996345663681 ], [ 75.799969036529433, 26.923873505477104 ], [ 75.800078670572645, 26.923746160962423 ], [ 75.800181867022559, 26.923614564965078 ], [ 75.800278421003952, 26.923478978770675 ], [ 75.80036814083229, 26.923339671586575 ], [ 75.80045084839378, 26.923196920007342 ], [ 75.800526379499956, 26.923051007465347 ], [ 75.800594584212945, 26.922902223667847 ], [ 75.800655327142408, 26.922750864021737 ], [ 75.800708487715212, 26.922597229047312 ], [ 75.800753960414113, 26.922441623781083 ], [ 75.80079165498671, 26.922284357169929 ], [ 75.80082149662519, 26.922125741458785 ], [ 75.800843426113488, 26.921966091568891 ], [ 75.800857399945869, 26.921805724474325 ], [ 75.800863390411962, 26.921644958571164 ], [ 75.800861385652411, 26.921484113046517 ], [ 75.800851389681043, 26.921323507243585 ], [ 75.800833422378219, 26.921163460028993 ], [ 75.800807519449336, 26.921004289158532 ], [ 75.800773732354799, 26.920846310646994 ], [ 75.800732128207471, 26.920689838140447 ], [ 75.80068278963887, 26.920535182294088 ], [ 75.800625814634941, 26.920382650154465 ], [ 75.800561316341316, 26.920232544551141 ], [ 75.80048942283878, 26.920085163494946 ], [ 75.800410276888158, 26.919940799586243 ], [ 75.800324035647179, 26.919799739434382 ], [ 75.800230870358178, 26.919662263088696 ], [ 75.800130966007998, 26.919528643482124 ], [ 75.800024520959994, 26.919399145890623 ], [ 75.799911746561463, 26.919274027404924 ], [ 75.799792866722328, 26.919153536421675 ], [ 75.799668117471754, 26.919037912149918 ], [ 75.799537746489136, 26.918927384135827 ], [ 75.799402012612006, 26.918822171807562 ], [ 75.79926118532245, 26.91872248403962 ], [ 75.7991155442121, 26.91862851873816 ], [ 75.798965378427056, 26.918540462448618 ], [ 75.798810986094168, 26.918458489984744 ], [ 75.798652673728611, 26.918382764082025 ], [ 75.798490755626233, 26.918313435074992 ], [ 75.79832555323884, 26.91825064059833 ], [ 75.7981573945371, 26.918194505313636 ], [ 75.797986613358603, 26.918145140662602 ], [ 75.797813548746149, 26.918102644645614 ], [ 75.797638544274093, 26.918067101626946 ], [ 75.797461947367196, 26.918038582167242 ], [ 75.797284108610313, 26.918017142884196 ], [ 75.797105381052972, 26.918002826339432 ], [ 75.796926119508839, 26.917995660954716 ], [ 75.796746679851424, 26.917995660954716 ], [ 75.796567418307347, 26.918002826339432 ], [ 75.796388690750121, 26.918017142884196 ], [ 75.796210851993237, 26.918038582167242 ], [ 75.79603425508617, 26.918067101626946 ], [ 75.795859250614285, 26.918102644645614 ], [ 75.795686186001888, 26.918145140662602 ], [ 75.795515404823334, 26.918194505313636 ], [ 75.79534724612148, 26.91825064059833 ], [ 75.795182043734201, 26.918313435074992 ], [ 75.795020125631822, 26.918382764082025 ], [ 75.794861813266323, 26.918458489984744 ], [ 75.794707420933435, 26.918540462448618 ], [ 75.794557255148391, 26.91862851873816 ], [ 75.794411614037983, 26.91872248403962 ], [ 75.794270786748427, 26.918822171807562 ], [ 75.794135052871127, 26.918927384135827 ], [ 75.794004681888509, 26.919037912149918 ], [ 75.793879932638106, 26.919153536421675 ], [ 75.79376105279897, 26.919274027404924 ], [ 75.79364827840044, 26.919399145890623 ], [ 75.793541833352492, 26.919528643482124 ], [ 75.793441929002256, 26.919662263088696 ], [ 75.793348763713254, 26.919799739434382 ], [ 75.793262522472276, 26.919940799586243 ], [ 75.793183376521711, 26.920085163494946 ], [ 75.793111483019004, 26.920232544551141 ], [ 75.793046984725493, 26.920382650154465 ], [ 75.79299000972162, 26.920535182293918 ], [ 75.792940671152792, 26.920689838140447 ], [ 75.792899067005692, 26.920846310646994 ], [ 75.792865279911098, 26.921004289158532 ], [ 75.792839376982272, 26.921163460028993 ], [ 75.792821409679391, 26.921323507243756 ], [ 75.79281141370808, 26.921484113046517 ], [ 75.792809408948528, 26.921644958571164 ], [ 75.792815399414565, 26.921805724474325 ], [ 75.792829373246832, 26.921966091568891 ], [ 75.792851302735244, 26.922125741458785 ], [ 75.792881144373553, 26.922284357169929 ], [ 75.792918838946377, 26.922441623781083 ], [ 75.792964311645221, 26.922597229047312 ], [ 75.793017472218082, 26.922750864021737 ], [ 75.793078215147489, 26.922902223667847 ], [ 75.793146419860477, 26.923051007465347 ], [ 75.793221950966654, 26.923196920007342 ], [ 75.793304658528143, 26.923339671586575 ], [ 75.793394378356368, 26.923478978770675 ], [ 75.793490932337875, 26.923614564965078 ], [ 75.793594128787845, 26.923746160962423 ], [ 75.79370376283083, 26.923873505477104 ], [ 75.793819616807411, 26.923996345663681 ], [ 75.793941460705582, 26.924114437619608 ], [ 75.794069052618397, 26.924227546869247 ], [ 75.794202139223614, 26.924335448829652 ], [ 75.794340456286648, 26.924437929256669 ], [ 75.794483729185288, 26.924534784670129 ], [ 75.794631673455115, 26.924625822758117 ], [ 75.794783995354351, 26.924710862758957 ], [ 75.794940392446961, 26.924789735820241 ], [ 75.795100554203202, 26.924862285333859 ], [ 75.795264162616945, 26.924928367247503 ], [ 75.795430892835896, 26.924987850350362 ], [ 75.795600413808074, 26.925040616533977 ], [ 75.795772388938758, 26.92508656102666 ], [ 75.795946476758672, 26.925125592601603 ], [ 75.796122331602589, 26.925157633758317 ], [ 75.796299604295825, 26.925182620876114 ], [ 75.796477942847218, 26.925200504340808 ], [ 75.79665699314927, 26.925211248643109 ], [ 75.79683639968016, 26.925214832449285 ] ] ] } },
{ "type": "Feature", "properties": { "OBJECTID": 28.0, "ORIG_FID": 28.0, "OBJECTID_1": 0.0, "osm_id": 0.0, "name": null, "ref": null, "type": null, "oneway": 0.0, "bridge": 0.0, "maxspeed": 0.0, "Shape_Leng": 0.0, "BUFF_DIST": 400.0, "Shape_Le_1": 0.024009627191, "Shape_Area": 4.5660622504399997e-05 }, "geometry": { "type": "Polygon", "coordinates": [ [ [ 75.807052100074543, 26.929729430408202 ], [ 75.807231513747809, 26.929725846604356 ], [ 75.807410571177684, 26.929715102308819 ], [ 75.80758891682882, 26.929697218855495 ], [ 75.807766196578996, 26.9296722317535 ], [ 75.807942058423691, 26.929640190617022 ], [ 75.808116153173899, 26.929601159066749 ], [ 75.808288135150633, 26.929555214603226 ], [ 75.808457662871376, 26.929502448453036 ], [ 75.808624399727705, 26.929442965387977 ], [ 75.808788014654112, 26.929376883516284 ], [ 75.808948182786196, 26.929304334048652 ], [ 75.809104586104581, 26.929225461037447 ], [ 75.809256914067248, 26.929140421090437 ], [ 75.809404864226224, 26.929049383060374 ], [ 75.80954814282785, 26.928952527708361 ], [ 75.80968646539651, 26.928850047346373 ], [ 75.809819557299193, 26.928742145454521 ], [ 75.809947154290626, 26.928629036276675 ], [ 75.81006900303862, 26.928510944395839 ], [ 75.810184861626396, 26.928388104287478 ], [ 75.810294500033024, 26.928260759853799 ], [ 75.810397700590272, 26.928129163940071 ], [ 75.810494258414451, 26.927993577831842 ], [ 75.810583981813068, 26.927854270736589 ], [ 75.810666692666189, 26.927711519248248 ], [ 75.810742226778132, 26.927565606799192 ], [ 75.810810434204882, 26.927416823096678 ], [ 75.810871179551384, 26.927265463547087 ], [ 75.810924342239332, 26.927111828670718 ], [ 75.810969816747217, 26.926956223503566 ], [ 75.811007512819288, 26.926798956992968 ], [ 75.811037355644373, 26.926640341382949 ], [ 75.811059286004479, 26.926480691595316 ], [ 75.811073260391993, 26.926320324603068 ], [ 75.811079251095407, 26.926159558802794 ], [ 75.811077246254854, 26.925998713380977 ], [ 75.811067249884672, 26.925838107681045 ], [ 75.811049281865451, 26.925678060568941 ], [ 75.811023377904519, 26.925518889800287 ], [ 75.810989589464043, 26.925360911390044 ], [ 75.810947983659901, 26.925204438983826 ], [ 75.81089864312645, 26.925049783236602 ], [ 75.810841665853786, 26.924897251194807 ], [ 75.810777164992032, 26.924747145687945 ], [ 75.810705268627089, 26.924599764726452 ], [ 75.810626119525637, 26.92445540091046 ], [ 75.810539874851258, 26.924314340849207 ], [ 75.810446705853451, 26.924176864591857 ], [ 75.810346797526108, 26.924043245071402 ], [ 75.810240348240995, 26.923913747563063 ], [ 75.810127569353426, 26.923788629157968 ], [ 75.810008684782304, 26.923668138252367 ], [ 75.80988393056623, 26.923552514055075 ], [ 75.809753554394547, 26.923441986112152 ], [ 75.809617815114791, 26.923336773851588 ], [ 75.809476982219962, 26.923237086147992 ], [ 75.809331335312947, 26.923143120907071 ], [ 75.809181163551159, 26.923055064674315 ], [ 75.809026765073554, 26.922973092263248 ], [ 75.808868446407246, 26.922897366409416 ], [ 75.808706521860586, 26.922828037447289 ], [ 75.808541312898342, 26.922765243010986 ], [ 75.808373147504028, 26.9227091077625 ], [ 75.808202359528821, 26.92265974314347 ], [ 75.808029288028592, 26.922617247153994 ], [ 75.80785427659174, 26.922581704158063 ], [ 75.807677672656723, 26.922553184716833 ], [ 75.807499826822323, 26.922531745447657 ], [ 75.807321092152222, 26.922517428912101 ], [ 75.807141823473955, 26.92251026353199 ], [ 75.806962376675187, 26.92251026353199 ], [ 75.806783107997035, 26.922517428912101 ], [ 75.806604373326763, 26.922531745447657 ], [ 75.806426527492363, 26.922553184716833 ], [ 75.806249923557345, 26.922581704158063 ], [ 75.80607491212055, 26.922617247153994 ], [ 75.805901840620265, 26.92265974314347 ], [ 75.805731052645058, 26.9227091077625 ], [ 75.805562887250744, 26.922765243010986 ], [ 75.8053976782885, 26.922828037447289 ], [ 75.80523575374184, 26.922897366409416 ], [ 75.805077435075589, 26.922973092263248 ], [ 75.804923036597927, 26.923055064674315 ], [ 75.804772864836309, 26.923143120907071 ], [ 75.80462721792918, 26.923237086147992 ], [ 75.804486385034465, 26.923336773851588 ], [ 75.804350645754766, 26.923441986112152 ], [ 75.804220269582856, 26.923552514055075 ], [ 75.804095515366839, 26.923668138252367 ], [ 75.80397663079583, 26.923788629157968 ], [ 75.803863851908091, 26.923913747563063 ], [ 75.803757402622978, 26.924043245071402 ], [ 75.803657494295692, 26.924176864591857 ], [ 75.803564325297828, 26.924314340849207 ], [ 75.803478080623677, 26.92445540091046 ], [ 75.803398931521997, 26.924599764726452 ], [ 75.803327035157054, 26.924747145687945 ], [ 75.803262534295527, 26.924897251194807 ], [ 75.803205557022807, 26.925049783236602 ], [ 75.803156216489413, 26.925204438983826 ], [ 75.8031146106851, 26.925360911390044 ], [ 75.803080822244567, 26.925518889800287 ], [ 75.803054918283635, 26.925678060568941 ], [ 75.803036950264584, 26.925838107681045 ], [ 75.803026953894289, 26.925998713380977 ], [ 75.803024949053736, 26.926159558802794 ], [ 75.803030939757321, 26.926320324603068 ], [ 75.803044914144607, 26.926480691595316 ], [ 75.803066844504713, 26.926640341382949 ], [ 75.803096687330026, 26.926798956992968 ], [ 75.803134383402039, 26.926956223503566 ], [ 75.803179857909754, 26.927111828670718 ], [ 75.803233020597872, 26.927265463547087 ], [ 75.803293765944261, 26.927416823096678 ], [ 75.803361973370954, 26.927565606799192 ], [ 75.803437507482897, 26.927711519248248 ], [ 75.803520218336018, 26.927854270736589 ], [ 75.803609941734862, 26.927993577831842 ], [ 75.803706499558984, 26.928129163940071 ], [ 75.803809700116233, 26.928260759853799 ], [ 75.80391933852286, 26.928388104287478 ], [ 75.804035197110466, 26.928510944395839 ], [ 75.80415704585846, 26.928629036276675 ], [ 75.80428464284995, 26.928742145454521 ], [ 75.804417734752576, 26.928850047346373 ], [ 75.804556057321292, 26.928952527708361 ], [ 75.804699335923033, 26.929049383060374 ], [ 75.804847286082008, 26.929140421090437 ], [ 75.804999614044732, 26.929225461037447 ], [ 75.80515601736289, 26.929304334048652 ], [ 75.80531618549503, 26.929376883516284 ], [ 75.805479800421608, 26.929442965387977 ], [ 75.80564653727771, 26.929502448453036 ], [ 75.80581606499851, 26.929555214603226 ], [ 75.805988046975244, 26.929601159066749 ], [ 75.806162141725565, 26.929640190617022 ], [ 75.806338003570147, 26.9296722317535 ], [ 75.806515283320493, 26.929697218855495 ], [ 75.806693628971459, 26.929715102308819 ], [ 75.806872686401505, 26.929725846604356 ], [ 75.807052100074543, 26.929729430408202 ] ] ] } },
{ "type": "Feature", "properties": { "OBJECTID": 29.0, "ORIG_FID": 29.0, "OBJECTID_1": 0.0, "osm_id": 0.0, "name": null, "ref": null, "type": null, "oneway": 0.0, "bridge": 0.0, "maxspeed": 0.0, "Shape_Leng": 0.0, "BUFF_DIST": 400.0, "Shape_Le_1": 0.024013804848399999, "Shape_Area": 4.56752728856e-05 }, "geometry": { "type": "Polygon", "coordinates": [ [ [ 75.846125700440837, 26.966677111672197 ], [ 75.846305172628888, 26.966673527887053 ], [ 75.846484288457361, 26.966662783647223 ], [ 75.846662692274776, 26.966644900286667 ], [ 75.846840029843577, 26.966619913314332 ], [ 75.847015949044192, 26.966587872344292 ], [ 75.847190100573641, 26.966548840996552 ], [ 75.847362138640278, 26.966502896771431 ], [ 75.847531721650171, 26.966450130895282 ], [ 75.847698512885017, 26.96639064813877 ], [ 75.847862181171422, 26.966324566610297 ], [ 75.848022401538685, 26.96625201751948 ], [ 75.848178855863921, 26.966173144918002 ], [ 75.84833123350387, 26.966088105413007 ], [ 75.84847923191171, 26.965997067855938 ], [ 75.84862255723823, 26.96590021300733 ], [ 75.848760924914643, 26.965797733178306 ], [ 75.848894060218697, 26.965689831847556 ], [ 75.849021698819001, 26.965576723258209 ], [ 75.849143587300375, 26.965458631992021 ], [ 75.849259483667367, 26.965335792523149 ], [ 75.849369157824015, 26.965208448752776 ], [ 75.849472392031373, 26.965076853524522 ], [ 75.849568981338564, 26.964941268122971 ], [ 75.849658733991021, 26.964801961753835 ], [ 75.849741471810262, 26.96465921101003 ], [ 75.849817030547456, 26.964513299322277 ], [ 75.84988526020993, 26.964364516396245 ], [ 75.849946025358065, 26.964213157637118 ], [ 75.849999205374502, 26.964059523563094 ], [ 75.850044694703456, 26.963903919209372 ], [ 75.85008240305956, 26.9637466535209 ], [ 75.850112255607712, 26.963588038740397 ], [ 75.850134193110364, 26.963428389788021 ], [ 75.850148172045692, 26.963268023635294 ], [ 75.850154164693663, 26.963107258676985 ], [ 75.850152159190202, 26.962946414097871 ], [ 75.850142159551183, 26.962785809239563 ], [ 75.850124185663731, 26.962625762966638 ], [ 75.850098273246999, 26.962466593033241 ], [ 75.85006447377998, 26.962308615452002 ], [ 75.850022854400038, 26.962152143867343 ], [ 75.849973497769213, 26.961997488932241 ], [ 75.84991650190932, 26.961844957691994 ], [ 75.849851980007543, 26.961694852974176 ], [ 75.849780060191449, 26.961547472787743 ], [ 75.849700885274331, 26.961403109731123 ], [ 75.849614612471214, 26.961262050412358 ], [ 75.849521413087359, 26.961124574878681 ], [ 75.849421472177255, 26.960990956061835 ], [ 75.849314988176957, 26.960861459235787 ], [ 75.849202172510616, 26.960736341490133 ], [ 75.849083249171031, 26.960615851219757 ], [ 75.848958454273031, 26.960500227632224 ], [ 75.848828035586905, 26.960389700272344 ], [ 75.848692252044771, 26.960284488567027 ], [ 75.848551373227394, 26.960184801389403 ], [ 75.848405678828613, 26.960090836644611 ], [ 75.848255458100482, 26.960002780876778 ], [ 75.848101009278764, 26.959920808898801 ], [ 75.847942638990844, 26.959845083444975 ], [ 75.847780661647107, 26.959775754849147 ], [ 75.847615398817766, 26.959712960744639 ], [ 75.847447178592461, 26.959656825793047 ], [ 75.847276334931792, 26.959607461434928 ], [ 75.847103207001851, 26.959564965669983 ], [ 75.846928138503131, 26.959529422862147 ], [ 75.846751476987151, 26.959500903571552 ], [ 75.84657357316695, 26.959479464415892 ], [ 75.846394780221488, 26.959465147956053 ], [ 75.846215453093976, 26.959457982613969 ], [ 75.846035947787868, 26.959457982613969 ], [ 75.845856620660356, 26.959465147956053 ], [ 75.845677827714724, 26.959479464415892 ], [ 75.845499923894693, 26.959500903571552 ], [ 75.845323262378542, 26.959529422862147 ], [ 75.845148193879822, 26.959564965669983 ], [ 75.844975065950052, 26.959607461434928 ], [ 75.844804222289213, 26.959656825793047 ], [ 75.844636002064078, 26.959712960744639 ], [ 75.844470739234509, 26.959775754849147 ], [ 75.844308761891, 26.959845083444975 ], [ 75.84415039160308, 26.959920808898801 ], [ 75.843995942781362, 26.960002780876778 ], [ 75.843845722053231, 26.960090836644611 ], [ 75.84370002765445, 26.960184801389403 ], [ 75.843559148837073, 26.960284488567027 ], [ 75.843423365294768, 26.960389700272344 ], [ 75.843292946608642, 26.960500227632224 ], [ 75.843168151710643, 26.960615851219757 ], [ 75.843049228371001, 26.960736341490133 ], [ 75.842936412704887, 26.960861459235787 ], [ 75.842829928704589, 26.960990956061835 ], [ 75.842729987794314, 26.961124574878681 ], [ 75.842636788410459, 26.961262050412358 ], [ 75.842550515607513, 26.961403109731123 ], [ 75.842471340690224, 26.961547472787743 ], [ 75.842399420874131, 26.961694852974176 ], [ 75.842334898972354, 26.961844957691994 ], [ 75.842277903112404, 26.961997488932241 ], [ 75.842228546481635, 26.962152143867343 ], [ 75.842186927101864, 26.962308615452002 ], [ 75.842153127634845, 26.962466593033241 ], [ 75.842127215217886, 26.962625762966638 ], [ 75.842109241330661, 26.962785809239563 ], [ 75.842099241691642, 26.962946414097871 ], [ 75.842097236188181, 26.963107258676985 ], [ 75.842103228835981, 26.963268023635294 ], [ 75.84211720777148, 26.963428389788021 ], [ 75.842139145274132, 26.963588038740397 ], [ 75.842168997822114, 26.9637466535209 ], [ 75.842206706178388, 26.963903919209372 ], [ 75.842252195507115, 26.964059523563094 ], [ 75.842305375523779, 26.964213157637118 ], [ 75.842366140671743, 26.964364516396245 ], [ 75.842434370334161, 26.964513299322277 ], [ 75.842509929071412, 26.96465921101003 ], [ 75.842592666890653, 26.964801961753835 ], [ 75.84268241954328, 26.964941268122971 ], [ 75.842779008850471, 26.965076853524522 ], [ 75.842882243057602, 26.965208448752776 ], [ 75.842991917214476, 26.965335792523149 ], [ 75.843107813581469, 26.965458631992021 ], [ 75.843229702062843, 26.965576723258209 ], [ 75.843357340662976, 26.965689831847556 ], [ 75.843490475966973, 26.965797733178306 ], [ 75.843628843643614, 26.96590021300733 ], [ 75.843772168970133, 26.965997067855938 ], [ 75.843920167377973, 26.966088105413007 ], [ 75.844072545017923, 26.966173144918002 ], [ 75.844228999343159, 26.96625201751948 ], [ 75.844389219710422, 26.966324566610297 ], [ 75.844552887996826, 26.96639064813877 ], [ 75.844719679231673, 26.966450130895282 ], [ 75.844889262241338, 26.966502896771431 ], [ 75.845061300308203, 26.966548840996552 ], [ 75.845235451837652, 26.966587872344292 ], [ 75.845411371038097, 26.966619913314332 ], [ 75.845588708607067, 26.966644900286667 ], [ 75.845767112424483, 26.966662783647223 ], [ 75.845946228252956, 26.966673527887053 ], [ 75.846125700440837, 26.966677111672197 ] ] ] } },
{ "type": "Feature", "properties": { "OBJECTID": 30.0, "ORIG_FID": 30.0, "OBJECTID_1": 0.0, "osm_id": 0.0, "name": null, "ref": null, "type": null, "oneway": 0.0, "bridge": 0.0, "maxspeed": 0.0, "Shape_Leng": 0.0, "BUFF_DIST": 400.0, "Shape_Le_1": 0.024014185010500001, "Shape_Area": 4.5676605990399998e-05 }, "geometry": { "type": "Polygon", "coordinates": [ [ [ 75.772184799788761, 26.970035610146908 ], [ 75.772364277301278, 26.970032026363526 ], [ 75.772543398443759, 26.970021282128869 ], [ 75.772721807553978, 26.970003398776669 ], [ 75.772899150383978, 26.969978411816214 ], [ 75.773075074803558, 26.969946370861123 ], [ 75.773249231499562, 26.969907339531801 ], [ 75.773421274670227, 26.969861395328337 ], [ 75.773590862711046, 26.969808629477086 ], [ 75.773757658893771, 26.969749146748882 ], [ 75.773921332035684, 26.969683065251445 ], [ 75.774081557156137, 26.969610516194905 ], [ 75.774238016122808, 26.969531643630773 ], [ 75.774390398283003, 26.969446604165853 ], [ 75.774538401081315, 26.969355566651814 ], [ 75.774681730659552, 26.969258711849079 ], [ 75.774820102440628, 26.969156232068485 ], [ 75.774953241693822, 26.969048330788951 ], [ 75.775080884080296, 26.968935222253037 ], [ 75.775202776177252, 26.96881713104267 ], [ 75.77531867598185, 26.968694291632005 ], [ 75.775428353391533, 26.968566947921829 ], [ 75.775531590660762, 26.968435352755989 ], [ 75.775628182832747, 26.968299767418728 ], [ 75.775717938147181, 26.968160461115701 ], [ 75.775800678420126, 26.968017710439483 ], [ 75.775876239398258, 26.967871798821079 ], [ 75.77594447108396, 26.967723015965532 ], [ 75.776005238034031, 26.96757165727837 ], [ 75.776058419627191, 26.967418023277332 ], [ 75.776103910304698, 26.967262418997507 ], [ 75.776141619778684, 26.967105153383784 ], [ 75.776171473211434, 26.966946538678769 ], [ 75.77619341136409, 26.966786889802449 ], [ 75.776207390713296, 26.96662652372612 ], [ 75.77621338353822, 26.966465758844208 ], [ 75.776211377974334, 26.966304914341833 ], [ 75.776201378037968, 26.966144309560093 ], [ 75.776183403616585, 26.965984263363566 ], [ 75.776157490430307, 26.965825093505998 ], [ 75.776123689959775, 26.965667116000077 ], [ 75.776082069344739, 26.965510644490166 ], [ 75.776032711249172, 26.965355989629018 ], [ 75.77597571369796, 26.965203458461588 ], [ 75.77591118988164, 26.965053353815506 ], [ 75.775839267931644, 26.964905973699388 ], [ 75.775760090665472, 26.96476161071206 ], [ 75.77567381530281, 26.964620551460655 ], [ 75.775580613154034, 26.96448307599303 ], [ 75.775480669278807, 26.964349457240189 ], [ 75.775374182119663, 26.9642199604761 ], [ 75.775261363107006, 26.964094842790473 ], [ 75.775142436239548, 26.96397435257785 ], [ 75.775017637639849, 26.963858729045739 ], [ 75.774887215084959, 26.963748201738781 ], [ 75.774751427515127, 26.96364299008394 ], [ 75.774610544519021, 26.963543302954292 ], [ 75.774464845798718, 26.963449338254634 ], [ 75.774314620615144, 26.963361282529036 ], [ 75.774160167212358, 26.963279310590281 ], [ 75.774001792227068, 26.963203585173062 ], [ 75.77383981007938, 26.963134256610431 ], [ 75.773674542348147, 26.963071462536163 ], [ 75.773506317133752, 26.963015327611515 ], [ 75.77333546840589, 26.962965963277213 ], [ 75.773162335341226, 26.962923467532733 ], [ 75.772987261650201, 26.962887924741949 ], [ 75.772810594894679, 26.962859405465224 ], [ 75.772632685798158, 26.962837966319682 ], [ 75.772453887549943, 26.962823649866777 ], [ 75.772274555103763, 26.962816484528048 ], [ 75.772095044473758, 26.962816484528048 ], [ 75.771915712027635, 26.962823649866777 ], [ 75.771736913779421, 26.962837966319682 ], [ 75.771559004682899, 26.962859405465224 ], [ 75.771382337927378, 26.962887924741949 ], [ 75.771207264236352, 26.962923467532733 ], [ 75.771034131171859, 26.962965963277213 ], [ 75.770863282443827, 26.963015327611515 ], [ 75.770695057229432, 26.963071462536163 ], [ 75.770529789498369, 26.963134256610431 ], [ 75.77036780735051, 26.963203585173062 ], [ 75.770209432365391, 26.963279310590281 ], [ 75.770054978962605, 26.963361282529036 ], [ 75.76990475377886, 26.963449338254634 ], [ 75.769759055058557, 26.963543302954292 ], [ 75.769618172062451, 26.96364299008394 ], [ 75.769482384492619, 26.963748201738781 ], [ 75.7693519619379, 26.963858729045739 ], [ 75.769227163338201, 26.96397435257785 ], [ 75.769108236470743, 26.964094842790473 ], [ 75.768995417457916, 26.9642199604761 ], [ 75.768888930298772, 26.964349457240189 ], [ 75.768788986423715, 26.96448307599303 ], [ 75.768695784274769, 26.964620551460655 ], [ 75.768609508912277, 26.96476161071206 ], [ 75.768530331645934, 26.964905973699388 ], [ 75.768458409695938, 26.965053353815506 ], [ 75.768393885879618, 26.965203458461588 ], [ 75.768336888328406, 26.965355989629018 ], [ 75.76828753023284, 26.965510644490166 ], [ 75.768245909617804, 26.965667116000077 ], [ 75.768212109147271, 26.965825093505998 ], [ 75.768186195960993, 26.965984263363566 ], [ 75.768168221539611, 26.966144309560093 ], [ 75.768158221603244, 26.966304914341833 ], [ 75.768156216039529, 26.966465758844208 ], [ 75.768162208864226, 26.96662652372612 ], [ 75.768176188213488, 26.966786889802449 ], [ 75.768198126366087, 26.966946538678769 ], [ 75.768227979798894, 26.967105153383784 ], [ 75.768265689272823, 26.967262418997507 ], [ 75.768311179950388, 26.967418023277332 ], [ 75.768364361543718, 26.96757165727837 ], [ 75.768425128493618, 26.967723015965532 ], [ 75.76849336017932, 26.967871798821079 ], [ 75.768568921157225, 26.968017710439483 ], [ 75.768651661430397, 26.968160461115701 ], [ 75.768741416744831, 26.968299767418728 ], [ 75.768838008916816, 26.968435352755989 ], [ 75.768941246185989, 26.968566947921829 ], [ 75.769050923595728, 26.968694291632005 ], [ 75.769166823400326, 26.96881713104267 ], [ 75.769288715497453, 26.968935222253037 ], [ 75.769416357883756, 26.969048330788951 ], [ 75.76954949713695, 26.969156232068485 ], [ 75.769687868918197, 26.969258711849079 ], [ 75.769831198496263, 26.969355566651814 ], [ 75.769979201294518, 26.969446604165853 ], [ 75.77013158345494, 26.969531643630773 ], [ 75.770288042421441, 26.969610516194905 ], [ 75.770448267541894, 26.969683065251445 ], [ 75.770611940683807, 26.969749146748882 ], [ 75.770778736866703, 26.969808629477086 ], [ 75.770948324907351, 26.969861395328337 ], [ 75.771120368078016, 26.969907339531801 ], [ 75.771294524774191, 26.969946370861123 ], [ 75.771470449193771, 26.969978411816214 ], [ 75.7716477920236, 26.970003398776669 ], [ 75.77182620113382, 26.970021282128869 ], [ 75.7720053222763, 26.970032026363526 ], [ 75.772184799788761, 26.970035610146908 ] ] ] } },
{ "type": "Feature", "properties": { "OBJECTID": 31.0, "ORIG_FID": 31.0, "OBJECTID_1": 0.0, "osm_id": 0.0, "name": null, "ref": null, "type": null, "oneway": 0.0, "bridge": 0.0, "maxspeed": 0.0, "Shape_Leng": 0.0, "BUFF_DIST": 400.0, "Shape_Le_1": 0.024008557779799999, "Shape_Area": 4.5656872044999997e-05 }, "geometry": { "type": "Polygon", "coordinates": [ [ [ 75.806643399573375, 26.920259435611854 ], [ 75.806822798266808, 26.920255851803233 ], [ 75.807001840746807, 26.920245107493429 ], [ 75.807180171507468, 26.920227224016344 ], [ 75.807357436456357, 26.920202236881153 ], [ 75.807533283617886, 26.920170195702212 ], [ 75.807707363832833, 26.920131164100042 ], [ 75.807879331450749, 26.920085219575412 ], [ 75.808048845017481, 26.920032453355077 ], [ 75.808215567952857, 26.919972970210779 ], [ 75.80837916921945, 26.919906888251148 ], [ 75.808539323979289, 26.91983433868711 ], [ 75.808695714239832, 26.919755465570859 ], [ 75.808848029485262, 26.919670425510731 ], [ 75.808995967292674, 26.919579387359477 ], [ 75.809139233932854, 26.919482531878543 ], [ 75.809277544953943, 26.919380051380131 ], [ 75.809410625746011, 26.919272149344351 ], [ 75.809538212085727, 26.91915904001587 ], [ 75.809660050661932, 26.919040947977521 ], [ 75.809775899578199, 26.918918107705338 ], [ 75.809885528832865, 26.918790763101867 ], [ 75.809988720775834, 26.918659167012436 ], [ 75.810085270540299, 26.918523580723217 ], [ 75.810174986450193, 26.918384273441973 ], [ 75.810257690399851, 26.918241521762866 ], [ 75.810333218207859, 26.91809560911895 ], [ 75.810401419942423, 26.917946825217314 ], [ 75.810462160219572, 26.91779546546536 ], [ 75.810515318471573, 26.917641830383275 ], [ 75.810560789185161, 26.917486225007963 ], [ 75.810598482112539, 26.917328958286873 ], [ 75.810628322448622, 26.917170342464374 ], [ 75.810650250980302, 26.917010692462554 ], [ 75.810664224203435, 26.916850325255382 ], [ 75.810670214409072, 26.916689559239387 ], [ 75.810668209738367, 26.916528713601792 ], [ 75.810658214204864, 26.916368107686196 ], [ 75.81064024768807, 26.916208060358997 ], [ 75.810614345891622, 26.916048889376668 ], [ 75.810580560274104, 26.915890910753944 ], [ 75.810538957945084, 26.915734438137349 ], [ 75.810489621532611, 26.915579782181965 ], [ 75.810432649018253, 26.915427249934851 ], [ 75.810368153542811, 26.915277144225854 ], [ 75.810296263181215, 26.91512976306592 ], [ 75.810217120688492, 26.914985399055411 ], [ 75.810130883215152, 26.91484433880396 ], [ 75.810037721996139, 26.914706862361243 ], [ 75.809937822010113, 26.914573242660538 ], [ 75.8098313816119, 26.914443744977405 ], [ 75.80971861213942, 26.914318626403372 ], [ 75.809599737493102, 26.914198135335084 ], [ 75.809474993691651, 26.914082510981586 ], [ 75.809344628403323, 26.913971982889336 ], [ 75.809208900454792, 26.913866770486607 ], [ 75.809068079316035, 26.913767082648008 ], [ 75.808922444566804, 26.913673117280268 ], [ 75.80877228534041, 26.913585060928369 ], [ 75.8086178997508, 26.91350308840623 ], [ 75.808459594299563, 26.913427362450079 ], [ 75.808297683268847, 26.91335803339399 ], [ 75.808132488096419, 26.913295238872763 ], [ 75.807964336738735, 26.913239103548278 ], [ 75.807793563018947, 26.913189738862457 ], [ 75.807620505964735, 26.913147242815228 ], [ 75.807445509135619, 26.913111699771321 ], [ 75.807268919941123, 26.91308318029138 ], [ 75.80709108895104, 26.913061740993044 ], [ 75.806912369199154, 26.913047424438389 ], [ 75.806733115483837, 26.913040259048501 ], [ 75.806553683662969, 26.913040259048501 ], [ 75.806374429947766, 26.913047424438389 ], [ 75.80619571019588, 26.913061740993044 ], [ 75.806017879205626, 26.91308318029138 ], [ 75.805841290011131, 26.913111699771321 ], [ 75.805666293182185, 26.913147242815228 ], [ 75.805493236128029, 26.913189738862457 ], [ 75.805322462408014, 26.913239103548278 ], [ 75.80515431105033, 26.913295238872763 ], [ 75.804989115878129, 26.91335803339399 ], [ 75.804827204847186, 26.913427362450079 ], [ 75.804668899396177, 26.91350308840623 ], [ 75.804514513806339, 26.913585060928369 ], [ 75.804364354580116, 26.913673117280268 ], [ 75.804218719830715, 26.913767082648008 ], [ 75.804077898692128, 26.913866770486607 ], [ 75.803942170743426, 26.913971982889336 ], [ 75.803811805455268, 26.914082510981586 ], [ 75.803687061653648, 26.914198135335084 ], [ 75.803568187007386, 26.914318626403372 ], [ 75.803455417534849, 26.914443744977405 ], [ 75.803348977136864, 26.914573242660538 ], [ 75.803249077150781, 26.914706862361243 ], [ 75.803155915931598, 26.91484433880396 ], [ 75.803069678458428, 26.914985399055411 ], [ 75.802990535965534, 26.91512976306592 ], [ 75.802918645604109, 26.915277144225854 ], [ 75.802854150128667, 26.915427249934851 ], [ 75.802797177614309, 26.915579782181965 ], [ 75.802747841201665, 26.915734438137349 ], [ 75.802706238872815, 26.915890910753944 ], [ 75.802672453255127, 26.916048889376668 ], [ 75.802646551458849, 26.916208060358997 ], [ 75.802628584941885, 26.916368107686196 ], [ 75.80261858940861, 26.916528713601792 ], [ 75.802616584737677, 26.916689559239387 ], [ 75.802622574943314, 26.916850325255382 ], [ 75.802636548166618, 26.917010692462554 ], [ 75.802658476698127, 26.917170342464374 ], [ 75.802688317034381, 26.917328958286873 ], [ 75.802726009961589, 26.917486225007963 ], [ 75.802771480675347, 26.917641830383275 ], [ 75.802824638927177, 26.91779546546536 ], [ 75.802885379204326, 26.917946825217314 ], [ 75.802953580939118, 26.91809560911895 ], [ 75.803029108746955, 26.918241521762866 ], [ 75.803111812696557, 26.918384273441973 ], [ 75.803201528606451, 26.918523580723217 ], [ 75.803298078371085, 26.918659167012436 ], [ 75.803401270313941, 26.918790763101867 ], [ 75.80351089956855, 26.918918107705338 ], [ 75.803626748484817, 26.919040947977521 ], [ 75.803748587061193, 26.91915904001587 ], [ 75.803876173400909, 26.919272149344351 ], [ 75.804009254192806, 26.919380051380131 ], [ 75.804147565213952, 26.919482531878543 ], [ 75.804290831854246, 26.919579387359477 ], [ 75.804438769661488, 26.919670425510731 ], [ 75.804591084906917, 26.919755465570859 ], [ 75.80474747516763, 26.91983433868711 ], [ 75.80490762992747, 26.919906888251148 ], [ 75.805071231194063, 26.919972970210779 ], [ 75.805237954129439, 26.920032453355077 ], [ 75.80540746769617, 26.920085219575412 ], [ 75.805579435314087, 26.920131164100042 ], [ 75.805753515528863, 26.920170195702212 ], [ 75.805929362690449, 26.920202236881153 ], [ 75.806106627639451, 26.920227224016344 ], [ 75.806284958399942, 26.920245107493429 ], [ 75.806464000879942, 26.920255851803233 ], [ 75.806643399573375, 26.920259435611854 ] ] ] } },
{ "type": "Feature", "properties": { "OBJECTID": 32.0, "ORIG_FID": 32.0, "OBJECTID_1": 0.0, "osm_id": 0.0, "name": null, "ref": null, "type": null, "oneway": 0.0, "bridge": 0.0, "maxspeed": 0.0, "Shape_Leng": 0.0, "BUFF_DIST": 400.0, "Shape_Le_1": 0.024008484939900002, "Shape_Area": 4.5656616590300002e-05 }, "geometry": { "type": "Polygon", "coordinates": [ [ [ 75.820559599745877, 26.919614235326492 ], [ 75.820738997418914, 26.91961065151753 ], [ 75.820918038880791, 26.919599907206816 ], [ 75.821096368627138, 26.919582023727969 ], [ 75.821273632567909, 26.919557036590618 ], [ 75.821449478729335, 26.919524995408665 ], [ 75.821623557953956, 26.91948596380297 ], [ 75.821795524593995, 26.919440019274248 ], [ 75.821965037196719, 26.919387253049081 ], [ 75.82213175918389, 26.919327769899496 ], [ 75.822295359520012, 26.919261687933783 ], [ 75.822455513369107, 26.919189138362981 ], [ 75.822611902740277, 26.919110265239851 ], [ 75.82276421711947, 26.919025225172049 ], [ 75.822912154085486, 26.918934187012326 ], [ 75.823055419910986, 26.918837331522639 ], [ 75.823193730145704, 26.91873485101479 ], [ 75.823326810180674, 26.918626948969461 ], [ 75.823454395794954, 26.918513839630691 ], [ 75.823576233678352, 26.918395747581656 ], [ 75.823692081935917, 26.918272907298274 ], [ 75.823801710567295, 26.918145562683094 ], [ 75.823904901923356, 26.918013966581952 ], [ 75.824001451138884, 26.917878380280285 ], [ 75.824091166538835, 26.917739072986251 ], [ 75.824173870018285, 26.917596321294354 ], [ 75.824249397396727, 26.91745040863691 ], [ 75.824317598743733, 26.917301624721802 ], [ 75.824378338675558, 26.917150264955978 ], [ 75.824431496625266, 26.91699662986008 ], [ 75.824476967080727, 26.9168410244705 ], [ 75.824514659793692, 26.916683757735086 ], [ 75.824544499960268, 26.916525141897978 ], [ 75.824566428367461, 26.91636549188172 ], [ 75.824580401511355, 26.916205124659825 ], [ 75.824586391683113, 26.916044358629335 ], [ 75.82458438702372, 26.915883512976961 ], [ 75.824574391547458, 26.915722907046643 ], [ 75.824556425132755, 26.915562859704835 ], [ 75.824530523483929, 26.915403688707954 ], [ 75.824496738058656, 26.915245710070621 ], [ 75.824455135966389, 26.915089237439702 ], [ 75.824405799834608, 26.914934581470277 ], [ 75.824348827644258, 26.914782049209123 ], [ 75.824284332535797, 26.914631943486427 ], [ 75.824212442583132, 26.91448456231285 ], [ 75.824133300540552, 26.914340198288983 ], [ 75.824047063557657, 26.914199138024742 ], [ 75.823953902868368, 26.914061661569292 ], [ 75.823854003450379, 26.913928041856309 ], [ 75.823747563657719, 26.913798544161409 ], [ 75.823634794826489, 26.913673425575666 ], [ 75.823515920856096, 26.913552934496522 ], [ 75.823391177763938, 26.913437310132394 ], [ 75.823260813217075, 26.913326782029799 ], [ 75.823125086040193, 26.913221569617349 ], [ 75.822984265702246, 26.913121881769712 ], [ 75.82283863178111, 26.913027916393219 ], [ 75.822688473408618, 26.912939860033134 ], [ 75.822534088696671, 26.912857887503606 ], [ 75.82237578414572, 26.91278216154052 ], [ 75.822213874035526, 26.912712832477837 ], [ 75.822048679802435, 26.912650037950925 ], [ 75.821880529400744, 26.912593902621268 ], [ 75.821709756651956, 26.912544537930842 ], [ 75.821536700581646, 26.912502041879861 ], [ 75.82136170474763, 26.9124664988326 ], [ 75.82118511655716, 26.912437979349988 ], [ 75.821007286577981, 26.912416540049719 ], [ 75.820828567842341, 26.912402223493586 ], [ 75.820649315146284, 26.912395058103186 ], [ 75.820469884345584, 26.912395058103186 ], [ 75.820290631649527, 26.912402223493586 ], [ 75.820111912913717, 26.912416540049719 ], [ 75.819934082934708, 26.912437979349988 ], [ 75.819757494744238, 26.9124664988326 ], [ 75.819582498910222, 26.912502041879861 ], [ 75.819409442839969, 26.912544537930842 ], [ 75.819238670090954, 26.912593902621268 ], [ 75.819070519689262, 26.912650037950925 ], [ 75.818905325456399, 26.912712832477837 ], [ 75.818743415346205, 26.91278216154052 ], [ 75.818585110795027, 26.912857887503606 ], [ 75.81843072608325, 26.912939860033134 ], [ 75.818280567710758, 26.913027916393219 ], [ 75.818134933789509, 26.913121881769712 ], [ 75.817994113451505, 26.913221569617349 ], [ 75.817858386274622, 26.913326782029799 ], [ 75.81772802172793, 26.913437310132394 ], [ 75.817603278635659, 26.913552934496522 ], [ 75.817484404665436, 26.913673425575666 ], [ 75.817371635834149, 26.913798544161409 ], [ 75.817265196041376, 26.913928041856309 ], [ 75.817165296623386, 26.914061661569292 ], [ 75.817072135934268, 26.914199138024742 ], [ 75.816985898951373, 26.914340198288983 ], [ 75.816906756908736, 26.91448456231285 ], [ 75.816834866956128, 26.914631943486427 ], [ 75.816770371847497, 26.914782049209123 ], [ 75.816713399657317, 26.914934581470277 ], [ 75.816664063525479, 26.915089237439702 ], [ 75.816622461433269, 26.915245710070621 ], [ 75.816588676007939, 26.915403688707954 ], [ 75.816562774359113, 26.915562859704835 ], [ 75.816544807944467, 26.915722907046643 ], [ 75.816534812467978, 26.915883512976961 ], [ 75.816532807808812, 26.916044358629335 ], [ 75.81653879798057, 26.916205124659825 ], [ 75.816552771124407, 26.91636549188172 ], [ 75.8165746995316, 26.916525141897978 ], [ 75.816604539698062, 26.916683757735086 ], [ 75.816642232411141, 26.9168410244705 ], [ 75.816687702866489, 26.91699662986008 ], [ 75.81674086081614, 26.917150264955978 ], [ 75.816801600748192, 26.917301624721802 ], [ 75.816869802095141, 26.91745040863691 ], [ 75.81694532947364, 26.917596321294354 ], [ 75.81702803295309, 26.917739072986251 ], [ 75.817117748352814, 26.917878380280285 ], [ 75.817214297568341, 26.918013966581952 ], [ 75.81731748892463, 26.918145562683094 ], [ 75.817427117555781, 26.918272907298274 ], [ 75.817542965813345, 26.918395747581656 ], [ 75.817664803696744, 26.918513839630691 ], [ 75.817792389311023, 26.918626948969461 ], [ 75.817925469346164, 26.91873485101479 ], [ 75.818063779580768, 26.918837331522639 ], [ 75.818207045406268, 26.918934187012326 ], [ 75.818354982372398, 26.919025225172049 ], [ 75.818507296751477, 26.919110265239851 ], [ 75.818663686122761, 26.919189138362981 ], [ 75.818823839971913, 26.919261687933783 ], [ 75.818987440307865, 26.919327769899496 ], [ 75.819154162295149, 26.919387253049081 ], [ 75.819323674897873, 26.919440019274248 ], [ 75.819495641537742, 26.91948596380297 ], [ 75.819669720762533, 26.919524995408665 ], [ 75.819845566924016, 26.919557036590618 ], [ 75.820022830864787, 26.919582023727969 ], [ 75.820201160611134, 26.919599907206816 ], [ 75.820380202072784, 26.91961065151753 ], [ 75.820559599745877, 26.919614235326492 ] ] ] } },
{ "type": "Feature", "properties": { "OBJECTID": 33.0, "ORIG_FID": 33.0, "OBJECTID_1": 0.0, "osm_id": 0.0, "name": null, "ref": null, "type": null, "oneway": 0.0, "bridge": 0.0, "maxspeed": 0.0, "Shape_Leng": 0.0, "BUFF_DIST": 400.0, "Shape_Le_1": 0.0240083941533, "Shape_Area": 4.5656298194399997e-05 }, "geometry": { "type": "Polygon", "coordinates": [ [ [ 75.729487999971298, 26.918810035883837 ], [ 75.729667396372861, 26.918806452074477 ], [ 75.72984643656531, 26.91879570776257 ], [ 75.730024765047574, 26.918777824281733 ], [ 75.730202027731593, 26.91875283714154 ], [ 75.730377872646727, 26.918720795956006 ], [ 75.730551950637505, 26.918681764345877 ], [ 75.730723916058253, 26.918635819811868 ], [ 75.730893427459478, 26.91858305358079 ], [ 75.731060148264817, 26.918523570424441 ], [ 75.731223747441334, 26.918457488451509 ], [ 75.731383900155151, 26.918384938872521 ], [ 75.731540288417875, 26.918306065740353 ], [ 75.73169260171727, 26.918221025662945 ], [ 75.73184053763481, 26.918129987492875 ], [ 75.731983802444802, 26.918033131992217 ], [ 75.732122111699141, 26.917930651473 ], [ 75.732255190791079, 26.917822749415222 ], [ 75.73238277550098, 26.917709640063663 ], [ 75.732504612520927, 26.917591548001326 ], [ 75.732620459957275, 26.917468707704074 ], [ 75.732730087811603, 26.917341363074513 ], [ 75.732833278436544, 26.917209766958251 ], [ 75.732929826967847, 26.917074180641521 ], [ 75.733019541731835, 26.916934873331627 ], [ 75.733102244625229, 26.916792121623416 ], [ 75.73317777146849, 26.916646208949487 ], [ 75.733245972332327, 26.91649742501744 ], [ 75.733306711833905, 26.91634606523462 ], [ 75.733359869407025, 26.9161924301211 ], [ 75.733405339540127, 26.916036824713956 ], [ 75.733443031986269, 26.915879557960352 ], [ 75.733472871941444, 26.915720942105509 ], [ 75.733494800193398, 26.915561292070834 ], [ 75.733508773238498, 26.915400924830806 ], [ 75.733514763367964, 26.915240158781955 ], [ 75.733512758723009, 26.915079313111164 ], [ 75.733502763317745, 26.914918707162542 ], [ 75.733484797030655, 26.914758659802601 ], [ 75.733458895565661, 26.914599488787417 ], [ 75.733425110379983, 26.914441510132349 ], [ 75.73338350858279, 26.914285037483467 ], [ 75.733334172800767, 26.91413038149625 ], [ 75.733277201014346, 26.913977849217702 ], [ 75.733212706363133, 26.913827743477782 ], [ 75.733140816920297, 26.913680362287323 ], [ 75.733061675438648, 26.913535998247141 ], [ 75.73297543906699, 26.9133949379667 ], [ 75.732882279038165, 26.913257461495618 ], [ 75.732782380328445, 26.913123841767174 ], [ 75.73267594129004, 26.912994344057381 ], [ 75.732563173258313, 26.912869225457484 ], [ 75.732444300130453, 26.912748734364243 ], [ 75.732319557922438, 26.912633109986984 ], [ 75.732189194299394, 26.912522581871826 ], [ 75.732053468084587, 26.912417369447269 ], [ 75.731912648744753, 26.912317681588206 ], [ 75.731767015855723, 26.912223716200913 ], [ 75.731616858547454, 26.91213565983071 ], [ 75.731462474929572, 26.912053687291746 ], [ 75.731304171500369, 26.911977961319792 ], [ 75.731142262537674, 26.911908632249265 ], [ 75.730977069475443, 26.911845837715077 ], [ 75.730808920265304, 26.911789702379053 ], [ 75.730638148726712, 26.911740337682886 ], [ 75.730465093882856, 26.911697841627017 ], [ 75.730290099288936, 26.911662298575663 ], [ 75.730113512349874, 26.911633779089868 ], [ 75.729935683630856, 26.911612339787098 ], [ 75.729756966161744, 26.911598023229374 ], [ 75.729577714735967, 26.911590857838064 ], [ 75.729398285206798, 26.911590857838064 ], [ 75.729219033780794, 26.911598023229374 ], [ 75.729040316311739, 26.911612339787098 ], [ 75.728862487592835, 26.911633779089868 ], [ 75.728685900653829, 26.911662298575663 ], [ 75.72851090605991, 26.911697841627017 ], [ 75.728337851216054, 26.911740337682886 ], [ 75.728167079677235, 26.911789702379053 ], [ 75.727998930467322, 26.911845837715077 ], [ 75.727833737404865, 26.911908632249265 ], [ 75.727671828442226, 26.911977961319792 ], [ 75.727513525013023, 26.912053687291746 ], [ 75.727359141395311, 26.91213565983071 ], [ 75.727208984086985, 26.912223716200913 ], [ 75.727063351197955, 26.912317681588206 ], [ 75.726922531858122, 26.912417369447269 ], [ 75.726786805643144, 26.912522581871826 ], [ 75.726656442020328, 26.912633109986984 ], [ 75.726531699812313, 26.912748734364243 ], [ 75.726412826684452, 26.912869225457484 ], [ 75.726300058652555, 26.912994344057381 ], [ 75.726193619614321, 26.913123841767174 ], [ 75.72609372090443, 26.913257461495618 ], [ 75.726000560875718, 26.9133949379667 ], [ 75.725914324504117, 26.913535998247141 ], [ 75.725835183022468, 26.913680362287323 ], [ 75.725763293579462, 26.913827743477782 ], [ 75.725698798928192, 26.913977849217702 ], [ 75.725641827141999, 26.91413038149625 ], [ 75.725592491359976, 26.914285037483467 ], [ 75.725550889562726, 26.914441510132349 ], [ 75.725517104377104, 26.914599488787417 ], [ 75.72549120291194, 26.914758659802601 ], [ 75.725473236624964, 26.914918707162542 ], [ 75.725463241219586, 26.915079313111164 ], [ 75.725461236574631, 26.915240158781955 ], [ 75.725467226704268, 26.915400924830806 ], [ 75.725481199749197, 26.915561292070834 ], [ 75.725503128001094, 26.915720942105509 ], [ 75.725532967956326, 26.915879557960352 ], [ 75.725570660402468, 26.916036824713956 ], [ 75.725616130535741, 26.9161924301211 ], [ 75.725669288108804, 26.91634606523462 ], [ 75.725730027610439, 26.91649742501744 ], [ 75.725798228474048, 26.916646208949487 ], [ 75.725873755317309, 26.916792121623416 ], [ 75.72595645821076, 26.916934873331627 ], [ 75.726046172974918, 26.917074180641521 ], [ 75.726142721506221, 26.917209766958251 ], [ 75.726245912130935, 26.917341363074513 ], [ 75.72635553998532, 26.917468707704074 ], [ 75.726471387421839, 26.917591548001326 ], [ 75.726593224441785, 26.917709640063663 ], [ 75.726720809151686, 26.917822749415222 ], [ 75.726853888243625, 26.917930651473 ], [ 75.726992197497964, 26.918033131992217 ], [ 75.727135462307956, 26.918129987492875 ], [ 75.727283398225325, 26.918221025662945 ], [ 75.72743571152489, 26.918306065740353 ], [ 75.727592099787614, 26.918384938872521 ], [ 75.727752252501432, 26.918457488451509 ], [ 75.727915851677778, 26.918523570424441 ], [ 75.728082572483288, 26.91858305358079 ], [ 75.728252083884286, 26.918635819811868 ], [ 75.728424049305204, 26.918681764345877 ], [ 75.728598127295982, 26.918720795956006 ], [ 75.728773972211002, 26.91875283714154 ], [ 75.728951234895192, 26.918777824281733 ], [ 75.729129563377455, 26.91879570776257 ], [ 75.729308603569905, 26.918806452074477 ], [ 75.729487999971298, 26.918810035883837 ] ] ] } },
{ "type": "Feature", "properties": { "OBJECTID": 34.0, "ORIG_FID": 34.0, "OBJECTID_1": 0.0, "osm_id": 0.0, "name": null, "ref": null, "type": null, "oneway": 0.0, "bridge": 0.0, "maxspeed": 0.0, "Shape_Leng": 0.0, "BUFF_DIST": 400.0, "Shape_Le_1": 0.024011214157, "Shape_Area": 4.5666187891499999e-05 }, "geometry": { "type": "Polygon", "coordinates": [ [ [ 75.782274499768448, 26.943773523176958 ], [ 75.782453935670333, 26.943769939380218 ], [ 75.782633015284773, 26.94375919510594 ], [ 75.782811383032026, 26.943741311687802 ], [ 75.782988684746499, 26.943716324635034 ], [ 75.783164568379448, 26.943684283561936 ], [ 75.783338684699061, 26.943645252088629 ], [ 75.78351068798338, 26.943599307715658 ], [ 75.783680236707255, 26.943546541669548 ], [ 75.783846994220994, 26.943487058721757 ], [ 75.784010629417935, 26.943420976980462 ], [ 75.784170817392976, 26.943348427656019 ], [ 75.784327240087862, 26.943269554800565 ], [ 75.784479586922032, 26.943184515021471 ], [ 75.784627555409827, 26.943093477171146 ], [ 75.784770851761323, 26.942996622010412 ], [ 75.784909191465658, 26.942894141850957 ], [ 75.785042299855718, 26.942786240172268 ], [ 75.785169912653373, 26.942673131218214 ], [ 75.785291776495455, 26.942555039570834 ], [ 75.785407649434774, 26.942432199705422 ], [ 75.785517301422146, 26.942304855523844 ], [ 75.785620514762286, 26.942173259870515 ], [ 75.785717084546263, 26.942037674030928 ], [ 75.785806819057996, 26.941898367211479 ], [ 75.785889540154983, 26.941755616006162 ], [ 75.785965083621591, 26.941609703846495 ], [ 75.786033299495216, 26.941460920438828 ], [ 75.786094052364092, 26.941309561189769 ], [ 75.786147221634678, 26.941155926618251 ], [ 75.786192701772904, 26.941000321760157 ], [ 75.786230402511251, 26.940843055562084 ], [ 75.786260249030136, 26.940684440267319 ], [ 75.786282182103434, 26.940524790796928 ], [ 75.786296158218647, 26.940364424123743 ], [ 75.786302149660628, 26.940203658643384 ], [ 75.786300144568372, 26.940042813541879 ], [ 75.786290146956389, 26.939882208161634 ], [ 75.786272176707996, 26.939722161368422 ], [ 75.786246269534729, 26.939562990917182 ], [ 75.786212476905575, 26.939405012821908 ], [ 75.786170865944314, 26.939248540727931 ], [ 75.786121519295762, 26.939093885289253 ], [ 75.786064534962065, 26.938941353552138 ], [ 75.786000026107615, 26.938791248345126 ], [ 75.785928120834058, 26.938643867677968 ], [ 75.785848961925694, 26.938499504150798 ], [ 75.785762706565833, 26.938358444371659 ], [ 75.78566952602506, 26.93822096838926 ], [ 75.785569605320063, 26.93808734913614 ], [ 75.785463142847277, 26.937957851887177 ], [ 75.785350349988164, 26.937832733732535 ], [ 75.785231450689764, 26.937712243068347 ], [ 75.785106681019442, 26.937596619102692 ], [ 75.784976288697237, 26.937486091381459 ], [ 75.784840532603027, 26.937380879331897 ], [ 75.784699682263124, 26.937281191827992 ], [ 75.784554017314917, 26.937187226775677 ], [ 75.784403826951859, 26.937099170719534 ], [ 75.7842494093494, 26.937017198473143 ], [ 75.784091071073078, 26.936941472771366 ], [ 75.7839291264699, 26.936872143948335 ], [ 75.783763897044366, 26.936809349638111 ], [ 75.783595710821032, 26.93675321450246 ], [ 75.783424901691887, 26.936703849982507 ], [ 75.783251808755267, 26.936661354078467 ], [ 75.783076775641575, 26.936625811153988 ], [ 75.782900149832699, 26.936597291769942 ], [ 75.782722281970564, 26.936575852543911 ], [ 75.782543525162794, 26.936561536037175 ], [ 75.782364234280749, 26.936554370671445 ], [ 75.782184765256204, 26.936554370671445 ], [ 75.782005474374159, 26.936561536037175 ], [ 75.781826717566389, 26.936575852543911 ], [ 75.781648849704254, 26.936597291769942 ], [ 75.781472223895378, 26.936625811153988 ], [ 75.781297190781856, 26.936661354078467 ], [ 75.781124097845236, 26.936703849982507 ], [ 75.780953288715921, 26.93675321450246 ], [ 75.780785102492587, 26.936809349638111 ], [ 75.780619873067053, 26.936872143948335 ], [ 75.780457928463875, 26.936941472771366 ], [ 75.780299590187553, 26.937017198473143 ], [ 75.780145172585094, 26.937099170719534 ], [ 75.779994982222036, 26.937187226775677 ], [ 75.779849317273829, 26.937281191827992 ], [ 75.779708466933926, 26.937380879331897 ], [ 75.779572710839716, 26.937486091381459 ], [ 75.779442318517511, 26.937596619102692 ], [ 75.779317548847359, 26.937712243068347 ], [ 75.779198649548789, 26.937832733732535 ], [ 75.779085856689676, 26.937957851887177 ], [ 75.778979394216833, 26.93808734913614 ], [ 75.778879473512063, 26.93822096838926 ], [ 75.77878629297112, 26.938358444371659 ], [ 75.778700037611259, 26.938499504150798 ], [ 75.778620878702895, 26.938643867677968 ], [ 75.778548973429338, 26.938791248345126 ], [ 75.778484464574888, 26.938941353552138 ], [ 75.778427480241362, 26.939093885289253 ], [ 75.77837813359281, 26.939248540727931 ], [ 75.778336522631378, 26.939405012821908 ], [ 75.778302730002224, 26.939562990917182 ], [ 75.778276822828957, 26.939722161368422 ], [ 75.778258852580564, 26.939882208161634 ], [ 75.778248854968581, 26.940042813541879 ], [ 75.778246849876268, 26.940203658643384 ], [ 75.778252841318476, 26.940364424123743 ], [ 75.778266817433519, 26.940524790796928 ], [ 75.778288750506988, 26.940684440267319 ], [ 75.778318597025475, 26.940843055562084 ], [ 75.778356297764219, 26.941000321760157 ], [ 75.778401777902275, 26.941155926618251 ], [ 75.778454947173032, 26.941309561189769 ], [ 75.778515700041737, 26.941460920438828 ], [ 75.778583915915362, 26.941609703846495 ], [ 75.77865945938197, 26.941755616006162 ], [ 75.778742180478957, 26.941898367211479 ], [ 75.77883191499069, 26.942037674030928 ], [ 75.778928484774667, 26.942173259870515 ], [ 75.779031698114807, 26.942304855523844 ], [ 75.779141350102179, 26.942432199705422 ], [ 75.779257223041498, 26.942555039570834 ], [ 75.77937908688358, 26.942673131218214 ], [ 75.779506699681406, 26.942786240172268 ], [ 75.779639808071295, 26.942894141850957 ], [ 75.77977814777563, 26.942996622010412 ], [ 75.779921444127126, 26.943093477171146 ], [ 75.780069412614864, 26.943184515021471 ], [ 75.780221759449034, 26.943269554800565 ], [ 75.78037818214392, 26.943348427656019 ], [ 75.780538370119189, 26.943420976980462 ], [ 75.78070200531613, 26.943487058721757 ], [ 75.780868762829698, 26.943546541669548 ], [ 75.781038311553573, 26.943599307715658 ], [ 75.781210314837892, 26.943645252088629 ], [ 75.781384431157505, 26.943684283561936 ], [ 75.781560314790454, 26.943716324635034 ], [ 75.781737616504927, 26.943741311687802 ], [ 75.78191598425235, 26.94375919510594 ], [ 75.782095063866791, 26.943769939380218 ], [ 75.782274499768448, 26.943773523176958 ] ] ] } }
]
}
