{
"type": "FeatureCollection",
"name": "A10",
"crs": { "type": "name", "properties": { "name": "urn:ogc:def:crs:OGC:1.3:CRS84" } },
"features": [
{ "type": "Feature", "properties": { "OBJECTID_1": 165602.0, "OBJECTID_2": 0.0, "OBJECTID_3": 0.0, "OBJECTID": 12262.0, "SURVEYCOM": null, "GISCOM": "REMOTE SENSING", "FCODE": "1111", "SOFTLAYER": "LYRRECREATIONAL", "SOFTTABLE": null, "NUISCODE": "00-00-05-02", "NAME": "CANTONMENT", "BUSARRIVNG": null, "FACILITIES": null, "LINE": null, "STAGING": null, "LOCATION": "CANTONMENT AREA", "STATUS": "Off-Street", "HOUSES": null, "FLOORS": null, "INVSTCATEG": null, "PRODCAPCTY": null, "QUALITY": null, "AIRPOLLUCS": null, "ETPUNITS": null, "INDWASTWTR": null, "TYPOFPOLLU": null, "CATEGORY": null, "PRESNTPOSI": null, "PRODVALUE": null, "EMPLOYMENT": null, "GSCAPINVST": null, "DATED": null, "CAPACITY": null, "PRODTYPE": null, "CONTACT": null, "INDUSTTYPE": null, "WARDNO": null, "FACILITI_1": null, "MAJORFEAT": null, "WARDNO_1": null, "NATROFINST": null, "COURSECODE": null, "INSTCODE": null, "CITYCODE": null, "DISTCODE": null, "YEAROFEST": null, "COURSES": null, "LEVELS": null, "BENEFCARY": null, "MGMT": null, "INSTTYPE": null, "DISPOPRACT": null, "TOTALBEDS": null, "PHONE": null, "MRI": null, "CTSCAN": null, "CCU": null, "ICU": null, "AMBULANCE": null, "TRAUMA": null, "BLOODSTRUN": null, "CEMOC": null, "AVL24HRS": null, "WASTEDISP": null, "OWNERSHIP": null, "DISTRICT": null, "TEHSIL": null, "VILLAGE": null, "ADDRESS": null, "DETAILS": null, "JURISDICT": null, "VECHDETAIL": null, "DEPARTMENT": null, "DETAILS_1": null, "OPRSTATS": null, "PLANTTYPE": null, "KV": null, "WSALETYPE": null, "LOCATION1": null, "SIZES": null, "FUELTYPE": null, "BRANCH": null, "BUSARRIV_1": null, "BUSDEPARTG": null, "OFFPHONE": null, "STDCODE": null, "CELLNUMBER": null, "CHFOFFICER": null, "DIMENSION": null, "CATEGORY_1": null, "GAUGE": null, "DAMTYPE": null, "LEGALSTATS": null, "FORESTTYPE": null, "DIVISION": null, "FORESTBLCK": null, "TEMP": null, "STATUS_1": null, "HEIGHT": null, "STAGING_1": null, "CAPACITY_1": null, "MINRSUSAGE": null, "MINERALS": null, "NUMOFYRS": null, "AREA": null, "DAMTYPE_1": null, "LEVEL_1": "Built Up", "LEVEL_2": "Built Up (Urban)", "LEVEL_3": "Recreational", "LEVEL_4": "Parking Area", "LEVEL_5": "Parking Area", "TYPE": "Parking Area", "PART": "Part_8", "Shape_Leng": 334.36286305900001, "Shape_Le_1": 0.0, "chk": null, "name1": null, "tempo": null, "Shape_Le_2": 334.36286305900001, "Shape_Area": 3322.26328569, "ORIG_FID": 0.0 }, "geometry": { "type": "Point", "coordinates": [ 75.765515330435207, 26.933017998766843 ] } },
{ "type": "Feature", "properties": { "OBJECTID_1": 166601.0, "OBJECTID_2": 0.0, "OBJECTID_3": 0.0, "OBJECTID": 8428.0, "SURVEYCOM": null, "GISCOM": "REMOTE SENSING", "FCODE": "1111", "SOFTLAYER": "LYRRECREATIONAL", "SOFTTABLE": null, "NUISCODE": "00-00-05-02", "NAME": null, "BUSARRIVNG": null, "FACILITIES": null, "LINE": null, "STAGING": null, "LOCATION": "HASANPURA", "STATUS": "Off-Street", "HOUSES": null, "FLOORS": null, "INVSTCATEG": null, "PRODCAPCTY": null, "QUALITY": null, "AIRPOLLUCS": null, "ETPUNITS": null, "INDWASTWTR": null, "TYPOFPOLLU": null, "CATEGORY": null, "PRESNTPOSI": null, "PRODVALUE": null, "EMPLOYMENT": null, "GSCAPINVST": null, "DATED": null, "CAPACITY": null, "PRODTYPE": null, "CONTACT": null, "INDUSTTYPE": null, "WARDNO": null, "FACILITI_1": null, "MAJORFEAT": null, "WARDNO_1": null, "NATROFINST": null, "COURSECODE": null, "INSTCODE": null, "CITYCODE": null, "DISTCODE": null, "YEAROFEST": null, "COURSES": null, "LEVELS": null, "BENEFCARY": null, "MGMT": null, "INSTTYPE": null, "DISPOPRACT": null, "TOTALBEDS": null, "PHONE": null, "MRI": null, "CTSCAN": null, "CCU": null, "ICU": null, "AMBULANCE": null, "TRAUMA": null, "BLOODSTRUN": null, "CEMOC": null, "AVL24HRS": null, "WASTEDISP": null, "OWNERSHIP": null, "DISTRICT": null, "TEHSIL": null, "VILLAGE": null, "ADDRESS": null, "DETAILS": null, "JURISDICT": null, "VECHDETAIL": null, "DEPARTMENT": null, "DETAILS_1": null, "OPRSTATS": null, "PLANTTYPE": null, "KV": null, "WSALETYPE": null, "LOCATION1": null, "SIZES": null, "FUELTYPE": null, "BRANCH": null, "BUSARRIV_1": null, "BUSDEPARTG": null, "OFFPHONE": null, "STDCODE": null, "CELLNUMBER": null, "CHFOFFICER": null, "DIMENSION": null, "CATEGORY_1": null, "GAUGE": null, "DAMTYPE": null, "LEGALSTATS": null, "FORESTTYPE": null, "DIVISION": null, "FORESTBLCK": null, "TEMP": null, "STATUS_1": null, "HEIGHT": null, "STAGING_1": null, "CAPACITY_1": null, "MINRSUSAGE": null, "MINERALS": null, "NUMOFYRS": null, "AREA": null, "DAMTYPE_1": null, "LEVEL_1": "Built Up", "LEVEL_2": "Built Up (Urban)", "LEVEL_3": "Recreational", "LEVEL_4": "Parking Area", "LEVEL_5": "Parking Area", "TYPE": "Parking Area", "PART": "Part_8", "Shape_Leng": 519.85925013500002, "Shape_Le_1": 0.0, "chk": null, "name1": null, "tempo": null, "Shape_Le_2": 431.82201437399999, "Shape_Area": 8794.0565454499992, "ORIG_FID": 1.0 }, "geometry": { "type": "Point", "coordinates": [ 75.787662005637657, 26.920893878190753 ] } },
{ "type": "Feature", "properties": { "OBJECTID_1": 166602.0, "OBJECTID_2": 0.0, "OBJECTID_3": 0.0, "OBJECTID": 8428.0, "SURVEYCOM": null, "GISCOM": "REMOTE SENSING", "FCODE": "1111", "SOFTLAYER": "LYRRECREATIONAL", "SOFTTABLE": null, "NUISCODE": "00-00-05-02", "NAME": "PRATAP STADIUM", "BUSARRIVNG": null, "FACILITIES": null, "LINE": null, "STAGING": null, "LOCATION": "CHITRAKUT SEC-6 CHITRAKUT SEC-4", "STATUS": "On-Street", "HOUSES": null, "FLOORS": null, "INVSTCATEG": null, "PRODCAPCTY": null, "QUALITY": null, "AIRPOLLUCS": null, "ETPUNITS": null, "INDWASTWTR": null, "TYPOFPOLLU": null, "CATEGORY": null, "PRESNTPOSI": null, "PRODVALUE": null, "EMPLOYMENT": null, "GSCAPINVST": null, "DATED": null, "CAPACITY": null, "PRODTYPE": null, "CONTACT": null, "INDUSTTYPE": null, "WARDNO": null, "FACILITI_1": null, "MAJORFEAT": null, "WARDNO_1": null, "NATROFINST": null, "COURSECODE": null, "INSTCODE": null, "CITYCODE": null, "DISTCODE": null, "YEAROFEST": null, "COURSES": null, "LEVELS": null, "BENEFCARY": null, "MGMT": null, "INSTTYPE": null, "DISPOPRACT": null, "TOTALBEDS": null, "PHONE": null, "MRI": null, "CTSCAN": null, "CCU": null, "ICU": null, "AMBULANCE": null, "TRAUMA": null, "BLOODSTRUN": null, "CEMOC": null, "AVL24HRS": null, "WASTEDISP": null, "OWNERSHIP": null, "DISTRICT": null, "TEHSIL": null, "VILLAGE": null, "ADDRESS": null, "DETAILS": null, "JURISDICT": null, "VECHDETAIL": null, "DEPARTMENT": null, "DETAILS_1": null, "OPRSTATS": null, "PLANTTYPE": null, "KV": null, "WSALETYPE": null, "LOCATION1": null, "SIZES": null, "FUELTYPE": null, "BRANCH": null, "BUSARRIV_1": null, "BUSDEPARTG": null, "OFFPHONE": null, "STDCODE": null, "CELLNUMBER": null, "CHFOFFICER": null, "DIMENSION": null, "CATEGORY_1": null, "GAUGE": null, "DAMTYPE": null, "LEGALSTATS": null, "FORESTTYPE": null, "DIVISION": null, "FORESTBLCK": null, "TEMP": null, "STATUS_1": null, "HEIGHT": null, "STAGING_1": null, "CAPACITY_1": null, "MINRSUSAGE": null, "MINERALS": null, "NUMOFYRS": null, "AREA": null, "DAMTYPE_1": null, "LEVEL_1": "Built Up", "LEVEL_2": "Built Up (Urban)", "LEVEL_3": "Recreational", "LEVEL_4": "Parking Area", "LEVEL_5": "Parking Area", "TYPE": "Parking Area", "PART": "Part_8", "Shape_Leng": 519.85925013500002, "Shape_Le_1": 0.0, "chk": null, "name1": null, "tempo": null, "Shape_Le_2": 186.02933214800001, "Shape_Area": 523.93339149200006, "ORIG_FID": 2.0 }, "geometry": { "type": "Point", "coordinates": [ 75.736623963092498, 26.899578569890171 ] } },
{ "type": "Feature", "properties": { "OBJECTID_1": 166603.0, "OBJECTID_2": 0.0, "OBJECTID_3": 0.0, "OBJECTID": 8428.0, "SURVEYCOM": null, "GISCOM": "REMOTE SENSING", "FCODE": "1111", "SOFTLAYER": "LYRRECREATIONAL", "SOFTTABLE": null, "NUISCODE": "00-00-05-02", "NAME": "PRATAP STADIUM", "BUSARRIVNG": null, "FACILITIES": null, "LINE": null, "STAGING": null, "LOCATION": "CHITRAKUT SEC-6 CHITRAKUT SEC-4", "STATUS": "On-Street", "HOUSES": null, "FLOORS": null, "INVSTCATEG": null, "PRODCAPCTY": null, "QUALITY": null, "AIRPOLLUCS": null, "ETPUNITS": null, "INDWASTWTR": null, "TYPOFPOLLU": null, "CATEGORY": null, "PRESNTPOSI": null, "PRODVALUE": null, "EMPLOYMENT": null, "GSCAPINVST": null, "DATED": null, "CAPACITY": null, "PRODTYPE": null, "CONTACT": null, "INDUSTTYPE": null, "WARDNO": null, "FACILITI_1": null, "MAJORFEAT": null, "WARDNO_1": null, "NATROFINST": null, "COURSECODE": null, "INSTCODE": null, "CITYCODE": null, "DISTCODE": null, "YEAROFEST": null, "COURSES": null, "LEVELS": null, "BENEFCARY": null, "MGMT": null, "INSTTYPE": null, "DISPOPRACT": null, "TOTALBEDS": null, "PHONE": null, "MRI": null, "CTSCAN": null, "CCU": null, "ICU": null, "AMBULANCE": null, "TRAUMA": null, "BLOODSTRUN": null, "CEMOC": null, "AVL24HRS": null, "WASTEDISP": null, "OWNERSHIP": null, "DISTRICT": null, "TEHSIL": null, "VILLAGE": null, "ADDRESS": null, "DETAILS": null, "JURISDICT": null, "VECHDETAIL": null, "DEPARTMENT": null, "DETAILS_1": null, "OPRSTATS": null, "PLANTTYPE": null, "KV": null, "WSALETYPE": null, "LOCATION1": null, "SIZES": null, "FUELTYPE": null, "BRANCH": null, "BUSARRIV_1": null, "BUSDEPARTG": null, "OFFPHONE": null, "STDCODE": null, "CELLNUMBER": null, "CHFOFFICER": null, "DIMENSION": null, "CATEGORY_1": null, "GAUGE": null, "DAMTYPE": null, "LEGALSTATS": null, "FORESTTYPE": null, "DIVISION": null, "FORESTBLCK": null, "TEMP": null, "STATUS_1": null, "HEIGHT": null, "STAGING_1": null, "CAPACITY_1": null, "MINRSUSAGE": null, "MINERALS": null, "NUMOFYRS": null, "AREA": null, "DAMTYPE_1": null, "LEVEL_1": "Built Up", "LEVEL_2": "Built Up (Urban)", "LEVEL_3": "Recreational", "LEVEL_4": "Parking Area", "LEVEL_5": "Parking Area", "TYPE": "Parking Area", "PART": "Part_8", "Shape_Leng": 519.85925013500002, "Shape_Le_1": 0.0, "chk": null, "name1": null, "tempo": null, "Shape_Le_2": 284.55196861100001, "Shape_Area": 831.75237385499997, "ORIG_FID": 3.0 }, "geometry": { "type": "Point", "coordinates": [ 75.73405099252858, 26.899817866556056 ] } },
{ "type": "Feature", "properties": { "OBJECTID_1": 166604.0, "OBJECTID_2": 0.0, "OBJECTID_3": 0.0, "OBJECTID": 8428.0, "SURVEYCOM": null, "GISCOM": "REMOTE SENSING", "FCODE": "1111", "SOFTLAYER": "LYRRECREATIONAL", "SOFTTABLE": null, "NUISCODE": "00-00-05-02", "NAME": "PRATAP STADIUM", "BUSARRIVNG": null, "FACILITIES": null, "LINE": null, "STAGING": null, "LOCATION": "CHITRAKUT SEC-6 CHITRAKUT SEC-4", "STATUS": "On-Street", "HOUSES": null, "FLOORS": null, "INVSTCATEG": null, "PRODCAPCTY": null, "QUALITY": null, "AIRPOLLUCS": null, "ETPUNITS": null, "INDWASTWTR": null, "TYPOFPOLLU": null, "CATEGORY": null, "PRESNTPOSI": null, "PRODVALUE": null, "EMPLOYMENT": null, "GSCAPINVST": null, "DATED": null, "CAPACITY": null, "PRODTYPE": null, "CONTACT": null, "INDUSTTYPE": null, "WARDNO": null, "FACILITI_1": null, "MAJORFEAT": null, "WARDNO_1": null, "NATROFINST": null, "COURSECODE": null, "INSTCODE": null, "CITYCODE": null, "DISTCODE": null, "YEAROFEST": null, "COURSES": null, "LEVELS": null, "BENEFCARY": null, "MGMT": null, "INSTTYPE": null, "DISPOPRACT": null, "TOTALBEDS": null, "PHONE": null, "MRI": null, "CTSCAN": null, "CCU": null, "ICU": null, "AMBULANCE": null, "TRAUMA": null, "BLOODSTRUN": null, "CEMOC": null, "AVL24HRS": null, "WASTEDISP": null, "OWNERSHIP": null, "DISTRICT": null, "TEHSIL": null, "VILLAGE": null, "ADDRESS": null, "DETAILS": null, "JURISDICT": null, "VECHDETAIL": null, "DEPARTMENT": null, "DETAILS_1": null, "OPRSTATS": null, "PLANTTYPE": null, "KV": null, "WSALETYPE": null, "LOCATION1": null, "SIZES": null, "FUELTYPE": null, "BRANCH": null, "BUSARRIV_1": null, "BUSDEPARTG": null, "OFFPHONE": null, "STDCODE": null, "CELLNUMBER": null, "CHFOFFICER": null, "DIMENSION": null, "CATEGORY_1": null, "GAUGE": null, "DAMTYPE": null, "LEGALSTATS": null, "FORESTTYPE": null, "DIVISION": null, "FORESTBLCK": null, "TEMP": null, "STATUS_1": null, "HEIGHT": null, "STAGING_1": null, "CAPACITY_1": null, "MINRSUSAGE": null, "MINERALS": null, "NUMOFYRS": null, "AREA": null, "DAMTYPE_1": null, "LEVEL_1": "Built Up", "LEVEL_2": "Built Up (Urban)", "LEVEL_3": "Recreational", "LEVEL_4": "Parking Area", "LEVEL_5": "Parking Area", "TYPE": "Parking Area", "PART": "Part_8", "Shape_Leng": 519.85925013500002, "Shape_Le_1": 0.0, "chk": null, "name1": null, "tempo": null, "Shape_Le_2": 117.927052492, "Shape_Area": 364.17118650200001, "ORIG_FID": 4.0 }, "geometry": { "type": "Point", "coordinates": [ 75.736619631982279, 26.900284941295634 ] } },
{ "type": "Feature", "properties": { "OBJECTID_1": 166605.0, "OBJECTID_2": 0.0, "OBJECTID_3": 0.0, "OBJECTID": 8428.0, "SURVEYCOM": null, "GISCOM": "REMOTE SENSING", "FCODE": "1111", "SOFTLAYER": "LYRRECREATIONAL", "SOFTTABLE": null, "NUISCODE": "00-00-05-02", "NAME": "PRATAP STADIUM", "BUSARRIVNG": null, "FACILITIES": null, "LINE": null, "STAGING": null, "LOCATION": "CHITRAKUT SEC-6 CHITRAKUT SEC-4", "STATUS": "On-Street", "HOUSES": null, "FLOORS": null, "INVSTCATEG": null, "PRODCAPCTY": null, "QUALITY": null, "AIRPOLLUCS": null, "ETPUNITS": null, "INDWASTWTR": null, "TYPOFPOLLU": null, "CATEGORY": null, "PRESNTPOSI": null, "PRODVALUE": null, "EMPLOYMENT": null, "GSCAPINVST": null, "DATED": null, "CAPACITY": null, "PRODTYPE": null, "CONTACT": null, "INDUSTTYPE": null, "WARDNO": null, "FACILITI_1": null, "MAJORFEAT": null, "WARDNO_1": null, "NATROFINST": null, "COURSECODE": null, "INSTCODE": null, "CITYCODE": null, "DISTCODE": null, "YEAROFEST": null, "COURSES": null, "LEVELS": null, "BENEFCARY": null, "MGMT": null, "INSTTYPE": null, "DISPOPRACT": null, "TOTALBEDS": null, "PHONE": null, "MRI": null, "CTSCAN": null, "CCU": null, "ICU": null, "AMBULANCE": null, "TRAUMA": null, "BLOODSTRUN": null, "CEMOC": null, "AVL24HRS": null, "WASTEDISP": null, "OWNERSHIP": null, "DISTRICT": null, "TEHSIL": null, "VILLAGE": null, "ADDRESS": null, "DETAILS": null, "JURISDICT": null, "VECHDETAIL": null, "DEPARTMENT": null, "DETAILS_1": null, "OPRSTATS": null, "PLANTTYPE": null, "KV": null, "WSALETYPE": null, "LOCATION1": null, "SIZES": null, "FUELTYPE": null, "BRANCH": null, "BUSARRIV_1": null, "BUSDEPARTG": null, "OFFPHONE": null, "STDCODE": null, "CELLNUMBER": null, "CHFOFFICER": null, "DIMENSION": null, "CATEGORY_1": null, "GAUGE": null, "DAMTYPE": null, "LEGALSTATS": null, "FORESTTYPE": null, "DIVISION": null, "FORESTBLCK": null, "TEMP": null, "STATUS_1": null, "HEIGHT": null, "STAGING_1": null, "CAPACITY_1": null, "MINRSUSAGE": null, "MINERALS": null, "NUMOFYRS": null, "AREA": null, "DAMTYPE_1": null, "LEVEL_1": "Built Up", "LEVEL_2": "Built Up (Urban)", "LEVEL_3": "Recreational", "LEVEL_4": "Parking Area", "LEVEL_5": "Parking Area", "TYPE": "Parking Area", "PART": "Part_8", "Shape_Leng": 519.85925013500002, "Shape_Le_1": 0.0, "chk": null, "name1": null, "tempo": null, "Shape_Le_2": 52.0064341028, "Shape_Area": 119.178165186, "ORIG_FID": 5.0 }, "geometry": { "type": "Point", "coordinates": [ 75.736582678275298, 26.901014707845462 ] } },
{ "type": "Feature", "properties": { "OBJECTID_1": 166606.0, "OBJECTID_2": 0.0, "OBJECTID_3": 0.0, "OBJECTID": 8428.0, "SURVEYCOM": null, "GISCOM": "REMOTE SENSING", "FCODE": "1111", "SOFTLAYER": "LYRRECREATIONAL", "SOFTTABLE": null, "NUISCODE": "00-00-05-02", "NAME": "PRATAP STADIUM", "BUSARRIVNG": null, "FACILITIES": null, "LINE": null, "STAGING": null, "LOCATION": "CHITRAKUT SEC-6 CHITRAKUT SEC-4", "STATUS": "Off-Street", "HOUSES": null, "FLOORS": null, "INVSTCATEG": null, "PRODCAPCTY": null, "QUALITY": null, "AIRPOLLUCS": null, "ETPUNITS": null, "INDWASTWTR": null, "TYPOFPOLLU": null, "CATEGORY": null, "PRESNTPOSI": null, "PRODVALUE": null, "EMPLOYMENT": null, "GSCAPINVST": null, "DATED": null, "CAPACITY": null, "PRODTYPE": null, "CONTACT": null, "INDUSTTYPE": null, "WARDNO": null, "FACILITI_1": null, "MAJORFEAT": null, "WARDNO_1": null, "NATROFINST": null, "COURSECODE": null, "INSTCODE": null, "CITYCODE": null, "DISTCODE": null, "YEAROFEST": null, "COURSES": null, "LEVELS": null, "BENEFCARY": null, "MGMT": null, "INSTTYPE": null, "DISPOPRACT": null, "TOTALBEDS": null, "PHONE": null, "MRI": null, "CTSCAN": null, "CCU": null, "ICU": null, "AMBULANCE": null, "TRAUMA": null, "BLOODSTRUN": null, "CEMOC": null, "AVL24HRS": null, "WASTEDISP": null, "OWNERSHIP": null, "DISTRICT": null, "TEHSIL": null, "VILLAGE": null, "ADDRESS": null, "DETAILS": null, "JURISDICT": null, "VECHDETAIL": null, "DEPARTMENT": null, "DETAILS_1": null, "OPRSTATS": null, "PLANTTYPE": null, "KV": null, "WSALETYPE": null, "LOCATION1": null, "SIZES": null, "FUELTYPE": null, "BRANCH": null, "BUSARRIV_1": null, "BUSDEPARTG": null, "OFFPHONE": null, "STDCODE": null, "CELLNUMBER": null, "CHFOFFICER": null, "DIMENSION": null, "CATEGORY_1": null, "GAUGE": null, "DAMTYPE": null, "LEGALSTATS": null, "FORESTTYPE": null, "DIVISION": null, "FORESTBLCK": null, "TEMP": null, "STATUS_1": null, "HEIGHT": null, "STAGING_1": null, "CAPACITY_1": null, "MINRSUSAGE": null, "MINERALS": null, "NUMOFYRS": null, "AREA": null, "DAMTYPE_1": null, "LEVEL_1": "Built Up", "LEVEL_2": "Built Up (Urban)", "LEVEL_3": "Recreational", "LEVEL_4": "Parking Area", "LEVEL_5": "Parking Area", "TYPE": "Parking Area", "PART": "Part_8", "Shape_Leng": 519.85925013500002, "Shape_Le_1": 0.0, "chk": null, "name1": null, "tempo": null, "Shape_Le_2": 398.13823022700001, "Shape_Area": 1074.21728319, "ORIG_FID": 6.0 }, "geometry": { "type": "Point", "coordinates": [ 75.734251313193042, 26.901518128844181 ] } },
{ "type": "Feature", "properties": { "OBJECTID_1": 166607.0, "OBJECTID_2": 0.0, "OBJECTID_3": 0.0, "OBJECTID": 8428.0, "SURVEYCOM": null, "GISCOM": "REMOTE SENSING", "FCODE": "1111", "SOFTLAYER": "LYRRECREATIONAL", "SOFTTABLE": null, "NUISCODE": "00-00-05-02", "NAME": "PRATAP STADIUM", "BUSARRIVNG": null, "FACILITIES": null, "LINE": null, "STAGING": null, "LOCATION": "CHITRAKUT SEC-6 CHITRAKUT SEC-4", "STATUS": "On-Street", "HOUSES": null, "FLOORS": null, "INVSTCATEG": null, "PRODCAPCTY": null, "QUALITY": null, "AIRPOLLUCS": null, "ETPUNITS": null, "INDWASTWTR": null, "TYPOFPOLLU": null, "CATEGORY": null, "PRESNTPOSI": null, "PRODVALUE": null, "EMPLOYMENT": null, "GSCAPINVST": null, "DATED": null, "CAPACITY": null, "PRODTYPE": null, "CONTACT": null, "INDUSTTYPE": null, "WARDNO": null, "FACILITI_1": null, "MAJORFEAT": null, "WARDNO_1": null, "NATROFINST": null, "COURSECODE": null, "INSTCODE": null, "CITYCODE": null, "DISTCODE": null, "YEAROFEST": null, "COURSES": null, "LEVELS": null, "BENEFCARY": null, "MGMT": null, "INSTTYPE": null, "DISPOPRACT": null, "TOTALBEDS": null, "PHONE": null, "MRI": null, "CTSCAN": null, "CCU": null, "ICU": null, "AMBULANCE": null, "TRAUMA": null, "BLOODSTRUN": null, "CEMOC": null, "AVL24HRS": null, "WASTEDISP": null, "OWNERSHIP": null, "DISTRICT": null, "TEHSIL": null, "VILLAGE": null, "ADDRESS": null, "DETAILS": null, "JURISDICT": null, "VECHDETAIL": null, "DEPARTMENT": null, "DETAILS_1": null, "OPRSTATS": null, "PLANTTYPE": null, "KV": null, "WSALETYPE": null, "LOCATION1": null, "SIZES": null, "FUELTYPE": null, "BRANCH": null, "BUSARRIV_1": null, "BUSDEPARTG": null, "OFFPHONE": null, "STDCODE": null, "CELLNUMBER": null, "CHFOFFICER": null, "DIMENSION": null, "CATEGORY_1": null, "GAUGE": null, "DAMTYPE": null, "LEGALSTATS": null, "FORESTTYPE": null, "DIVISION": null, "FORESTBLCK": null, "TEMP": null, "STATUS_1": null, "HEIGHT": null, "STAGING_1": null, "CAPACITY_1": null, "MINRSUSAGE": null, "MINERALS": null, "NUMOFYRS": null, "AREA": null, "DAMTYPE_1": null, "LEVEL_1": "Built Up", "LEVEL_2": "Built Up (Urban)", "LEVEL_3": "Recreational", "LEVEL_4": "Parking Area", "LEVEL_5": "Parking Area", "TYPE": "Parking Area", "PART": "Part_8", "Shape_Leng": 519.85925013500002, "Shape_Le_1": 0.0, "chk": null, "name1": null, "tempo": null, "Shape_Le_2": 85.319468168699999, "Shape_Area": 173.599173178, "ORIG_FID": 7.0 }, "geometry": { "type": "Point", "coordinates": [ 75.73564067318874, 26.901827020871096 ] } },
{ "type": "Feature", "properties": { "OBJECTID_1": 166608.0, "OBJECTID_2": 0.0, "OBJECTID_3": 0.0, "OBJECTID": 8428.0, "SURVEYCOM": null, "GISCOM": "REMOTE SENSING", "FCODE": "1111", "SOFTLAYER": "LYRRECREATIONAL", "SOFTTABLE": null, "NUISCODE": "00-00-05-02", "NAME": "PRATAP STADIUM", "BUSARRIVNG": null, "FACILITIES": null, "LINE": null, "STAGING": null, "LOCATION": "CHITRAKUT SEC-6 CHITRAKUT SEC-4", "STATUS": "On-Street", "HOUSES": null, "FLOORS": null, "INVSTCATEG": null, "PRODCAPCTY": null, "QUALITY": null, "AIRPOLLUCS": null, "ETPUNITS": null, "INDWASTWTR": null, "TYPOFPOLLU": null, "CATEGORY": null, "PRESNTPOSI": null, "PRODVALUE": null, "EMPLOYMENT": null, "GSCAPINVST": null, "DATED": null, "CAPACITY": null, "PRODTYPE": null, "CONTACT": null, "INDUSTTYPE": null, "WARDNO": null, "FACILITI_1": null, "MAJORFEAT": null, "WARDNO_1": null, "NATROFINST": null, "COURSECODE": null, "INSTCODE": null, "CITYCODE": null, "DISTCODE": null, "YEAROFEST": null, "COURSES": null, "LEVELS": null, "BENEFCARY": null, "MGMT": null, "INSTTYPE": null, "DISPOPRACT": null, "TOTALBEDS": null, "PHONE": null, "MRI": null, "CTSCAN": null, "CCU": null, "ICU": null, "AMBULANCE": null, "TRAUMA": null, "BLOODSTRUN": null, "CEMOC": null, "AVL24HRS": null, "WASTEDISP": null, "OWNERSHIP": null, "DISTRICT": null, "TEHSIL": null, "VILLAGE": null, "ADDRESS": null, "DETAILS": null, "JURISDICT": null, "VECHDETAIL": null, "DEPARTMENT": null, "DETAILS_1": null, "OPRSTATS": null, "PLANTTYPE": null, "KV": null, "WSALETYPE": null, "LOCATION1": null, "SIZES": null, "FUELTYPE": null, "BRANCH": null, "BUSARRIV_1": null, "BUSDEPARTG": null, "OFFPHONE": null, "STDCODE": null, "CELLNUMBER": null, "CHFOFFICER": null, "DIMENSION": null, "CATEGORY_1": null, "GAUGE": null, "DAMTYPE": null, "LEGALSTATS": null, "FORESTTYPE": null, "DIVISION": null, "FORESTBLCK": null, "TEMP": null, "STATUS_1": null, "HEIGHT": null, "STAGING_1": null, "CAPACITY_1": null, "MINRSUSAGE": null, "MINERALS": null, "NUMOFYRS": null, "AREA": null, "DAMTYPE_1": null, "LEVEL_1": "Built Up", "LEVEL_2": "Built Up (Urban)", "LEVEL_3": "Recreational", "LEVEL_4": "Parking Area", "LEVEL_5": "Parking Area", "TYPE": "Parking Area", "PART": "Part_8", "Shape_Leng": 519.85925013500002, "Shape_Le_1": 0.0, "chk": null, "name1": null, "tempo": null, "Shape_Le_2": 220.687962712, "Shape_Area": 608.52969919199995, "ORIG_FID": 8.0 }, "geometry": { "type": "Point", "coordinates": [ 75.736397974172789, 26.901672455030884 ] } },
{ "type": "Feature", "properties": { "OBJECTID_1": 170755.0, "OBJECTID_2": 0.0, "OBJECTID_3": 0.0, "OBJECTID": 19433.0, "SURVEYCOM": null, "GISCOM": null, "FCODE": "63", "SOFTLAYER": "LYRRECREATIONAL", "SOFTTABLE": "TBLRECPARKINGAREA", "NUISCODE": "00-00-05-02", "NAME": null, "BUSARRIVNG": null, "FACILITIES": null, "LINE": null, "STAGING": null, "LOCATION": "JHALANA DUNGARI", "STATUS": "Off-Street", "HOUSES": null, "FLOORS": null, "INVSTCATEG": null, "PRODCAPCTY": null, "QUALITY": null, "AIRPOLLUCS": null, "ETPUNITS": null, "INDWASTWTR": null, "TYPOFPOLLU": null, "CATEGORY": null, "PRESNTPOSI": null, "PRODVALUE": null, "EMPLOYMENT": null, "GSCAPINVST": null, "DATED": null, "CAPACITY": null, "PRODTYPE": null, "CONTACT": null, "INDUSTTYPE": null, "WARDNO": null, "FACILITI_1": null, "MAJORFEAT": null, "WARDNO_1": null, "NATROFINST": null, "COURSECODE": null, "INSTCODE": null, "CITYCODE": null, "DISTCODE": null, "YEAROFEST": null, "COURSES": null, "LEVELS": null, "BENEFCARY": null, "MGMT": null, "INSTTYPE": null, "DISPOPRACT": null, "TOTALBEDS": null, "PHONE": null, "MRI": null, "CTSCAN": null, "CCU": null, "ICU": null, "AMBULANCE": null, "TRAUMA": null, "BLOODSTRUN": null, "CEMOC": null, "AVL24HRS": null, "WASTEDISP": null, "OWNERSHIP": null, "DISTRICT": null, "TEHSIL": null, "VILLAGE": null, "ADDRESS": null, "DETAILS": null, "JURISDICT": null, "VECHDETAIL": null, "DEPARTMENT": null, "DETAILS_1": null, "OPRSTATS": null, "PLANTTYPE": null, "KV": null, "WSALETYPE": null, "LOCATION1": null, "SIZES": null, "FUELTYPE": null, "BRANCH": null, "BUSARRIV_1": null, "BUSDEPARTG": null, "OFFPHONE": null, "STDCODE": null, "CELLNUMBER": null, "CHFOFFICER": null, "DIMENSION": null, "CATEGORY_1": null, "GAUGE": null, "DAMTYPE": null, "LEGALSTATS": null, "FORESTTYPE": null, "DIVISION": null, "FORESTBLCK": null, "TEMP": null, "STATUS_1": null, "HEIGHT": null, "STAGING_1": null, "CAPACITY_1": null, "MINRSUSAGE": null, "MINERALS": null, "NUMOFYRS": null, "AREA": null, "DAMTYPE_1": null, "LEVEL_1": "Built Up", "LEVEL_2": "Built Up (Urban)", "LEVEL_3": "Recreational", "LEVEL_4": "Parking Area", "LEVEL_5": "Parking Area", "TYPE": "Parking Area", "PART": "Part_10_13", "Shape_Leng": 0.0, "Shape_Le_1": 0.0, "chk": null, "name1": null, "tempo": null, "Shape_Le_2": 88.622054750999993, "Shape_Area": 172.9921875, "ORIG_FID": 9.0 }, "geometry": { "type": "Point", "coordinates": [ 75.816948232540454, 26.874762659034516 ] } },
{ "type": "Feature", "properties": { "OBJECTID_1": 171047.0, "OBJECTID_2": 0.0, "OBJECTID_3": 0.0, "OBJECTID": 19803.0, "SURVEYCOM": null, "GISCOM": "HOSTEL", "FCODE": "33", "SOFTLAYER": "LYRRECREATIONAL", "SOFTTABLE": "TBLINSTBUILDINGS", "NUISCODE": "00-00-05-02", "NAME": "RAJASTHAN UNIVERSITY", "BUSARRIVNG": null, "FACILITIES": null, "LINE": null, "STAGING": null, "LOCATION": "UNIVERSITY CAMPUS", "STATUS": "Off-Street", "HOUSES": null, "FLOORS": null, "INVSTCATEG": null, "PRODCAPCTY": null, "QUALITY": null, "AIRPOLLUCS": null, "ETPUNITS": null, "INDWASTWTR": null, "TYPOFPOLLU": null, "CATEGORY": null, "PRESNTPOSI": null, "PRODVALUE": null, "EMPLOYMENT": null, "GSCAPINVST": null, "DATED": null, "CAPACITY": null, "PRODTYPE": null, "CONTACT": null, "INDUSTTYPE": null, "WARDNO": null, "FACILITI_1": null, "MAJORFEAT": null, "WARDNO_1": null, "NATROFINST": "UNIVERSITY", "COURSECODE": null, "INSTCODE": null, "CITYCODE": null, "DISTCODE": null, "YEAROFEST": null, "COURSES": null, "LEVELS": "NA", "BENEFCARY": null, "MGMT": null, "INSTTYPE": null, "DISPOPRACT": null, "TOTALBEDS": null, "PHONE": null, "MRI": null, "CTSCAN": null, "CCU": null, "ICU": null, "AMBULANCE": null, "TRAUMA": null, "BLOODSTRUN": null, "CEMOC": null, "AVL24HRS": null, "WASTEDISP": null, "OWNERSHIP": null, "DISTRICT": null, "TEHSIL": null, "VILLAGE": null, "ADDRESS": null, "DETAILS": null, "JURISDICT": null, "VECHDETAIL": null, "DEPARTMENT": null, "DETAILS_1": null, "OPRSTATS": null, "PLANTTYPE": null, "KV": null, "WSALETYPE": null, "LOCATION1": null, "SIZES": null, "FUELTYPE": null, "BRANCH": null, "BUSARRIV_1": null, "BUSDEPARTG": null, "OFFPHONE": null, "STDCODE": null, "CELLNUMBER": null, "CHFOFFICER": null, "DIMENSION": null, "CATEGORY_1": null, "GAUGE": null, "DAMTYPE": null, "LEGALSTATS": null, "FORESTTYPE": null, "DIVISION": null, "FORESTBLCK": null, "TEMP": null, "STATUS_1": null, "HEIGHT": null, "STAGING_1": null, "CAPACITY_1": null, "MINRSUSAGE": null, "MINERALS": null, "NUMOFYRS": null, "AREA": null, "DAMTYPE_1": null, "LEVEL_1": "Built Up", "LEVEL_2": "Built Up (Urban)", "LEVEL_3": "Recreational", "LEVEL_4": "Parking Area", "LEVEL_5": "Parking Area", "TYPE": "Parking Area", "PART": "Part_10_13", "Shape_Leng": 0.0, "Shape_Le_1": 0.0, "chk": null, "name1": null, "tempo": null, "Shape_Le_2": 216.95731927899999, "Shape_Area": 1867.97143347, "ORIG_FID": 10.0 }, "geometry": { "type": "Point", "coordinates": [ 75.811123903336025, 26.876515332872938 ] } },
{ "type": "Feature", "properties": { "OBJECTID_1": 173030.0, "OBJECTID_2": 0.0, "OBJECTID_3": 0.0, "OBJECTID": 22103.0, "SURVEYCOM": null, "GISCOM": null, "FCODE": "63", "SOFTLAYER": "LYRRECREATIONAL", "SOFTTABLE": "TBLRECPARKINGAREA", "NUISCODE": "00-00-05-02", "NAME": null, "BUSARRIVNG": null, "FACILITIES": null, "LINE": null, "STAGING": null, "LOCATION": "UNIVERSITY CAMPUS", "STATUS": "Off-Street", "HOUSES": null, "FLOORS": null, "INVSTCATEG": null, "PRODCAPCTY": null, "QUALITY": null, "AIRPOLLUCS": null, "ETPUNITS": null, "INDWASTWTR": null, "TYPOFPOLLU": null, "CATEGORY": null, "PRESNTPOSI": null, "PRODVALUE": null, "EMPLOYMENT": null, "GSCAPINVST": null, "DATED": null, "CAPACITY": null, "PRODTYPE": null, "CONTACT": null, "INDUSTTYPE": null, "WARDNO": null, "FACILITI_1": null, "MAJORFEAT": null, "WARDNO_1": null, "NATROFINST": null, "COURSECODE": null, "INSTCODE": null, "CITYCODE": null, "DISTCODE": null, "YEAROFEST": null, "COURSES": null, "LEVELS": null, "BENEFCARY": null, "MGMT": null, "INSTTYPE": null, "DISPOPRACT": null, "TOTALBEDS": null, "PHONE": null, "MRI": null, "CTSCAN": null, "CCU": null, "ICU": null, "AMBULANCE": null, "TRAUMA": null, "BLOODSTRUN": null, "CEMOC": null, "AVL24HRS": null, "WASTEDISP": null, "OWNERSHIP": null, "DISTRICT": null, "TEHSIL": null, "VILLAGE": null, "ADDRESS": null, "DETAILS": null, "JURISDICT": null, "VECHDETAIL": null, "DEPARTMENT": null, "DETAILS_1": null, "OPRSTATS": null, "PLANTTYPE": null, "KV": null, "WSALETYPE": null, "LOCATION1": null, "SIZES": null, "FUELTYPE": null, "BRANCH": null, "BUSARRIV_1": null, "BUSDEPARTG": null, "OFFPHONE": null, "STDCODE": null, "CELLNUMBER": null, "CHFOFFICER": null, "DIMENSION": null, "CATEGORY_1": null, "GAUGE": null, "DAMTYPE": null, "LEGALSTATS": null, "FORESTTYPE": null, "DIVISION": null, "FORESTBLCK": null, "TEMP": null, "STATUS_1": null, "HEIGHT": null, "STAGING_1": null, "CAPACITY_1": null, "MINRSUSAGE": null, "MINERALS": null, "NUMOFYRS": null, "AREA": null, "DAMTYPE_1": null, "LEVEL_1": "Built Up", "LEVEL_2": "Built Up (Urban)", "LEVEL_3": "Recreational", "LEVEL_4": "Parking Area", "LEVEL_5": "Parking Area", "TYPE": "Parking Area", "PART": "Part_10_13", "Shape_Leng": 0.0, "Shape_Le_1": 0.0, "chk": null, "name1": null, "tempo": null, "Shape_Le_2": 53.781159662999997, "Shape_Area": 125.703125, "ORIG_FID": 11.0 }, "geometry": { "type": "Point", "coordinates": [ 75.822535292291406, 26.886788646303476 ] } },
{ "type": "Feature", "properties": { "OBJECTID_1": 173581.0, "OBJECTID_2": 0.0, "OBJECTID_3": 0.0, "OBJECTID": 22780.0, "SURVEYCOM": null, "GISCOM": null, "FCODE": "72", "SOFTLAYER": "LYRRECREATIONAL", "SOFTTABLE": null, "NUISCODE": "00-00-05-02", "NAME": null, "BUSARRIVNG": null, "FACILITIES": null, "LINE": null, "STAGING": null, "LOCATION": "VIDHAYAK NAGAR", "STATUS": "Off-Street", "HOUSES": null, "FLOORS": null, "INVSTCATEG": null, "PRODCAPCTY": null, "QUALITY": null, "AIRPOLLUCS": null, "ETPUNITS": null, "INDWASTWTR": null, "TYPOFPOLLU": null, "CATEGORY": null, "PRESNTPOSI": null, "PRODVALUE": null, "EMPLOYMENT": null, "GSCAPINVST": null, "DATED": null, "CAPACITY": null, "PRODTYPE": null, "CONTACT": null, "INDUSTTYPE": null, "WARDNO": null, "FACILITI_1": null, "MAJORFEAT": null, "WARDNO_1": null, "NATROFINST": null, "COURSECODE": null, "INSTCODE": null, "CITYCODE": null, "DISTCODE": null, "YEAROFEST": null, "COURSES": null, "LEVELS": null, "BENEFCARY": null, "MGMT": null, "INSTTYPE": null, "DISPOPRACT": null, "TOTALBEDS": null, "PHONE": null, "MRI": null, "CTSCAN": null, "CCU": null, "ICU": null, "AMBULANCE": null, "TRAUMA": null, "BLOODSTRUN": null, "CEMOC": null, "AVL24HRS": null, "WASTEDISP": null, "OWNERSHIP": null, "DISTRICT": null, "TEHSIL": null, "VILLAGE": null, "ADDRESS": null, "DETAILS": null, "JURISDICT": null, "VECHDETAIL": null, "DEPARTMENT": null, "DETAILS_1": null, "OPRSTATS": null, "PLANTTYPE": null, "KV": null, "WSALETYPE": null, "LOCATION1": null, "SIZES": null, "FUELTYPE": null, "BRANCH": null, "BUSARRIV_1": null, "BUSDEPARTG": null, "OFFPHONE": null, "STDCODE": null, "CELLNUMBER": null, "CHFOFFICER": null, "DIMENSION": null, "CATEGORY_1": null, "GAUGE": null, "DAMTYPE": null, "LEGALSTATS": null, "FORESTTYPE": null, "DIVISION": null, "FORESTBLCK": null, "TEMP": null, "STATUS_1": null, "HEIGHT": null, "STAGING_1": null, "CAPACITY_1": null, "MINRSUSAGE": null, "MINERALS": null, "NUMOFYRS": null, "AREA": null, "DAMTYPE_1": null, "LEVEL_1": "Built Up", "LEVEL_2": "Built Up (Urban)", "LEVEL_3": "Recreational", "LEVEL_4": "Parking Area", "LEVEL_5": "Parking Area", "TYPE": "Parking Area", "PART": "Part_10_13", "Shape_Leng": 0.0, "Shape_Le_1": 0.0, "chk": null, "name1": null, "tempo": null, "Shape_Le_2": 104.171431325, "Shape_Area": 546.9140625, "ORIG_FID": 12.0 }, "geometry": { "type": "Point", "coordinates": [ 75.798197851344469, 26.89095885926147 ] } },
{ "type": "Feature", "properties": { "OBJECTID_1": 173896.0, "OBJECTID_2": 0.0, "OBJECTID_3": 0.0, "OBJECTID": 23124.0, "SURVEYCOM": null, "GISCOM": null, "FCODE": "72", "SOFTLAYER": "LYRRECREATIONAL", "SOFTTABLE": null, "NUISCODE": "00-00-05-02", "NAME": null, "BUSARRIVNG": null, "FACILITIES": null, "LINE": null, "STAGING": null, "LOCATION": "VIDHAYAK NAGAR", "STATUS": "Off-Street", "HOUSES": null, "FLOORS": null, "INVSTCATEG": null, "PRODCAPCTY": null, "QUALITY": null, "AIRPOLLUCS": null, "ETPUNITS": null, "INDWASTWTR": null, "TYPOFPOLLU": null, "CATEGORY": null, "PRESNTPOSI": null, "PRODVALUE": null, "EMPLOYMENT": null, "GSCAPINVST": null, "DATED": null, "CAPACITY": null, "PRODTYPE": null, "CONTACT": null, "INDUSTTYPE": null, "WARDNO": null, "FACILITI_1": null, "MAJORFEAT": null, "WARDNO_1": null, "NATROFINST": null, "COURSECODE": null, "INSTCODE": null, "CITYCODE": null, "DISTCODE": null, "YEAROFEST": null, "COURSES": null, "LEVELS": null, "BENEFCARY": null, "MGMT": null, "INSTTYPE": null, "DISPOPRACT": null, "TOTALBEDS": null, "PHONE": null, "MRI": null, "CTSCAN": null, "CCU": null, "ICU": null, "AMBULANCE": null, "TRAUMA": null, "BLOODSTRUN": null, "CEMOC": null, "AVL24HRS": null, "WASTEDISP": null, "OWNERSHIP": null, "DISTRICT": null, "TEHSIL": null, "VILLAGE": null, "ADDRESS": null, "DETAILS": null, "JURISDICT": null, "VECHDETAIL": null, "DEPARTMENT": null, "DETAILS_1": null, "OPRSTATS": null, "PLANTTYPE": null, "KV": null, "WSALETYPE": null, "LOCATION1": null, "SIZES": null, "FUELTYPE": null, "BRANCH": null, "BUSARRIV_1": null, "BUSDEPARTG": null, "OFFPHONE": null, "STDCODE": null, "CELLNUMBER": null, "CHFOFFICER": null, "DIMENSION": null, "CATEGORY_1": null, "GAUGE": null, "DAMTYPE": null, "LEGALSTATS": null, "FORESTTYPE": null, "DIVISION": null, "FORESTBLCK": null, "TEMP": null, "STATUS_1": null, "HEIGHT": null, "STAGING_1": null, "CAPACITY_1": null, "MINRSUSAGE": null, "MINERALS": null, "NUMOFYRS": null, "AREA": null, "DAMTYPE_1": null, "LEVEL_1": "Built Up", "LEVEL_2": "Built Up (Urban)", "LEVEL_3": "Recreational", "LEVEL_4": "Parking Area", "LEVEL_5": "Parking Area", "TYPE": "Parking Area", "PART": "Part_10_13", "Shape_Leng": 0.0, "Shape_Le_1": 0.0, "chk": null, "name1": null, "tempo": null, "Shape_Le_2": 206.315993252, "Shape_Area": 2130.5234375, "ORIG_FID": 13.0 }, "geometry": { "type": "Point", "coordinates": [ 75.797657841241033, 26.89047180022094 ] } },
{ "type": "Feature", "properties": { "OBJECTID_1": 174047.0, "OBJECTID_2": 0.0, "OBJECTID_3": 0.0, "OBJECTID": 23323.0, "SURVEYCOM": null, "GISCOM": null, "FCODE": "72", "SOFTLAYER": "LYRRECREATIONAL", "SOFTTABLE": null, "NUISCODE": "00-00-05-02", "NAME": null, "BUSARRIVNG": null, "FACILITIES": null, "LINE": null, "STAGING": null, "LOCATION": "VIDHAYAK NAGAR", "STATUS": "Off-Street", "HOUSES": null, "FLOORS": null, "INVSTCATEG": null, "PRODCAPCTY": null, "QUALITY": null, "AIRPOLLUCS": null, "ETPUNITS": null, "INDWASTWTR": null, "TYPOFPOLLU": null, "CATEGORY": null, "PRESNTPOSI": null, "PRODVALUE": null, "EMPLOYMENT": null, "GSCAPINVST": null, "DATED": null, "CAPACITY": null, "PRODTYPE": null, "CONTACT": null, "INDUSTTYPE": null, "WARDNO": null, "FACILITI_1": null, "MAJORFEAT": null, "WARDNO_1": null, "NATROFINST": null, "COURSECODE": null, "INSTCODE": null, "CITYCODE": null, "DISTCODE": null, "YEAROFEST": null, "COURSES": null, "LEVELS": null, "BENEFCARY": null, "MGMT": null, "INSTTYPE": null, "DISPOPRACT": null, "TOTALBEDS": null, "PHONE": null, "MRI": null, "CTSCAN": null, "CCU": null, "ICU": null, "AMBULANCE": null, "TRAUMA": null, "BLOODSTRUN": null, "CEMOC": null, "AVL24HRS": null, "WASTEDISP": null, "OWNERSHIP": null, "DISTRICT": null, "TEHSIL": null, "VILLAGE": null, "ADDRESS": null, "DETAILS": null, "JURISDICT": null, "VECHDETAIL": null, "DEPARTMENT": null, "DETAILS_1": null, "OPRSTATS": null, "PLANTTYPE": null, "KV": null, "WSALETYPE": null, "LOCATION1": null, "SIZES": null, "FUELTYPE": null, "BRANCH": null, "BUSARRIV_1": null, "BUSDEPARTG": null, "OFFPHONE": null, "STDCODE": null, "CELLNUMBER": null, "CHFOFFICER": null, "DIMENSION": null, "CATEGORY_1": null, "GAUGE": null, "DAMTYPE": null, "LEGALSTATS": null, "FORESTTYPE": null, "DIVISION": null, "FORESTBLCK": null, "TEMP": null, "STATUS_1": null, "HEIGHT": null, "STAGING_1": null, "CAPACITY_1": null, "MINRSUSAGE": null, "MINERALS": null, "NUMOFYRS": null, "AREA": null, "DAMTYPE_1": null, "LEVEL_1": "Built Up", "LEVEL_2": "Built Up (Urban)", "LEVEL_3": "Recreational", "LEVEL_4": "Parking Area", "LEVEL_5": "Parking Area", "TYPE": "Parking Area", "PART": "Part_10_13", "Shape_Leng": 0.0, "Shape_Le_1": 0.0, "chk": null, "name1": null, "tempo": null, "Shape_Le_2": 254.97893846299999, "Shape_Area": 3875.1484375, "ORIG_FID": 14.0 }, "geometry": { "type": "Point", "coordinates": [ 75.796211211196109, 26.891238279214662 ] } },
{ "type": "Feature", "properties": { "OBJECTID_1": 175097.0, "OBJECTID_2": 0.0, "OBJECTID_3": 0.0, "OBJECTID": 24577.0, "SURVEYCOM": null, "GISCOM": null, "FCODE": "63", "SOFTLAYER": "LYRRECREATIONAL", "SOFTTABLE": "TBLRECPARKINGAREA", "NUISCODE": "00-00-05-02", "NAME": "COMMERCIAL TAXES", "BUSARRIVNG": null, "FACILITIES": null, "LINE": null, "STAGING": null, "LOCATION": "NIDHI VIHAR", "STATUS": "Off-Street", "HOUSES": null, "FLOORS": null, "INVSTCATEG": null, "PRODCAPCTY": null, "QUALITY": null, "AIRPOLLUCS": null, "ETPUNITS": null, "INDWASTWTR": null, "TYPOFPOLLU": null, "CATEGORY": null, "PRESNTPOSI": null, "PRODVALUE": null, "EMPLOYMENT": null, "GSCAPINVST": null, "DATED": null, "CAPACITY": null, "PRODTYPE": null, "CONTACT": null, "INDUSTTYPE": null, "WARDNO": null, "FACILITI_1": null, "MAJORFEAT": null, "WARDNO_1": null, "NATROFINST": null, "COURSECODE": null, "INSTCODE": null, "CITYCODE": null, "DISTCODE": null, "YEAROFEST": null, "COURSES": null, "LEVELS": null, "BENEFCARY": null, "MGMT": null, "INSTTYPE": null, "DISPOPRACT": null, "TOTALBEDS": null, "PHONE": null, "MRI": null, "CTSCAN": null, "CCU": null, "ICU": null, "AMBULANCE": null, "TRAUMA": null, "BLOODSTRUN": null, "CEMOC": null, "AVL24HRS": null, "WASTEDISP": null, "OWNERSHIP": null, "DISTRICT": null, "TEHSIL": null, "VILLAGE": null, "ADDRESS": null, "DETAILS": null, "JURISDICT": null, "VECHDETAIL": null, "DEPARTMENT": null, "DETAILS_1": null, "OPRSTATS": null, "PLANTTYPE": null, "KV": null, "WSALETYPE": null, "LOCATION1": null, "SIZES": null, "FUELTYPE": null, "BRANCH": null, "BUSARRIV_1": null, "BUSDEPARTG": null, "OFFPHONE": null, "STDCODE": null, "CELLNUMBER": null, "CHFOFFICER": null, "DIMENSION": null, "CATEGORY_1": null, "GAUGE": null, "DAMTYPE": null, "LEGALSTATS": null, "FORESTTYPE": null, "DIVISION": null, "FORESTBLCK": null, "TEMP": null, "STATUS_1": null, "HEIGHT": null, "STAGING_1": null, "CAPACITY_1": null, "MINRSUSAGE": null, "MINERALS": null, "NUMOFYRS": null, "AREA": null, "DAMTYPE_1": null, "LEVEL_1": "Built Up", "LEVEL_2": "Built Up (Urban)", "LEVEL_3": "Recreational", "LEVEL_4": "Parking Area", "LEVEL_5": "Parking Area", "TYPE": "Parking Area", "PART": "Part_10_13", "Shape_Leng": 0.0, "Shape_Le_1": 0.0, "chk": null, "name1": null, "tempo": null, "Shape_Le_2": 271.31809338099998, "Shape_Area": 2183.0390625, "ORIG_FID": 15.0 }, "geometry": { "type": "Point", "coordinates": [ 75.799981273753104, 26.898327520284649 ] } },
{ "type": "Feature", "properties": { "OBJECTID_1": 178339.0, "OBJECTID_2": 0.0, "OBJECTID_3": 0.0, "OBJECTID": 28505.0, "SURVEYCOM": "NO ENTRY", "GISCOM": "AIRPORT PARKING AREA", "FCODE": "63", "SOFTLAYER": "LYRRECREATIONAL", "SOFTTABLE": "TBLRECPARKINGAREA", "NUISCODE": "00-00-05-02", "NAME": "AIRPORT JAIPUR", "BUSARRIVNG": null, "FACILITIES": null, "LINE": null, "STAGING": null, "LOCATION": "SANGANER", "STATUS": "Off-Street", "HOUSES": null, "FLOORS": null, "INVSTCATEG": null, "PRODCAPCTY": null, "QUALITY": null, "AIRPOLLUCS": null, "ETPUNITS": null, "INDWASTWTR": null, "TYPOFPOLLU": null, "CATEGORY": null, "PRESNTPOSI": null, "PRODVALUE": null, "EMPLOYMENT": null, "GSCAPINVST": null, "DATED": null, "CAPACITY": null, "PRODTYPE": null, "CONTACT": null, "INDUSTTYPE": null, "WARDNO": null, "FACILITI_1": null, "MAJORFEAT": null, "WARDNO_1": null, "NATROFINST": null, "COURSECODE": null, "INSTCODE": null, "CITYCODE": null, "DISTCODE": null, "YEAROFEST": null, "COURSES": null, "LEVELS": null, "BENEFCARY": null, "MGMT": null, "INSTTYPE": null, "DISPOPRACT": null, "TOTALBEDS": null, "PHONE": null, "MRI": null, "CTSCAN": null, "CCU": null, "ICU": null, "AMBULANCE": null, "TRAUMA": null, "BLOODSTRUN": null, "CEMOC": null, "AVL24HRS": null, "WASTEDISP": null, "OWNERSHIP": null, "DISTRICT": null, "TEHSIL": null, "VILLAGE": null, "ADDRESS": null, "DETAILS": null, "JURISDICT": null, "VECHDETAIL": null, "DEPARTMENT": null, "DETAILS_1": null, "OPRSTATS": null, "PLANTTYPE": null, "KV": null, "WSALETYPE": null, "LOCATION1": null, "SIZES": null, "FUELTYPE": null, "BRANCH": null, "BUSARRIV_1": null, "BUSDEPARTG": null, "OFFPHONE": null, "STDCODE": null, "CELLNUMBER": null, "CHFOFFICER": null, "DIMENSION": null, "CATEGORY_1": null, "GAUGE": null, "DAMTYPE": null, "LEGALSTATS": null, "FORESTTYPE": null, "DIVISION": null, "FORESTBLCK": null, "TEMP": null, "STATUS_1": null, "HEIGHT": null, "STAGING_1": null, "CAPACITY_1": null, "MINRSUSAGE": null, "MINERALS": null, "NUMOFYRS": null, "AREA": null, "DAMTYPE_1": null, "LEVEL_1": "Built Up", "LEVEL_2": "Built Up (Urban)", "LEVEL_3": "Recreational", "LEVEL_4": "Parking Area", "LEVEL_5": "Parking Area", "TYPE": "Parking Area", "PART": "Part_10_13", "Shape_Leng": 0.0, "Shape_Le_1": 0.0, "chk": null, "name1": null, "tempo": null, "Shape_Le_2": 522.08886362800001, "Shape_Area": 8177.5843534100004, "ORIG_FID": 16.0 }, "geometry": { "type": "Point", "coordinates": [ 75.800698729450573, 26.820593645565921 ] } },
{ "type": "Feature", "properties": { "OBJECTID_1": 180934.0, "OBJECTID_2": 0.0, "OBJECTID_3": 0.0, "OBJECTID": 31566.0, "SURVEYCOM": null, "GISCOM": "REMOTE SENSING", "FCODE": "1", "SOFTLAYER": "LYRRECREATIONAL", "SOFTTABLE": null, "NUISCODE": "00-00-05-02", "NAME": null, "BUSARRIVNG": null, "FACILITIES": null, "LINE": null, "STAGING": null, "LOCATION": "MANSAROVAR", "STATUS": "Off-Street", "HOUSES": null, "FLOORS": null, "INVSTCATEG": null, "PRODCAPCTY": null, "QUALITY": null, "AIRPOLLUCS": null, "ETPUNITS": null, "INDWASTWTR": null, "TYPOFPOLLU": null, "CATEGORY": null, "PRESNTPOSI": null, "PRODVALUE": null, "EMPLOYMENT": null, "GSCAPINVST": null, "DATED": null, "CAPACITY": null, "PRODTYPE": null, "CONTACT": null, "INDUSTTYPE": null, "WARDNO": null, "FACILITI_1": null, "MAJORFEAT": null, "WARDNO_1": null, "NATROFINST": null, "COURSECODE": null, "INSTCODE": null, "CITYCODE": null, "DISTCODE": null, "YEAROFEST": null, "COURSES": null, "LEVELS": null, "BENEFCARY": null, "MGMT": null, "INSTTYPE": null, "DISPOPRACT": null, "TOTALBEDS": null, "PHONE": null, "MRI": null, "CTSCAN": null, "CCU": null, "ICU": null, "AMBULANCE": null, "TRAUMA": null, "BLOODSTRUN": null, "CEMOC": null, "AVL24HRS": null, "WASTEDISP": null, "OWNERSHIP": null, "DISTRICT": null, "TEHSIL": null, "VILLAGE": null, "ADDRESS": null, "DETAILS": null, "JURISDICT": null, "VECHDETAIL": null, "DEPARTMENT": null, "DETAILS_1": null, "OPRSTATS": null, "PLANTTYPE": null, "KV": null, "WSALETYPE": null, "LOCATION1": null, "SIZES": null, "FUELTYPE": null, "BRANCH": null, "BUSARRIV_1": null, "BUSDEPARTG": null, "OFFPHONE": null, "STDCODE": null, "CELLNUMBER": null, "CHFOFFICER": null, "DIMENSION": null, "CATEGORY_1": null, "GAUGE": null, "DAMTYPE": null, "LEGALSTATS": null, "FORESTTYPE": null, "DIVISION": null, "FORESTBLCK": null, "TEMP": null, "STATUS_1": null, "HEIGHT": null, "STAGING_1": null, "CAPACITY_1": null, "MINRSUSAGE": null, "MINERALS": null, "NUMOFYRS": null, "AREA": null, "DAMTYPE_1": null, "LEVEL_1": "Built Up", "LEVEL_2": "Built Up (Urban)", "LEVEL_3": "Recreational", "LEVEL_4": "Parking Area", "LEVEL_5": "Parking Area", "TYPE": "Parking Area", "PART": "Part_10_13", "Shape_Leng": 0.0, "Shape_Le_1": 0.0, "chk": null, "name1": null, "tempo": null, "Shape_Le_2": 145.35198498099999, "Shape_Area": 1004.9707207500001, "ORIG_FID": 17.0 }, "geometry": { "type": "Point", "coordinates": [ 75.769812234668976, 26.845130153789452 ] } },
{ "type": "Feature", "properties": { "OBJECTID_1": 186640.0, "OBJECTID_2": 0.0, "OBJECTID_3": 0.0, "OBJECTID": 18277.0, "SURVEYCOM": null, "GISCOM": null, "FCODE": "63", "SOFTLAYER": "LYRRECREATIONAL", "SOFTTABLE": "TBLRECPARKINGAREA", "NUISCODE": "00-00-05-02", "NAME": null, "BUSARRIVNG": null, "FACILITIES": null, "LINE": null, "STAGING": null, "LOCATION": "VIJAY NAGAR", "STATUS": "On-Street", "HOUSES": null, "FLOORS": null, "INVSTCATEG": null, "PRODCAPCTY": null, "QUALITY": null, "AIRPOLLUCS": null, "ETPUNITS": null, "INDWASTWTR": null, "TYPOFPOLLU": null, "CATEGORY": null, "PRESNTPOSI": null, "PRODVALUE": null, "EMPLOYMENT": null, "GSCAPINVST": null, "DATED": null, "CAPACITY": null, "PRODTYPE": null, "CONTACT": null, "INDUSTTYPE": null, "WARDNO": null, "FACILITI_1": null, "MAJORFEAT": null, "WARDNO_1": null, "NATROFINST": null, "COURSECODE": null, "INSTCODE": null, "CITYCODE": null, "DISTCODE": null, "YEAROFEST": null, "COURSES": null, "LEVELS": null, "BENEFCARY": null, "MGMT": null, "INSTTYPE": null, "DISPOPRACT": null, "TOTALBEDS": null, "PHONE": null, "MRI": null, "CTSCAN": null, "CCU": null, "ICU": null, "AMBULANCE": null, "TRAUMA": null, "BLOODSTRUN": null, "CEMOC": null, "AVL24HRS": null, "WASTEDISP": null, "OWNERSHIP": null, "DISTRICT": null, "TEHSIL": null, "VILLAGE": null, "ADDRESS": null, "DETAILS": null, "JURISDICT": null, "VECHDETAIL": null, "DEPARTMENT": null, "DETAILS_1": null, "OPRSTATS": null, "PLANTTYPE": null, "KV": null, "WSALETYPE": null, "LOCATION1": null, "SIZES": null, "FUELTYPE": null, "BRANCH": null, "BUSARRIV_1": null, "BUSDEPARTG": null, "OFFPHONE": null, "STDCODE": null, "CELLNUMBER": null, "CHFOFFICER": null, "DIMENSION": null, "CATEGORY_1": null, "GAUGE": null, "DAMTYPE": null, "LEGALSTATS": null, "FORESTTYPE": null, "DIVISION": null, "FORESTBLCK": null, "TEMP": null, "STATUS_1": null, "HEIGHT": null, "STAGING_1": null, "CAPACITY_1": null, "MINRSUSAGE": null, "MINERALS": null, "NUMOFYRS": null, "AREA": null, "DAMTYPE_1": null, "LEVEL_1": "Built Up", "LEVEL_2": "Built Up (Urban)", "LEVEL_3": "Recreational", "LEVEL_4": "Parking Area", "LEVEL_5": "Parking Area", "TYPE": "Parking Area", "PART": "Part_10_13", "Shape_Leng": 0.0, "Shape_Le_1": 0.0, "chk": null, "name1": null, "tempo": null, "Shape_Le_2": 66.761213727300003, "Shape_Area": 275.35148716899999, "ORIG_FID": 18.0 }, "geometry": { "type": "Point", "coordinates": [ 75.788146631579536, 26.887628128112887 ] } },
{ "type": "Feature", "properties": { "OBJECTID_1": 186715.0, "OBJECTID_2": 0.0, "OBJECTID_3": 0.0, "OBJECTID": 20893.0, "SURVEYCOM": null, "GISCOM": null, "FCODE": "63", "SOFTLAYER": "LYRRECREATIONAL", "SOFTTABLE": "TBLRECPARKINGAREA", "NUISCODE": "00-00-05-02", "NAME": null, "BUSARRIVNG": null, "FACILITIES": null, "LINE": null, "STAGING": null, "LOCATION": "JYOTI NAGAR", "STATUS": "On-Street", "HOUSES": null, "FLOORS": null, "INVSTCATEG": null, "PRODCAPCTY": null, "QUALITY": null, "AIRPOLLUCS": null, "ETPUNITS": null, "INDWASTWTR": null, "TYPOFPOLLU": null, "CATEGORY": null, "PRESNTPOSI": null, "PRODVALUE": null, "EMPLOYMENT": null, "GSCAPINVST": null, "DATED": null, "CAPACITY": null, "PRODTYPE": null, "CONTACT": null, "INDUSTTYPE": null, "WARDNO": null, "FACILITI_1": null, "MAJORFEAT": null, "WARDNO_1": null, "NATROFINST": null, "COURSECODE": null, "INSTCODE": null, "CITYCODE": null, "DISTCODE": null, "YEAROFEST": null, "COURSES": null, "LEVELS": null, "BENEFCARY": null, "MGMT": null, "INSTTYPE": null, "DISPOPRACT": null, "TOTALBEDS": null, "PHONE": null, "MRI": null, "CTSCAN": null, "CCU": null, "ICU": null, "AMBULANCE": null, "TRAUMA": null, "BLOODSTRUN": null, "CEMOC": null, "AVL24HRS": null, "WASTEDISP": null, "OWNERSHIP": null, "DISTRICT": null, "TEHSIL": null, "VILLAGE": null, "ADDRESS": null, "DETAILS": null, "JURISDICT": null, "VECHDETAIL": null, "DEPARTMENT": null, "DETAILS_1": null, "OPRSTATS": null, "PLANTTYPE": null, "KV": null, "WSALETYPE": null, "LOCATION1": null, "SIZES": null, "FUELTYPE": null, "BRANCH": null, "BUSARRIV_1": null, "BUSDEPARTG": null, "OFFPHONE": null, "STDCODE": null, "CELLNUMBER": null, "CHFOFFICER": null, "DIMENSION": null, "CATEGORY_1": null, "GAUGE": null, "DAMTYPE": null, "LEGALSTATS": null, "FORESTTYPE": null, "DIVISION": null, "FORESTBLCK": null, "TEMP": null, "STATUS_1": null, "HEIGHT": null, "STAGING_1": null, "CAPACITY_1": null, "MINRSUSAGE": null, "MINERALS": null, "NUMOFYRS": null, "AREA": null, "DAMTYPE_1": null, "LEVEL_1": "Built Up", "LEVEL_2": "Built Up (Urban)", "LEVEL_3": "Recreational", "LEVEL_4": "Parking Area", "LEVEL_5": "Parking Area", "TYPE": "Parking Area", "PART": "Part_10_13", "Shape_Leng": 0.0, "Shape_Le_1": 0.0, "chk": null, "name1": null, "tempo": null, "Shape_Le_2": 241.09094691199999, "Shape_Area": 1503.0580471000001, "ORIG_FID": 19.0 }, "geometry": { "type": "Point", "coordinates": [ 75.799686921827387, 26.88210395290152 ] } },
{ "type": "Feature", "properties": { "OBJECTID_1": 186716.0, "OBJECTID_2": 0.0, "OBJECTID_3": 0.0, "OBJECTID": 20893.0, "SURVEYCOM": null, "GISCOM": null, "FCODE": "63", "SOFTLAYER": "LYRRECREATIONAL", "SOFTTABLE": "TBLRECPARKINGAREA", "NUISCODE": "00-00-05-02", "NAME": null, "BUSARRIVNG": null, "FACILITIES": null, "LINE": null, "STAGING": null, "LOCATION": "JHALANA DUNGARI", "STATUS": "Off-Street", "HOUSES": null, "FLOORS": null, "INVSTCATEG": null, "PRODCAPCTY": null, "QUALITY": null, "AIRPOLLUCS": null, "ETPUNITS": null, "INDWASTWTR": null, "TYPOFPOLLU": null, "CATEGORY": null, "PRESNTPOSI": null, "PRODVALUE": null, "EMPLOYMENT": null, "GSCAPINVST": null, "DATED": null, "CAPACITY": null, "PRODTYPE": null, "CONTACT": null, "INDUSTTYPE": null, "WARDNO": null, "FACILITI_1": null, "MAJORFEAT": null, "WARDNO_1": null, "NATROFINST": null, "COURSECODE": null, "INSTCODE": null, "CITYCODE": null, "DISTCODE": null, "YEAROFEST": null, "COURSES": null, "LEVELS": null, "BENEFCARY": null, "MGMT": null, "INSTTYPE": null, "DISPOPRACT": null, "TOTALBEDS": null, "PHONE": null, "MRI": null, "CTSCAN": null, "CCU": null, "ICU": null, "AMBULANCE": null, "TRAUMA": null, "BLOODSTRUN": null, "CEMOC": null, "AVL24HRS": null, "WASTEDISP": null, "OWNERSHIP": null, "DISTRICT": null, "TEHSIL": null, "VILLAGE": null, "ADDRESS": null, "DETAILS": null, "JURISDICT": null, "VECHDETAIL": null, "DEPARTMENT": null, "DETAILS_1": null, "OPRSTATS": null, "PLANTTYPE": null, "KV": null, "WSALETYPE": null, "LOCATION1": null, "SIZES": null, "FUELTYPE": null, "BRANCH": null, "BUSARRIV_1": null, "BUSDEPARTG": null, "OFFPHONE": null, "STDCODE": null, "CELLNUMBER": null, "CHFOFFICER": null, "DIMENSION": null, "CATEGORY_1": null, "GAUGE": null, "DAMTYPE": null, "LEGALSTATS": null, "FORESTTYPE": null, "DIVISION": null, "FORESTBLCK": null, "TEMP": null, "STATUS_1": null, "HEIGHT": null, "STAGING_1": null, "CAPACITY_1": null, "MINRSUSAGE": null, "MINERALS": null, "NUMOFYRS": null, "AREA": null, "DAMTYPE_1": null, "LEVEL_1": "Built Up", "LEVEL_2": "Built Up (Urban)", "LEVEL_3": "Recreational", "LEVEL_4": "Parking Area", "LEVEL_5": "Parking Area", "TYPE": "Parking Area", "PART": "Part_10_13", "Shape_Leng": 0.0, "Shape_Le_1": 0.0, "chk": null, "name1": null, "tempo": null, "Shape_Le_2": 136.219890531, "Shape_Area": 383.21875, "ORIG_FID": 20.0 }, "geometry": { "type": "Point", "coordinates": [ 75.822136823529263, 26.866522587482393 ] } },
{ "type": "Feature", "properties": { "OBJECTID_1": 188518.0, "OBJECTID_2": 0.0, "OBJECTID_3": 0.0, "OBJECTID": 24577.0, "SURVEYCOM": null, "GISCOM": null, "FCODE": "63", "SOFTLAYER": "LYRRECREATIONAL", "SOFTTABLE": "TBLRECPARKINGAREA", "NUISCODE": "00-00-05-02", "NAME": "COMMERCIAL TAXES", "BUSARRIVNG": null, "FACILITIES": null, "LINE": null, "STAGING": null, "LOCATION": "NIDHI VIHAR", "STATUS": "Off-Street", "HOUSES": null, "FLOORS": null, "INVSTCATEG": null, "PRODCAPCTY": null, "QUALITY": null, "AIRPOLLUCS": null, "ETPUNITS": null, "INDWASTWTR": null, "TYPOFPOLLU": null, "CATEGORY": null, "PRESNTPOSI": null, "PRODVALUE": null, "EMPLOYMENT": null, "GSCAPINVST": null, "DATED": null, "CAPACITY": null, "PRODTYPE": null, "CONTACT": null, "INDUSTTYPE": null, "WARDNO": null, "FACILITI_1": null, "MAJORFEAT": null, "WARDNO_1": null, "NATROFINST": null, "COURSECODE": null, "INSTCODE": null, "CITYCODE": null, "DISTCODE": null, "YEAROFEST": null, "COURSES": null, "LEVELS": null, "BENEFCARY": null, "MGMT": null, "INSTTYPE": null, "DISPOPRACT": null, "TOTALBEDS": null, "PHONE": null, "MRI": null, "CTSCAN": null, "CCU": null, "ICU": null, "AMBULANCE": null, "TRAUMA": null, "BLOODSTRUN": null, "CEMOC": null, "AVL24HRS": null, "WASTEDISP": null, "OWNERSHIP": null, "DISTRICT": null, "TEHSIL": null, "VILLAGE": null, "ADDRESS": null, "DETAILS": null, "JURISDICT": null, "VECHDETAIL": null, "DEPARTMENT": null, "DETAILS_1": null, "OPRSTATS": null, "PLANTTYPE": null, "KV": null, "WSALETYPE": null, "LOCATION1": null, "SIZES": null, "FUELTYPE": null, "BRANCH": null, "BUSARRIV_1": null, "BUSDEPARTG": null, "OFFPHONE": null, "STDCODE": null, "CELLNUMBER": null, "CHFOFFICER": null, "DIMENSION": null, "CATEGORY_1": null, "GAUGE": null, "DAMTYPE": null, "LEGALSTATS": null, "FORESTTYPE": null, "DIVISION": null, "FORESTBLCK": null, "TEMP": null, "STATUS_1": null, "HEIGHT": null, "STAGING_1": null, "CAPACITY_1": null, "MINRSUSAGE": null, "MINERALS": null, "NUMOFYRS": null, "AREA": null, "DAMTYPE_1": null, "LEVEL_1": "Built Up", "LEVEL_2": "Built Up (Urban)", "LEVEL_3": "Recreational", "LEVEL_4": "Parking Area", "LEVEL_5": "Parking Area", "TYPE": "Parking Area", "PART": "Part_10_13", "Shape_Leng": 0.0, "Shape_Le_1": 0.0, "chk": null, "name1": null, "tempo": null, "Shape_Le_2": 173.79596016299999, "Shape_Area": 1393.79412209, "ORIG_FID": 21.0 }, "geometry": { "type": "Point", "coordinates": [ 75.799125991697252, 26.898765042948789 ] } },
{ "type": "Feature", "properties": { "OBJECTID_1": 188524.0, "OBJECTID_2": 0.0, "OBJECTID_3": 0.0, "OBJECTID": 24577.0, "SURVEYCOM": null, "GISCOM": null, "FCODE": "63", "SOFTLAYER": "LYRRECREATIONAL", "SOFTTABLE": "TBLRECPARKINGAREA", "NUISCODE": "00-00-05-02", "NAME": "RAJASTHAN HOUSING BOARD", "BUSARRIVNG": null, "FACILITIES": null, "LINE": null, "STAGING": null, "LOCATION": "NIDHI VIHAR", "STATUS": "Off-Street", "HOUSES": null, "FLOORS": null, "INVSTCATEG": null, "PRODCAPCTY": null, "QUALITY": null, "AIRPOLLUCS": null, "ETPUNITS": null, "INDWASTWTR": null, "TYPOFPOLLU": null, "CATEGORY": null, "PRESNTPOSI": null, "PRODVALUE": null, "EMPLOYMENT": null, "GSCAPINVST": null, "DATED": null, "CAPACITY": null, "PRODTYPE": null, "CONTACT": null, "INDUSTTYPE": null, "WARDNO": null, "FACILITI_1": null, "MAJORFEAT": null, "WARDNO_1": null, "NATROFINST": null, "COURSECODE": null, "INSTCODE": null, "CITYCODE": null, "DISTCODE": null, "YEAROFEST": null, "COURSES": null, "LEVELS": null, "BENEFCARY": null, "MGMT": null, "INSTTYPE": null, "DISPOPRACT": null, "TOTALBEDS": null, "PHONE": null, "MRI": null, "CTSCAN": null, "CCU": null, "ICU": null, "AMBULANCE": null, "TRAUMA": null, "BLOODSTRUN": null, "CEMOC": null, "AVL24HRS": null, "WASTEDISP": null, "OWNERSHIP": null, "DISTRICT": null, "TEHSIL": null, "VILLAGE": null, "ADDRESS": null, "DETAILS": null, "JURISDICT": null, "VECHDETAIL": null, "DEPARTMENT": null, "DETAILS_1": null, "OPRSTATS": null, "PLANTTYPE": null, "KV": null, "WSALETYPE": null, "LOCATION1": null, "SIZES": null, "FUELTYPE": null, "BRANCH": null, "BUSARRIV_1": null, "BUSDEPARTG": null, "OFFPHONE": null, "STDCODE": null, "CELLNUMBER": null, "CHFOFFICER": null, "DIMENSION": null, "CATEGORY_1": null, "GAUGE": null, "DAMTYPE": null, "LEGALSTATS": null, "FORESTTYPE": null, "DIVISION": null, "FORESTBLCK": null, "TEMP": null, "STATUS_1": null, "HEIGHT": null, "STAGING_1": null, "CAPACITY_1": null, "MINRSUSAGE": null, "MINERALS": null, "NUMOFYRS": null, "AREA": null, "DAMTYPE_1": null, "LEVEL_1": "Built Up", "LEVEL_2": "Built Up (Urban)", "LEVEL_3": "Recreational", "LEVEL_4": "Parking Area", "LEVEL_5": "Parking Area", "TYPE": "Parking Area", "PART": "Part_10_13", "Shape_Leng": 0.0, "Shape_Le_1": 0.0, "chk": null, "name1": null, "tempo": null, "Shape_Le_2": 98.292497203400004, "Shape_Area": 400.71053168399999, "ORIG_FID": 22.0 }, "geometry": { "type": "Point", "coordinates": [ 75.79842427629012, 26.894474035687391 ] } },
{ "type": "Feature", "properties": { "OBJECTID_1": 188591.0, "OBJECTID_2": 0.0, "OBJECTID_3": 0.0, "OBJECTID": 24641.0, "SURVEYCOM": null, "GISCOM": null, "FCODE": "103", "SOFTLAYER": "LYRRECREATIONAL", "SOFTTABLE": null, "NUISCODE": "00-00-05-02", "NAME": null, "BUSARRIVNG": null, "FACILITIES": null, "LINE": null, "STAGING": null, "LOCATION": "SHYAM NAGAR", "STATUS": "Off-Street", "HOUSES": null, "FLOORS": null, "INVSTCATEG": null, "PRODCAPCTY": null, "QUALITY": null, "AIRPOLLUCS": null, "ETPUNITS": null, "INDWASTWTR": null, "TYPOFPOLLU": null, "CATEGORY": null, "PRESNTPOSI": null, "PRODVALUE": null, "EMPLOYMENT": null, "GSCAPINVST": null, "DATED": null, "CAPACITY": null, "PRODTYPE": null, "CONTACT": null, "INDUSTTYPE": null, "WARDNO": null, "FACILITI_1": null, "MAJORFEAT": null, "WARDNO_1": null, "NATROFINST": null, "COURSECODE": null, "INSTCODE": null, "CITYCODE": null, "DISTCODE": null, "YEAROFEST": null, "COURSES": null, "LEVELS": null, "BENEFCARY": null, "MGMT": null, "INSTTYPE": null, "DISPOPRACT": null, "TOTALBEDS": null, "PHONE": null, "MRI": null, "CTSCAN": null, "CCU": null, "ICU": null, "AMBULANCE": null, "TRAUMA": null, "BLOODSTRUN": null, "CEMOC": null, "AVL24HRS": null, "WASTEDISP": null, "OWNERSHIP": null, "DISTRICT": null, "TEHSIL": null, "VILLAGE": null, "ADDRESS": null, "DETAILS": null, "JURISDICT": null, "VECHDETAIL": null, "DEPARTMENT": null, "DETAILS_1": null, "OPRSTATS": null, "PLANTTYPE": null, "KV": null, "WSALETYPE": null, "LOCATION1": null, "SIZES": null, "FUELTYPE": null, "BRANCH": null, "BUSARRIV_1": null, "BUSDEPARTG": null, "OFFPHONE": null, "STDCODE": null, "CELLNUMBER": null, "CHFOFFICER": null, "DIMENSION": null, "CATEGORY_1": null, "GAUGE": null, "DAMTYPE": null, "LEGALSTATS": null, "FORESTTYPE": null, "DIVISION": null, "FORESTBLCK": null, "TEMP": null, "STATUS_1": null, "HEIGHT": null, "STAGING_1": null, "CAPACITY_1": null, "MINRSUSAGE": null, "MINERALS": null, "NUMOFYRS": null, "AREA": null, "DAMTYPE_1": null, "LEVEL_1": "Built Up", "LEVEL_2": "Built Up (Urban)", "LEVEL_3": "Recreational", "LEVEL_4": "Parking Area", "LEVEL_5": "Parking Area", "TYPE": "Parking Area", "PART": "Part_10_13", "Shape_Leng": 0.0, "Shape_Le_1": 0.0, "chk": null, "name1": null, "tempo": null, "Shape_Le_2": 252.506698529, "Shape_Area": 3564.56014723, "ORIG_FID": 23.0 }, "geometry": { "type": "Point", "coordinates": [ 75.791677073233203, 26.899054722610817 ] } },
{ "type": "Feature", "properties": { "OBJECTID_1": 188594.0, "OBJECTID_2": 0.0, "OBJECTID_3": 0.0, "OBJECTID": 24196.0, "SURVEYCOM": null, "GISCOM": "REMOTE SENSING", "FCODE": "103", "SOFTLAYER": "LYRRECREATIONAL", "SOFTTABLE": null, "NUISCODE": "00-00-05-02", "NAME": "SMS STADIUM", "BUSARRIVNG": null, "FACILITIES": null, "LINE": null, "STAGING": null, "LOCATION": "SMS STADIUM", "STATUS": "Off-Street", "HOUSES": null, "FLOORS": null, "INVSTCATEG": null, "PRODCAPCTY": null, "QUALITY": null, "AIRPOLLUCS": null, "ETPUNITS": null, "INDWASTWTR": null, "TYPOFPOLLU": null, "CATEGORY": null, "PRESNTPOSI": null, "PRODVALUE": null, "EMPLOYMENT": null, "GSCAPINVST": null, "DATED": null, "CAPACITY": null, "PRODTYPE": null, "CONTACT": null, "INDUSTTYPE": null, "WARDNO": null, "FACILITI_1": null, "MAJORFEAT": null, "WARDNO_1": null, "NATROFINST": null, "COURSECODE": null, "INSTCODE": null, "CITYCODE": null, "DISTCODE": null, "YEAROFEST": null, "COURSES": null, "LEVELS": null, "BENEFCARY": null, "MGMT": null, "INSTTYPE": null, "DISPOPRACT": null, "TOTALBEDS": null, "PHONE": null, "MRI": null, "CTSCAN": null, "CCU": null, "ICU": null, "AMBULANCE": null, "TRAUMA": null, "BLOODSTRUN": null, "CEMOC": null, "AVL24HRS": null, "WASTEDISP": null, "OWNERSHIP": null, "DISTRICT": null, "TEHSIL": null, "VILLAGE": null, "ADDRESS": null, "DETAILS": null, "JURISDICT": null, "VECHDETAIL": null, "DEPARTMENT": null, "DETAILS_1": null, "OPRSTATS": null, "PLANTTYPE": null, "KV": null, "WSALETYPE": null, "LOCATION1": null, "SIZES": null, "FUELTYPE": null, "BRANCH": null, "BUSARRIV_1": null, "BUSDEPARTG": null, "OFFPHONE": null, "STDCODE": null, "CELLNUMBER": null, "CHFOFFICER": null, "DIMENSION": null, "CATEGORY_1": null, "GAUGE": null, "DAMTYPE": null, "LEGALSTATS": null, "FORESTTYPE": null, "DIVISION": null, "FORESTBLCK": null, "TEMP": null, "STATUS_1": null, "HEIGHT": null, "STAGING_1": null, "CAPACITY_1": null, "MINRSUSAGE": null, "MINERALS": null, "NUMOFYRS": null, "AREA": null, "DAMTYPE_1": null, "LEVEL_1": "Built Up", "LEVEL_2": "Built Up (Urban)", "LEVEL_3": "Recreational", "LEVEL_4": "Parking Area", "LEVEL_5": "Parking Area", "TYPE": "Parking Area", "PART": "Part_10_13", "Shape_Leng": 0.0, "Shape_Le_1": 0.0, "chk": null, "name1": null, "tempo": null, "Shape_Le_2": 877.68147896599999, "Shape_Area": 28953.244180199999, "ORIG_FID": 24.0 }, "geometry": { "type": "Point", "coordinates": [ 75.801847367411995, 26.897209358217662 ] } },
{ "type": "Feature", "properties": { "OBJECTID_1": 188867.0, "OBJECTID_2": 0.0, "OBJECTID_3": 0.0, "OBJECTID": 33573.0, "SURVEYCOM": null, "GISCOM": null, "FCODE": "103", "SOFTLAYER": "LYRRECREATIONAL", "SOFTTABLE": null, "NUISCODE": "00-00-05-02", "NAME": null, "BUSARRIVNG": null, "FACILITIES": null, "LINE": null, "STAGING": null, "LOCATION": "MALVIYA NAGAR", "STATUS": "On-Street", "HOUSES": null, "FLOORS": null, "INVSTCATEG": null, "PRODCAPCTY": null, "QUALITY": null, "AIRPOLLUCS": null, "ETPUNITS": null, "INDWASTWTR": null, "TYPOFPOLLU": null, "CATEGORY": null, "PRESNTPOSI": null, "PRODVALUE": null, "EMPLOYMENT": null, "GSCAPINVST": null, "DATED": null, "CAPACITY": null, "PRODTYPE": null, "CONTACT": null, "INDUSTTYPE": null, "WARDNO": null, "FACILITI_1": null, "MAJORFEAT": null, "WARDNO_1": null, "NATROFINST": null, "COURSECODE": null, "INSTCODE": null, "CITYCODE": null, "DISTCODE": null, "YEAROFEST": null, "COURSES": null, "LEVELS": null, "BENEFCARY": null, "MGMT": null, "INSTTYPE": null, "DISPOPRACT": null, "TOTALBEDS": null, "PHONE": null, "MRI": null, "CTSCAN": null, "CCU": null, "ICU": null, "AMBULANCE": null, "TRAUMA": null, "BLOODSTRUN": null, "CEMOC": null, "AVL24HRS": null, "WASTEDISP": null, "OWNERSHIP": null, "DISTRICT": null, "TEHSIL": null, "VILLAGE": null, "ADDRESS": null, "DETAILS": null, "JURISDICT": null, "VECHDETAIL": null, "DEPARTMENT": null, "DETAILS_1": null, "OPRSTATS": null, "PLANTTYPE": null, "KV": null, "WSALETYPE": null, "LOCATION1": null, "SIZES": null, "FUELTYPE": null, "BRANCH": null, "BUSARRIV_1": null, "BUSDEPARTG": null, "OFFPHONE": null, "STDCODE": null, "CELLNUMBER": null, "CHFOFFICER": null, "DIMENSION": null, "CATEGORY_1": null, "GAUGE": null, "DAMTYPE": null, "LEGALSTATS": null, "FORESTTYPE": null, "DIVISION": null, "FORESTBLCK": null, "TEMP": null, "STATUS_1": null, "HEIGHT": null, "STAGING_1": null, "CAPACITY_1": null, "MINRSUSAGE": null, "MINERALS": null, "NUMOFYRS": null, "AREA": null, "DAMTYPE_1": null, "LEVEL_1": "Built Up", "LEVEL_2": "Built Up (Urban)", "LEVEL_3": "Recreational", "LEVEL_4": "Parking Area", "LEVEL_5": "Parking Area", "TYPE": "Parking Area", "PART": "Part_10_13", "Shape_Leng": 0.0, "Shape_Le_1": 0.0, "chk": null, "name1": null, "tempo": null, "Shape_Le_2": 138.911875783, "Shape_Area": 608.38312576500005, "ORIG_FID": 25.0 }, "geometry": { "type": "Point", "coordinates": [ 75.804178033501799, 26.851624375699842 ] } },
{ "type": "Feature", "properties": { "OBJECTID_1": 190230.0, "OBJECTID_2": 0.0, "OBJECTID_3": 0.0, "OBJECTID": 24196.0, "SURVEYCOM": null, "GISCOM": "REMOTE SENSING", "FCODE": "103", "SOFTLAYER": "LYRRECREATIONAL", "SOFTTABLE": null, "NUISCODE": "00-00-05-02", "NAME": "SMS STADIUM", "BUSARRIVNG": null, "FACILITIES": null, "LINE": null, "STAGING": null, "LOCATION": "SMS STADIUM", "STATUS": "On-Street", "HOUSES": null, "FLOORS": null, "INVSTCATEG": null, "PRODCAPCTY": null, "QUALITY": null, "AIRPOLLUCS": null, "ETPUNITS": null, "INDWASTWTR": null, "TYPOFPOLLU": null, "CATEGORY": null, "PRESNTPOSI": null, "PRODVALUE": null, "EMPLOYMENT": null, "GSCAPINVST": null, "DATED": null, "CAPACITY": null, "PRODTYPE": null, "CONTACT": null, "INDUSTTYPE": null, "WARDNO": null, "FACILITI_1": null, "MAJORFEAT": null, "WARDNO_1": null, "NATROFINST": null, "COURSECODE": null, "INSTCODE": null, "CITYCODE": null, "DISTCODE": null, "YEAROFEST": null, "COURSES": null, "LEVELS": null, "BENEFCARY": null, "MGMT": null, "INSTTYPE": null, "DISPOPRACT": null, "TOTALBEDS": null, "PHONE": null, "MRI": null, "CTSCAN": null, "CCU": null, "ICU": null, "AMBULANCE": null, "TRAUMA": null, "BLOODSTRUN": null, "CEMOC": null, "AVL24HRS": null, "WASTEDISP": null, "OWNERSHIP": null, "DISTRICT": null, "TEHSIL": null, "VILLAGE": null, "ADDRESS": null, "DETAILS": null, "JURISDICT": null, "VECHDETAIL": null, "DEPARTMENT": null, "DETAILS_1": null, "OPRSTATS": null, "PLANTTYPE": null, "KV": null, "WSALETYPE": null, "LOCATION1": null, "SIZES": null, "FUELTYPE": null, "BRANCH": null, "BUSARRIV_1": null, "BUSDEPARTG": null, "OFFPHONE": null, "STDCODE": null, "CELLNUMBER": null, "CHFOFFICER": null, "DIMENSION": null, "CATEGORY_1": null, "GAUGE": null, "DAMTYPE": null, "LEGALSTATS": null, "FORESTTYPE": null, "DIVISION": null, "FORESTBLCK": null, "TEMP": null, "STATUS_1": null, "HEIGHT": null, "STAGING_1": null, "CAPACITY_1": null, "MINRSUSAGE": null, "MINERALS": null, "NUMOFYRS": null, "AREA": null, "DAMTYPE_1": null, "LEVEL_1": "Built Up", "LEVEL_2": "Built Up (Urban)", "LEVEL_3": "Recreational", "LEVEL_4": "Parking Area", "LEVEL_5": "Parking Area", "TYPE": "Parking Area", "PART": "Part_10_13", "Shape_Leng": 0.0, "Shape_Le_1": 0.0, "chk": null, "name1": null, "tempo": null, "Shape_Le_2": 885.57721512900002, "Shape_Area": 30739.545680800002, "ORIG_FID": 26.0 }, "geometry": { "type": "Point", "coordinates": [ 75.80659189856425, 26.894994131948145 ] } },
{ "type": "Feature", "properties": { "OBJECTID_1": 202504.0, "OBJECTID_2": 0.0, "OBJECTID_3": 0.0, "OBJECTID": 19509.0, "SURVEYCOM": null, "GISCOM": null, "FCODE": "63", "SOFTLAYER": "LYRRECREATIONAL", "SOFTTABLE": "TBLRECPARKINGAREA", "NUISCODE": "00-00-05-02", "NAME": null, "BUSARRIVNG": null, "FACILITIES": null, "LINE": null, "STAGING": null, "LOCATION": "JAWAHAR NAGAR", "STATUS": "Off-Street", "HOUSES": null, "FLOORS": null, "INVSTCATEG": null, "PRODCAPCTY": null, "QUALITY": null, "AIRPOLLUCS": null, "ETPUNITS": null, "INDWASTWTR": null, "TYPOFPOLLU": null, "CATEGORY": null, "PRESNTPOSI": null, "PRODVALUE": null, "EMPLOYMENT": null, "GSCAPINVST": null, "DATED": null, "CAPACITY": null, "PRODTYPE": null, "CONTACT": null, "INDUSTTYPE": null, "WARDNO": null, "FACILITI_1": null, "MAJORFEAT": null, "WARDNO_1": null, "NATROFINST": null, "COURSECODE": null, "INSTCODE": null, "CITYCODE": null, "DISTCODE": null, "YEAROFEST": null, "COURSES": null, "LEVELS": null, "BENEFCARY": null, "MGMT": null, "INSTTYPE": null, "DISPOPRACT": null, "TOTALBEDS": null, "PHONE": null, "MRI": null, "CTSCAN": null, "CCU": null, "ICU": null, "AMBULANCE": null, "TRAUMA": null, "BLOODSTRUN": null, "CEMOC": null, "AVL24HRS": null, "WASTEDISP": null, "OWNERSHIP": null, "DISTRICT": null, "TEHSIL": null, "VILLAGE": null, "ADDRESS": null, "DETAILS": null, "JURISDICT": null, "VECHDETAIL": null, "DEPARTMENT": null, "DETAILS_1": null, "OPRSTATS": null, "PLANTTYPE": null, "KV": null, "WSALETYPE": null, "LOCATION1": null, "SIZES": null, "FUELTYPE": null, "BRANCH": null, "BUSARRIV_1": null, "BUSDEPARTG": null, "OFFPHONE": null, "STDCODE": null, "CELLNUMBER": null, "CHFOFFICER": null, "DIMENSION": null, "CATEGORY_1": null, "GAUGE": null, "DAMTYPE": null, "LEGALSTATS": null, "FORESTTYPE": null, "DIVISION": null, "FORESTBLCK": null, "TEMP": null, "STATUS_1": null, "HEIGHT": null, "STAGING_1": null, "CAPACITY_1": null, "MINRSUSAGE": null, "MINERALS": null, "NUMOFYRS": null, "AREA": null, "DAMTYPE_1": null, "LEVEL_1": "Built Up", "LEVEL_2": "Built Up (Urban)", "LEVEL_3": "Recreational", "LEVEL_4": "Parking Area", "LEVEL_5": "Parking Area", "TYPE": "Parking Area", "PART": "12", "Shape_Leng": 0.0, "Shape_Le_1": 0.0, "chk": null, "name1": null, "tempo": null, "Shape_Le_2": 166.82232321500001, "Shape_Area": 1007.17985624, "ORIG_FID": 27.0 }, "geometry": { "type": "Point", "coordinates": [ 75.839109750339816, 26.894015210554603 ] } },
{ "type": "Feature", "properties": { "OBJECTID_1": 202505.0, "OBJECTID_2": 0.0, "OBJECTID_3": 0.0, "OBJECTID": 19510.0, "SURVEYCOM": null, "GISCOM": null, "FCODE": "63", "SOFTLAYER": "LYRRECREATIONAL", "SOFTTABLE": "TBLRECPARKINGAREA", "NUISCODE": "00-00-05-02", "NAME": "BIRLA MANDIR-PARKING", "BUSARRIVNG": null, "FACILITIES": null, "LINE": null, "STAGING": null, "LOCATION": "MOTIDUNGARI", "STATUS": "On-Street", "HOUSES": null, "FLOORS": null, "INVSTCATEG": null, "PRODCAPCTY": null, "QUALITY": null, "AIRPOLLUCS": null, "ETPUNITS": null, "INDWASTWTR": null, "TYPOFPOLLU": null, "CATEGORY": null, "PRESNTPOSI": null, "PRODVALUE": null, "EMPLOYMENT": null, "GSCAPINVST": null, "DATED": null, "CAPACITY": null, "PRODTYPE": null, "CONTACT": null, "INDUSTTYPE": null, "WARDNO": null, "FACILITI_1": null, "MAJORFEAT": null, "WARDNO_1": null, "NATROFINST": null, "COURSECODE": null, "INSTCODE": null, "CITYCODE": null, "DISTCODE": null, "YEAROFEST": null, "COURSES": null, "LEVELS": null, "BENEFCARY": null, "MGMT": null, "INSTTYPE": null, "DISPOPRACT": null, "TOTALBEDS": null, "PHONE": null, "MRI": null, "CTSCAN": null, "CCU": null, "ICU": null, "AMBULANCE": null, "TRAUMA": null, "BLOODSTRUN": null, "CEMOC": null, "AVL24HRS": null, "WASTEDISP": null, "OWNERSHIP": null, "DISTRICT": null, "TEHSIL": null, "VILLAGE": null, "ADDRESS": null, "DETAILS": null, "JURISDICT": null, "VECHDETAIL": null, "DEPARTMENT": null, "DETAILS_1": null, "OPRSTATS": null, "PLANTTYPE": null, "KV": null, "WSALETYPE": null, "LOCATION1": null, "SIZES": null, "FUELTYPE": null, "BRANCH": null, "BUSARRIV_1": null, "BUSDEPARTG": null, "OFFPHONE": null, "STDCODE": null, "CELLNUMBER": null, "CHFOFFICER": null, "DIMENSION": null, "CATEGORY_1": null, "GAUGE": null, "DAMTYPE": null, "LEGALSTATS": null, "FORESTTYPE": null, "DIVISION": null, "FORESTBLCK": null, "TEMP": null, "STATUS_1": null, "HEIGHT": null, "STAGING_1": null, "CAPACITY_1": null, "MINRSUSAGE": null, "MINERALS": null, "NUMOFYRS": null, "AREA": null, "DAMTYPE_1": null, "LEVEL_1": "Built Up", "LEVEL_2": "Built Up (Urban)", "LEVEL_3": "Recreational", "LEVEL_4": "Parking Area", "LEVEL_5": "Parking Area", "TYPE": "Parking Area", "PART": "12", "Shape_Leng": 0.0, "Shape_Le_1": 0.0, "chk": null, "name1": null, "tempo": null, "Shape_Le_2": 128.54018584799999, "Shape_Area": 952.12193123099996, "ORIG_FID": 28.0 }, "geometry": { "type": "Point", "coordinates": [ 75.815709204834675, 26.894176660897358 ] } },
{ "type": "Feature", "properties": { "OBJECTID_1": 202540.0, "OBJECTID_2": 0.0, "OBJECTID_3": 0.0, "OBJECTID": 19566.0, "SURVEYCOM": null, "GISCOM": null, "FCODE": "38", "SOFTLAYER": "LYRNONRESBUILDINGS", "SOFTTABLE": null, "NUISCODE": "00-00-02-08", "NAME": "SANTHOKBA DURLABJI MEMORIAL HOSPITAL", "BUSARRIVNG": null, "FACILITIES": null, "LINE": null, "STAGING": null, "LOCATION": "BAPU NAGAR", "STATUS": "Off-Street", "HOUSES": null, "FLOORS": null, "INVSTCATEG": null, "PRODCAPCTY": null, "QUALITY": null, "AIRPOLLUCS": null, "ETPUNITS": null, "INDWASTWTR": null, "TYPOFPOLLU": null, "CATEGORY": null, "PRESNTPOSI": null, "PRODVALUE": null, "EMPLOYMENT": null, "GSCAPINVST": null, "DATED": null, "CAPACITY": null, "PRODTYPE": null, "CONTACT": null, "INDUSTTYPE": null, "WARDNO": null, "FACILITI_1": null, "MAJORFEAT": null, "WARDNO_1": null, "NATROFINST": null, "COURSECODE": null, "INSTCODE": null, "CITYCODE": null, "DISTCODE": null, "YEAROFEST": null, "COURSES": null, "LEVELS": null, "BENEFCARY": null, "MGMT": null, "INSTTYPE": null, "DISPOPRACT": null, "TOTALBEDS": null, "PHONE": null, "MRI": null, "CTSCAN": null, "CCU": null, "ICU": null, "AMBULANCE": null, "TRAUMA": null, "BLOODSTRUN": null, "CEMOC": null, "AVL24HRS": null, "WASTEDISP": null, "OWNERSHIP": null, "DISTRICT": null, "TEHSIL": null, "VILLAGE": null, "ADDRESS": null, "DETAILS": null, "JURISDICT": null, "VECHDETAIL": null, "DEPARTMENT": null, "DETAILS_1": null, "OPRSTATS": null, "PLANTTYPE": null, "KV": null, "WSALETYPE": null, "LOCATION1": null, "SIZES": null, "FUELTYPE": null, "BRANCH": null, "BUSARRIV_1": null, "BUSDEPARTG": null, "OFFPHONE": null, "STDCODE": null, "CELLNUMBER": null, "CHFOFFICER": null, "DIMENSION": null, "CATEGORY_1": null, "GAUGE": null, "DAMTYPE": null, "LEGALSTATS": null, "FORESTTYPE": null, "DIVISION": null, "FORESTBLCK": null, "TEMP": null, "STATUS_1": null, "HEIGHT": null, "STAGING_1": null, "CAPACITY_1": null, "MINRSUSAGE": null, "MINERALS": null, "NUMOFYRS": null, "AREA": null, "DAMTYPE_1": null, "LEVEL_1": "Built Up", "LEVEL_2": "Built Up (Urban)", "LEVEL_3": "Built-up (Non-Residential)", "LEVEL_4": "Parking Building", "LEVEL_5": "Parking Building", "TYPE": "Parking Building", "PART": "12", "Shape_Leng": 0.0, "Shape_Le_1": 0.0, "chk": null, "name1": null, "tempo": null, "Shape_Le_2": 225.80433403800001, "Shape_Area": 2925.9569382499999, "ORIG_FID": 29.0 }, "geometry": { "type": "Point", "coordinates": [ 75.812845027650852, 26.894161461067391 ] } },
{ "type": "Feature", "properties": { "OBJECTID_1": 203512.0, "OBJECTID_2": 0.0, "OBJECTID_3": 0.0, "OBJECTID": 20828.0, "SURVEYCOM": null, "GISCOM": "REMOTE SENSING", "FCODE": "103", "SOFTLAYER": "LYRRECREATIONAL", "SOFTTABLE": null, "NUISCODE": "00-00-05-02", "NAME": null, "BUSARRIVNG": null, "FACILITIES": null, "LINE": null, "STAGING": null, "LOCATION": "TRANSPORT NAGAR", "STATUS": "On-Street", "HOUSES": null, "FLOORS": null, "INVSTCATEG": null, "PRODCAPCTY": null, "QUALITY": null, "AIRPOLLUCS": null, "ETPUNITS": null, "INDWASTWTR": null, "TYPOFPOLLU": null, "CATEGORY": null, "PRESNTPOSI": null, "PRODVALUE": null, "EMPLOYMENT": null, "GSCAPINVST": null, "DATED": null, "CAPACITY": null, "PRODTYPE": null, "CONTACT": null, "INDUSTTYPE": null, "WARDNO": null, "FACILITI_1": null, "MAJORFEAT": null, "WARDNO_1": null, "NATROFINST": null, "COURSECODE": null, "INSTCODE": null, "CITYCODE": null, "DISTCODE": null, "YEAROFEST": null, "COURSES": null, "LEVELS": null, "BENEFCARY": null, "MGMT": null, "INSTTYPE": null, "DISPOPRACT": null, "TOTALBEDS": null, "PHONE": null, "MRI": null, "CTSCAN": null, "CCU": null, "ICU": null, "AMBULANCE": null, "TRAUMA": null, "BLOODSTRUN": null, "CEMOC": null, "AVL24HRS": null, "WASTEDISP": null, "OWNERSHIP": null, "DISTRICT": null, "TEHSIL": null, "VILLAGE": null, "ADDRESS": null, "DETAILS": null, "JURISDICT": null, "VECHDETAIL": null, "DEPARTMENT": null, "DETAILS_1": null, "OPRSTATS": null, "PLANTTYPE": null, "KV": null, "WSALETYPE": null, "LOCATION1": null, "SIZES": null, "FUELTYPE": null, "BRANCH": null, "BUSARRIV_1": null, "BUSDEPARTG": null, "OFFPHONE": null, "STDCODE": null, "CELLNUMBER": null, "CHFOFFICER": null, "DIMENSION": null, "CATEGORY_1": null, "GAUGE": null, "DAMTYPE": null, "LEGALSTATS": null, "FORESTTYPE": null, "DIVISION": null, "FORESTBLCK": null, "TEMP": null, "STATUS_1": null, "HEIGHT": null, "STAGING_1": null, "CAPACITY_1": null, "MINRSUSAGE": null, "MINERALS": null, "NUMOFYRS": null, "AREA": null, "DAMTYPE_1": null, "LEVEL_1": "Built Up", "LEVEL_2": "Built Up (Urban)", "LEVEL_3": "Recreational", "LEVEL_4": "Parking Area", "LEVEL_5": "Parking Area", "TYPE": "Parking Area", "PART": "12", "Shape_Leng": 0.0, "Shape_Le_1": 0.0, "chk": null, "name1": null, "tempo": null, "Shape_Le_2": 387.59647289399999, "Shape_Area": 2546.9786593499998, "ORIG_FID": 30.0 }, "geometry": { "type": "Point", "coordinates": [ 75.846107295224328, 26.908167581102834 ] } },
{ "type": "Feature", "properties": { "OBJECTID_1": 203779.0, "OBJECTID_2": 0.0, "OBJECTID_3": 0.0, "OBJECTID": 21191.0, "SURVEYCOM": null, "GISCOM": null, "FCODE": "103", "SOFTLAYER": "LYRRECREATIONAL", "SOFTTABLE": null, "NUISCODE": "00-00-05-02", "NAME": null, "BUSARRIVNG": null, "FACILITIES": null, "LINE": null, "STAGING": null, "LOCATION": "TRANSPORT NAGAR", "STATUS": "On-Street", "HOUSES": null, "FLOORS": null, "INVSTCATEG": null, "PRODCAPCTY": null, "QUALITY": null, "AIRPOLLUCS": null, "ETPUNITS": null, "INDWASTWTR": null, "TYPOFPOLLU": null, "CATEGORY": null, "PRESNTPOSI": null, "PRODVALUE": null, "EMPLOYMENT": null, "GSCAPINVST": null, "DATED": null, "CAPACITY": null, "PRODTYPE": null, "CONTACT": null, "INDUSTTYPE": null, "WARDNO": null, "FACILITI_1": null, "MAJORFEAT": null, "WARDNO_1": null, "NATROFINST": null, "COURSECODE": null, "INSTCODE": null, "CITYCODE": null, "DISTCODE": null, "YEAROFEST": null, "COURSES": null, "LEVELS": null, "BENEFCARY": null, "MGMT": null, "INSTTYPE": null, "DISPOPRACT": null, "TOTALBEDS": null, "PHONE": null, "MRI": null, "CTSCAN": null, "CCU": null, "ICU": null, "AMBULANCE": null, "TRAUMA": null, "BLOODSTRUN": null, "CEMOC": null, "AVL24HRS": null, "WASTEDISP": null, "OWNERSHIP": null, "DISTRICT": null, "TEHSIL": null, "VILLAGE": null, "ADDRESS": null, "DETAILS": null, "JURISDICT": null, "VECHDETAIL": null, "DEPARTMENT": null, "DETAILS_1": null, "OPRSTATS": null, "PLANTTYPE": null, "KV": null, "WSALETYPE": null, "LOCATION1": null, "SIZES": null, "FUELTYPE": null, "BRANCH": null, "BUSARRIV_1": null, "BUSDEPARTG": null, "OFFPHONE": null, "STDCODE": null, "CELLNUMBER": null, "CHFOFFICER": null, "DIMENSION": null, "CATEGORY_1": null, "GAUGE": null, "DAMTYPE": null, "LEGALSTATS": null, "FORESTTYPE": null, "DIVISION": null, "FORESTBLCK": null, "TEMP": null, "STATUS_1": null, "HEIGHT": null, "STAGING_1": null, "CAPACITY_1": null, "MINRSUSAGE": null, "MINERALS": null, "NUMOFYRS": null, "AREA": null, "DAMTYPE_1": null, "LEVEL_1": "Built Up", "LEVEL_2": "Built Up (Urban)", "LEVEL_3": "Recreational", "LEVEL_4": "Parking Area", "LEVEL_5": "Parking Area", "TYPE": "Parking Area", "PART": "12", "Shape_Leng": 0.0, "Shape_Le_1": 0.0, "chk": null, "name1": null, "tempo": null, "Shape_Le_2": 634.41088966100006, "Shape_Area": 7255.7050697699997, "ORIG_FID": 31.0 }, "geometry": { "type": "Point", "coordinates": [ 75.846312261831272, 26.907648662760131 ] } },
{ "type": "Feature", "properties": { "OBJECTID_1": 204205.0, "OBJECTID_2": 0.0, "OBJECTID_3": 0.0, "OBJECTID": 22003.0, "SURVEYCOM": null, "GISCOM": null, "FCODE": "48", "SOFTLAYER": "LYRRECREATIONAL", "SOFTTABLE": "TBLTRPMAJORBUSDEPOT", "NUISCODE": "00-00-05-02", "NAME": "VINAYAK NAGAR BUS DEPOT (STATE ROADWAYS DEPOT)", "BUSARRIVNG": null, "FACILITIES": null, "LINE": null, "STAGING": null, "LOCATION": "CHOMU HOUSE", "STATUS": "Off-Street", "HOUSES": null, "FLOORS": null, "INVSTCATEG": null, "PRODCAPCTY": null, "QUALITY": null, "AIRPOLLUCS": null, "ETPUNITS": null, "INDWASTWTR": null, "TYPOFPOLLU": null, "CATEGORY": null, "PRESNTPOSI": null, "PRODVALUE": null, "EMPLOYMENT": null, "GSCAPINVST": null, "DATED": null, "CAPACITY": null, "PRODTYPE": null, "CONTACT": null, "INDUSTTYPE": null, "WARDNO": null, "FACILITI_1": null, "MAJORFEAT": null, "WARDNO_1": null, "NATROFINST": null, "COURSECODE": null, "INSTCODE": null, "CITYCODE": null, "DISTCODE": null, "YEAROFEST": null, "COURSES": null, "LEVELS": null, "BENEFCARY": null, "MGMT": null, "INSTTYPE": null, "DISPOPRACT": null, "TOTALBEDS": null, "PHONE": null, "MRI": null, "CTSCAN": null, "CCU": null, "ICU": null, "AMBULANCE": null, "TRAUMA": null, "BLOODSTRUN": null, "CEMOC": null, "AVL24HRS": null, "WASTEDISP": null, "OWNERSHIP": null, "DISTRICT": null, "TEHSIL": null, "VILLAGE": null, "ADDRESS": null, "DETAILS": null, "JURISDICT": null, "VECHDETAIL": null, "DEPARTMENT": null, "DETAILS_1": null, "OPRSTATS": null, "PLANTTYPE": null, "KV": null, "WSALETYPE": null, "LOCATION1": null, "SIZES": null, "FUELTYPE": null, "BRANCH": null, "BUSARRIV_1": null, "BUSDEPARTG": null, "OFFPHONE": null, "STDCODE": null, "CELLNUMBER": null, "CHFOFFICER": null, "DIMENSION": null, "CATEGORY_1": null, "GAUGE": null, "DAMTYPE": null, "LEGALSTATS": null, "FORESTTYPE": null, "DIVISION": null, "FORESTBLCK": null, "TEMP": null, "STATUS_1": null, "HEIGHT": null, "STAGING_1": null, "CAPACITY_1": null, "MINRSUSAGE": null, "MINERALS": null, "NUMOFYRS": null, "AREA": null, "DAMTYPE_1": null, "LEVEL_1": "Built Up", "LEVEL_2": "Built Up (Urban)", "LEVEL_3": "Recreational", "LEVEL_4": "Parking Area", "LEVEL_5": "Parking Area", "TYPE": "Parking Area", "PART": "12", "Shape_Leng": 0.0, "Shape_Le_1": 0.0, "chk": null, "name1": null, "tempo": null, "Shape_Le_2": 792.17838497499997, "Shape_Area": 15364.4477995, "ORIG_FID": 32.0 }, "geometry": { "type": "Point", "coordinates": [ 75.791705985273481, 26.912751378580925 ] } },
{ "type": "Feature", "properties": { "OBJECTID_1": 204697.0, "OBJECTID_2": 0.0, "OBJECTID_3": 0.0, "OBJECTID": 22356.0, "SURVEYCOM": "SINDI CAMP BUS STAND", "GISCOM": null, "FCODE": "103", "SOFTLAYER": "LYRRECREATIONAL", "SOFTTABLE": null, "NUISCODE": "00-00-05-02", "NAME": null, "BUSARRIVNG": null, "FACILITIES": null, "LINE": null, "STAGING": null, "LOCATION": "BANI PARK", "STATUS": "On-Street", "HOUSES": null, "FLOORS": null, "INVSTCATEG": null, "PRODCAPCTY": null, "QUALITY": null, "AIRPOLLUCS": null, "ETPUNITS": null, "INDWASTWTR": null, "TYPOFPOLLU": null, "CATEGORY": null, "PRESNTPOSI": null, "PRODVALUE": null, "EMPLOYMENT": null, "GSCAPINVST": null, "DATED": null, "CAPACITY": null, "PRODTYPE": null, "CONTACT": null, "INDUSTTYPE": null, "WARDNO": null, "FACILITI_1": null, "MAJORFEAT": null, "WARDNO_1": null, "NATROFINST": null, "COURSECODE": null, "INSTCODE": null, "CITYCODE": null, "DISTCODE": null, "YEAROFEST": null, "COURSES": null, "LEVELS": null, "BENEFCARY": null, "MGMT": null, "INSTTYPE": null, "DISPOPRACT": null, "TOTALBEDS": null, "PHONE": null, "MRI": null, "CTSCAN": null, "CCU": null, "ICU": null, "AMBULANCE": null, "TRAUMA": null, "BLOODSTRUN": null, "CEMOC": null, "AVL24HRS": null, "WASTEDISP": null, "OWNERSHIP": null, "DISTRICT": null, "TEHSIL": null, "VILLAGE": null, "ADDRESS": null, "DETAILS": null, "JURISDICT": null, "VECHDETAIL": null, "DEPARTMENT": null, "DETAILS_1": null, "OPRSTATS": null, "PLANTTYPE": null, "KV": null, "WSALETYPE": null, "LOCATION1": null, "SIZES": null, "FUELTYPE": null, "BRANCH": null, "BUSARRIV_1": null, "BUSDEPARTG": null, "OFFPHONE": null, "STDCODE": null, "CELLNUMBER": null, "CHFOFFICER": null, "DIMENSION": null, "CATEGORY_1": null, "GAUGE": null, "DAMTYPE": null, "LEGALSTATS": null, "FORESTTYPE": null, "DIVISION": null, "FORESTBLCK": null, "TEMP": null, "STATUS_1": null, "HEIGHT": null, "STAGING_1": null, "CAPACITY_1": null, "MINRSUSAGE": null, "MINERALS": null, "NUMOFYRS": null, "AREA": null, "DAMTYPE_1": null, "LEVEL_1": "Built Up", "LEVEL_2": "Built Up (Urban)", "LEVEL_3": "Recreational", "LEVEL_4": "Parking Area", "LEVEL_5": "Parking Area", "TYPE": "Parking Area", "PART": "12", "Shape_Leng": 0.0, "Shape_Le_1": 0.0, "chk": null, "name1": null, "tempo": null, "Shape_Le_2": 405.54793826600002, "Shape_Area": 1830.89938321, "ORIG_FID": 33.0 }, "geometry": { "type": "Point", "coordinates": [ 75.796154140025038, 26.921426839638325 ] } },
{ "type": "Feature", "properties": { "OBJECTID_1": 204724.0, "OBJECTID_2": 0.0, "OBJECTID_3": 0.0, "OBJECTID": 22387.0, "SURVEYCOM": null, "GISCOM": null, "FCODE": "63", "SOFTLAYER": "LYRRECREATIONAL", "SOFTTABLE": "TBLRECPARKINGAREA", "NUISCODE": "00-00-05-02", "NAME": null, "BUSARRIVNG": null, "FACILITIES": null, "LINE": null, "STAGING": null, "LOCATION": "AJMERI GATE", "STATUS": "Off-Street", "HOUSES": null, "FLOORS": null, "INVSTCATEG": null, "PRODCAPCTY": null, "QUALITY": null, "AIRPOLLUCS": null, "ETPUNITS": null, "INDWASTWTR": null, "TYPOFPOLLU": null, "CATEGORY": null, "PRESNTPOSI": null, "PRODVALUE": null, "EMPLOYMENT": null, "GSCAPINVST": null, "DATED": null, "CAPACITY": null, "PRODTYPE": null, "CONTACT": null, "INDUSTTYPE": null, "WARDNO": null, "FACILITI_1": null, "MAJORFEAT": null, "WARDNO_1": null, "NATROFINST": null, "COURSECODE": null, "INSTCODE": null, "CITYCODE": null, "DISTCODE": null, "YEAROFEST": null, "COURSES": null, "LEVELS": null, "BENEFCARY": null, "MGMT": null, "INSTTYPE": null, "DISPOPRACT": null, "TOTALBEDS": null, "PHONE": null, "MRI": null, "CTSCAN": null, "CCU": null, "ICU": null, "AMBULANCE": null, "TRAUMA": null, "BLOODSTRUN": null, "CEMOC": null, "AVL24HRS": null, "WASTEDISP": null, "OWNERSHIP": null, "DISTRICT": null, "TEHSIL": null, "VILLAGE": null, "ADDRESS": null, "DETAILS": null, "JURISDICT": null, "VECHDETAIL": null, "DEPARTMENT": null, "DETAILS_1": null, "OPRSTATS": null, "PLANTTYPE": null, "KV": null, "WSALETYPE": null, "LOCATION1": null, "SIZES": null, "FUELTYPE": null, "BRANCH": null, "BUSARRIV_1": null, "BUSDEPARTG": null, "OFFPHONE": null, "STDCODE": null, "CELLNUMBER": null, "CHFOFFICER": null, "DIMENSION": null, "CATEGORY_1": null, "GAUGE": null, "DAMTYPE": null, "LEGALSTATS": null, "FORESTTYPE": null, "DIVISION": null, "FORESTBLCK": null, "TEMP": null, "STATUS_1": null, "HEIGHT": null, "STAGING_1": null, "CAPACITY_1": null, "MINRSUSAGE": null, "MINERALS": null, "NUMOFYRS": null, "AREA": null, "DAMTYPE_1": null, "LEVEL_1": "Built Up", "LEVEL_2": "Built Up (Urban)", "LEVEL_3": "Recreational", "LEVEL_4": "Parking Area", "LEVEL_5": "Parking Area", "TYPE": "Parking Area", "PART": "12", "Shape_Leng": 0.0, "Shape_Le_1": 0.0, "chk": null, "name1": null, "tempo": null, "Shape_Le_2": 468.79549028399998, "Shape_Area": 1280.32022181, "ORIG_FID": 34.0 }, "geometry": { "type": "Point", "coordinates": [ 75.821840611466982, 26.915300502557894 ] } },
{ "type": "Feature", "properties": { "OBJECTID_1": 204785.0, "OBJECTID_2": 0.0, "OBJECTID_3": 0.0, "OBJECTID": 22432.0, "SURVEYCOM": null, "GISCOM": null, "FCODE": "63", "SOFTLAYER": "LYRRECREATIONAL", "SOFTTABLE": "TBLRECPARKINGAREA", "NUISCODE": "00-00-05-02", "NAME": null, "BUSARRIVNG": null, "FACILITIES": null, "LINE": null, "STAGING": null, "LOCATION": "AJMERI GATE", "STATUS": "Off-Street", "HOUSES": null, "FLOORS": null, "INVSTCATEG": null, "PRODCAPCTY": null, "QUALITY": null, "AIRPOLLUCS": null, "ETPUNITS": null, "INDWASTWTR": null, "TYPOFPOLLU": null, "CATEGORY": null, "PRESNTPOSI": null, "PRODVALUE": null, "EMPLOYMENT": null, "GSCAPINVST": null, "DATED": null, "CAPACITY": null, "PRODTYPE": null, "CONTACT": null, "INDUSTTYPE": null, "WARDNO": null, "FACILITI_1": null, "MAJORFEAT": null, "WARDNO_1": null, "NATROFINST": null, "COURSECODE": null, "INSTCODE": null, "CITYCODE": null, "DISTCODE": null, "YEAROFEST": null, "COURSES": null, "LEVELS": null, "BENEFCARY": null, "MGMT": null, "INSTTYPE": null, "DISPOPRACT": null, "TOTALBEDS": null, "PHONE": null, "MRI": null, "CTSCAN": null, "CCU": null, "ICU": null, "AMBULANCE": null, "TRAUMA": null, "BLOODSTRUN": null, "CEMOC": null, "AVL24HRS": null, "WASTEDISP": null, "OWNERSHIP": null, "DISTRICT": null, "TEHSIL": null, "VILLAGE": null, "ADDRESS": null, "DETAILS": null, "JURISDICT": null, "VECHDETAIL": null, "DEPARTMENT": null, "DETAILS_1": null, "OPRSTATS": null, "PLANTTYPE": null, "KV": null, "WSALETYPE": null, "LOCATION1": null, "SIZES": null, "FUELTYPE": null, "BRANCH": null, "BUSARRIV_1": null, "BUSDEPARTG": null, "OFFPHONE": null, "STDCODE": null, "CELLNUMBER": null, "CHFOFFICER": null, "DIMENSION": null, "CATEGORY_1": null, "GAUGE": null, "DAMTYPE": null, "LEGALSTATS": null, "FORESTTYPE": null, "DIVISION": null, "FORESTBLCK": null, "TEMP": null, "STATUS_1": null, "HEIGHT": null, "STAGING_1": null, "CAPACITY_1": null, "MINRSUSAGE": null, "MINERALS": null, "NUMOFYRS": null, "AREA": null, "DAMTYPE_1": null, "LEVEL_1": "Built Up", "LEVEL_2": "Built Up (Urban)", "LEVEL_3": "Recreational", "LEVEL_4": "Parking Area", "LEVEL_5": "Parking Area", "TYPE": "Parking Area", "PART": "12", "Shape_Leng": 0.0, "Shape_Le_1": 0.0, "chk": null, "name1": null, "tempo": null, "Shape_Le_2": 511.102216785, "Shape_Area": 3707.0502786100001, "ORIG_FID": 35.0 }, "geometry": { "type": "Point", "coordinates": [ 75.821750812543485, 26.915473074415594 ] } },
{ "type": "Feature", "properties": { "OBJECTID_1": 204827.0, "OBJECTID_2": 0.0, "OBJECTID_3": 0.0, "OBJECTID": 22489.0, "SURVEYCOM": null, "GISCOM": null, "FCODE": "63", "SOFTLAYER": "LYRRECREATIONAL", "SOFTTABLE": "TBLRECPARKINGAREA", "NUISCODE": "00-00-05-02", "NAME": null, "BUSARRIVNG": null, "FACILITIES": null, "LINE": null, "STAGING": null, "LOCATION": "GANAPATI NAGAR RAILWAY COLONY", "STATUS": "On-Street", "HOUSES": null, "FLOORS": null, "INVSTCATEG": null, "PRODCAPCTY": null, "QUALITY": null, "AIRPOLLUCS": null, "ETPUNITS": null, "INDWASTWTR": null, "TYPOFPOLLU": null, "CATEGORY": null, "PRESNTPOSI": null, "PRODVALUE": null, "EMPLOYMENT": null, "GSCAPINVST": null, "DATED": null, "CAPACITY": null, "PRODTYPE": null, "CONTACT": null, "INDUSTTYPE": null, "WARDNO": null, "FACILITI_1": null, "MAJORFEAT": null, "WARDNO_1": null, "NATROFINST": null, "COURSECODE": null, "INSTCODE": null, "CITYCODE": null, "DISTCODE": null, "YEAROFEST": null, "COURSES": null, "LEVELS": null, "BENEFCARY": null, "MGMT": null, "INSTTYPE": null, "DISPOPRACT": null, "TOTALBEDS": null, "PHONE": null, "MRI": null, "CTSCAN": null, "CCU": null, "ICU": null, "AMBULANCE": null, "TRAUMA": null, "BLOODSTRUN": null, "CEMOC": null, "AVL24HRS": null, "WASTEDISP": null, "OWNERSHIP": null, "DISTRICT": null, "TEHSIL": null, "VILLAGE": null, "ADDRESS": null, "DETAILS": null, "JURISDICT": null, "VECHDETAIL": null, "DEPARTMENT": null, "DETAILS_1": null, "OPRSTATS": null, "PLANTTYPE": null, "KV": null, "WSALETYPE": null, "LOCATION1": null, "SIZES": null, "FUELTYPE": null, "BRANCH": null, "BUSARRIV_1": null, "BUSDEPARTG": null, "OFFPHONE": null, "STDCODE": null, "CELLNUMBER": null, "CHFOFFICER": null, "DIMENSION": null, "CATEGORY_1": null, "GAUGE": null, "DAMTYPE": null, "LEGALSTATS": null, "FORESTTYPE": null, "DIVISION": null, "FORESTBLCK": null, "TEMP": null, "STATUS_1": null, "HEIGHT": null, "STAGING_1": null, "CAPACITY_1": null, "MINRSUSAGE": null, "MINERALS": null, "NUMOFYRS": null, "AREA": null, "DAMTYPE_1": null, "LEVEL_1": "Built Up", "LEVEL_2": "Built Up (Urban)", "LEVEL_3": "Recreational", "LEVEL_4": "Parking Area", "LEVEL_5": "Parking Area", "TYPE": "Parking Area", "PART": "12", "Shape_Leng": 0.0, "Shape_Le_1": 0.0, "chk": null, "name1": null, "tempo": null, "Shape_Le_2": 358.48969603199998, "Shape_Area": 2157.1580803699999, "ORIG_FID": 36.0 }, "geometry": { "type": "Point", "coordinates": [ 75.806056749561733, 26.915477091195367 ] } },
{ "type": "Feature", "properties": { "OBJECTID_1": 204943.0, "OBJECTID_2": 0.0, "OBJECTID_3": 0.0, "OBJECTID": 22658.0, "SURVEYCOM": null, "GISCOM": null, "FCODE": "38", "SOFTLAYER": "LYRRECREATIONAL", "SOFTTABLE": null, "NUISCODE": "00-00-05-02", "NAME": null, "BUSARRIVNG": null, "FACILITIES": null, "LINE": null, "STAGING": null, "LOCATION": "AJMERI GATE", "STATUS": "Off-Street", "HOUSES": null, "FLOORS": null, "INVSTCATEG": null, "PRODCAPCTY": null, "QUALITY": null, "AIRPOLLUCS": null, "ETPUNITS": null, "INDWASTWTR": null, "TYPOFPOLLU": null, "CATEGORY": null, "PRESNTPOSI": null, "PRODVALUE": null, "EMPLOYMENT": null, "GSCAPINVST": null, "DATED": null, "CAPACITY": null, "PRODTYPE": null, "CONTACT": null, "INDUSTTYPE": null, "WARDNO": null, "FACILITI_1": null, "MAJORFEAT": null, "WARDNO_1": null, "NATROFINST": null, "COURSECODE": null, "INSTCODE": null, "CITYCODE": null, "DISTCODE": null, "YEAROFEST": null, "COURSES": null, "LEVELS": null, "BENEFCARY": null, "MGMT": null, "INSTTYPE": null, "DISPOPRACT": null, "TOTALBEDS": null, "PHONE": null, "MRI": null, "CTSCAN": null, "CCU": null, "ICU": null, "AMBULANCE": null, "TRAUMA": null, "BLOODSTRUN": null, "CEMOC": null, "AVL24HRS": null, "WASTEDISP": null, "OWNERSHIP": null, "DISTRICT": null, "TEHSIL": null, "VILLAGE": null, "ADDRESS": null, "DETAILS": null, "JURISDICT": null, "VECHDETAIL": null, "DEPARTMENT": null, "DETAILS_1": null, "OPRSTATS": null, "PLANTTYPE": null, "KV": null, "WSALETYPE": null, "LOCATION1": null, "SIZES": null, "FUELTYPE": null, "BRANCH": null, "BUSARRIV_1": null, "BUSDEPARTG": null, "OFFPHONE": null, "STDCODE": null, "CELLNUMBER": null, "CHFOFFICER": null, "DIMENSION": null, "CATEGORY_1": null, "GAUGE": null, "DAMTYPE": null, "LEGALSTATS": null, "FORESTTYPE": null, "DIVISION": null, "FORESTBLCK": null, "TEMP": null, "STATUS_1": null, "HEIGHT": null, "STAGING_1": null, "CAPACITY_1": null, "MINRSUSAGE": null, "MINERALS": null, "NUMOFYRS": null, "AREA": null, "DAMTYPE_1": null, "LEVEL_1": "Built Up", "LEVEL_2": "Built Up (Urban)", "LEVEL_3": "Recreational", "LEVEL_4": "Parking Area", "LEVEL_5": "Parking Area", "TYPE": "Parking Area", "PART": "12", "Shape_Leng": 0.0, "Shape_Le_1": 0.0, "chk": null, "name1": null, "tempo": null, "Shape_Le_2": 174.51221627000001, "Shape_Area": 1609.66207751, "ORIG_FID": 37.0 }, "geometry": { "type": "Point", "coordinates": [ 75.820343177024, 26.916597505100402 ] } },
{ "type": "Feature", "properties": { "OBJECTID_1": 205062.0, "OBJECTID_2": 0.0, "OBJECTID_3": 0.0, "OBJECTID": 24249.0, "SURVEYCOM": null, "GISCOM": null, "FCODE": "103", "SOFTLAYER": "LYRRECREATIONAL", "SOFTTABLE": null, "NUISCODE": "00-00-05-02", "NAME": null, "BUSARRIVNG": null, "FACILITIES": null, "LINE": null, "STAGING": null, "LOCATION": "M I ROAD", "STATUS": "On-Street", "HOUSES": null, "FLOORS": null, "INVSTCATEG": null, "PRODCAPCTY": null, "QUALITY": null, "AIRPOLLUCS": null, "ETPUNITS": null, "INDWASTWTR": null, "TYPOFPOLLU": null, "CATEGORY": null, "PRESNTPOSI": null, "PRODVALUE": null, "EMPLOYMENT": null, "GSCAPINVST": null, "DATED": null, "CAPACITY": null, "PRODTYPE": null, "CONTACT": null, "INDUSTTYPE": null, "WARDNO": null, "FACILITI_1": null, "MAJORFEAT": null, "WARDNO_1": null, "NATROFINST": null, "COURSECODE": null, "INSTCODE": null, "CITYCODE": null, "DISTCODE": null, "YEAROFEST": null, "COURSES": null, "LEVELS": null, "BENEFCARY": null, "MGMT": null, "INSTTYPE": null, "DISPOPRACT": null, "TOTALBEDS": null, "PHONE": null, "MRI": null, "CTSCAN": null, "CCU": null, "ICU": null, "AMBULANCE": null, "TRAUMA": null, "BLOODSTRUN": null, "CEMOC": null, "AVL24HRS": null, "WASTEDISP": null, "OWNERSHIP": null, "DISTRICT": null, "TEHSIL": null, "VILLAGE": null, "ADDRESS": null, "DETAILS": null, "JURISDICT": null, "VECHDETAIL": null, "DEPARTMENT": null, "DETAILS_1": null, "OPRSTATS": null, "PLANTTYPE": null, "KV": null, "WSALETYPE": null, "LOCATION1": null, "SIZES": null, "FUELTYPE": null, "BRANCH": null, "BUSARRIV_1": null, "BUSDEPARTG": null, "OFFPHONE": null, "STDCODE": null, "CELLNUMBER": null, "CHFOFFICER": null, "DIMENSION": null, "CATEGORY_1": null, "GAUGE": null, "DAMTYPE": null, "LEGALSTATS": null, "FORESTTYPE": null, "DIVISION": null, "FORESTBLCK": null, "TEMP": null, "STATUS_1": null, "HEIGHT": null, "STAGING_1": null, "CAPACITY_1": null, "MINRSUSAGE": null, "MINERALS": null, "NUMOFYRS": null, "AREA": null, "DAMTYPE_1": null, "LEVEL_1": "Built Up", "LEVEL_2": "Built Up (Urban)", "LEVEL_3": "Recreational", "LEVEL_4": "Parking Area", "LEVEL_5": "Parking Area", "TYPE": "Parking Area", "PART": "12", "Shape_Leng": 0.0, "Shape_Le_1": 0.0, "chk": null, "name1": null, "tempo": null, "Shape_Le_2": 231.45727481899999, "Shape_Area": 1463.6875, "ORIG_FID": 38.0 }, "geometry": { "type": "Point", "coordinates": [ 75.801840430091687, 26.918535516954076 ] } },
{ "type": "Feature", "properties": { "OBJECTID_1": 205256.0, "OBJECTID_2": 0.0, "OBJECTID_3": 0.0, "OBJECTID": 24249.0, "SURVEYCOM": null, "GISCOM": null, "FCODE": "103", "SOFTLAYER": "LYRRECREATIONAL", "SOFTTABLE": null, "NUISCODE": "00-00-05-02", "NAME": null, "BUSARRIVNG": null, "FACILITIES": null, "LINE": null, "STAGING": null, "LOCATION": "JALU PURA", "STATUS": "On-Street", "HOUSES": null, "FLOORS": null, "INVSTCATEG": null, "PRODCAPCTY": null, "QUALITY": null, "AIRPOLLUCS": null, "ETPUNITS": null, "INDWASTWTR": null, "TYPOFPOLLU": null, "CATEGORY": null, "PRESNTPOSI": null, "PRODVALUE": null, "EMPLOYMENT": null, "GSCAPINVST": null, "DATED": null, "CAPACITY": null, "PRODTYPE": null, "CONTACT": null, "INDUSTTYPE": null, "WARDNO": null, "FACILITI_1": null, "MAJORFEAT": null, "WARDNO_1": null, "NATROFINST": null, "COURSECODE": null, "INSTCODE": null, "CITYCODE": null, "DISTCODE": null, "YEAROFEST": null, "COURSES": null, "LEVELS": null, "BENEFCARY": null, "MGMT": null, "INSTTYPE": null, "DISPOPRACT": null, "TOTALBEDS": null, "PHONE": null, "MRI": null, "CTSCAN": null, "CCU": null, "ICU": null, "AMBULANCE": null, "TRAUMA": null, "BLOODSTRUN": null, "CEMOC": null, "AVL24HRS": null, "WASTEDISP": null, "OWNERSHIP": null, "DISTRICT": null, "TEHSIL": null, "VILLAGE": null, "ADDRESS": null, "DETAILS": null, "JURISDICT": null, "VECHDETAIL": null, "DEPARTMENT": null, "DETAILS_1": null, "OPRSTATS": null, "PLANTTYPE": null, "KV": null, "WSALETYPE": null, "LOCATION1": null, "SIZES": null, "FUELTYPE": null, "BRANCH": null, "BUSARRIV_1": null, "BUSDEPARTG": null, "OFFPHONE": null, "STDCODE": null, "CELLNUMBER": null, "CHFOFFICER": null, "DIMENSION": null, "CATEGORY_1": null, "GAUGE": null, "DAMTYPE": null, "LEGALSTATS": null, "FORESTTYPE": null, "DIVISION": null, "FORESTBLCK": null, "TEMP": null, "STATUS_1": null, "HEIGHT": null, "STAGING_1": null, "CAPACITY_1": null, "MINRSUSAGE": null, "MINERALS": null, "NUMOFYRS": null, "AREA": null, "DAMTYPE_1": null, "LEVEL_1": "Built Up", "LEVEL_2": "Built Up (Urban)", "LEVEL_3": "Recreational", "LEVEL_4": "Parking Area", "LEVEL_5": "Parking Area", "TYPE": "Parking Area", "PART": "12", "Shape_Leng": 0.0, "Shape_Le_1": 0.0, "chk": null, "name1": null, "tempo": null, "Shape_Le_2": 407.32599266800003, "Shape_Area": 1293.86717552, "ORIG_FID": 39.0 }, "geometry": { "type": "Point", "coordinates": [ 75.802153370484376, 26.920075889164153 ] } },
{ "type": "Feature", "properties": { "OBJECTID_1": 205363.0, "OBJECTID_2": 0.0, "OBJECTID_3": 0.0, "OBJECTID": 23189.0, "SURVEYCOM": null, "GISCOM": null, "FCODE": "63", "SOFTLAYER": "LYRRECREATIONAL", "SOFTTABLE": "TBLRECPARKINGAREA", "NUISCODE": "00-00-05-02", "NAME": null, "BUSARRIVNG": null, "FACILITIES": null, "LINE": null, "STAGING": null, "LOCATION": "KOTWALI SECTION NO. 8", "STATUS": "Off-Street", "HOUSES": null, "FLOORS": null, "INVSTCATEG": null, "PRODCAPCTY": null, "QUALITY": null, "AIRPOLLUCS": null, "ETPUNITS": null, "INDWASTWTR": null, "TYPOFPOLLU": null, "CATEGORY": null, "PRESNTPOSI": null, "PRODVALUE": null, "EMPLOYMENT": null, "GSCAPINVST": null, "DATED": null, "CAPACITY": null, "PRODTYPE": null, "CONTACT": null, "INDUSTTYPE": null, "WARDNO": null, "FACILITI_1": null, "MAJORFEAT": null, "WARDNO_1": null, "NATROFINST": null, "COURSECODE": null, "INSTCODE": null, "CITYCODE": null, "DISTCODE": null, "YEAROFEST": null, "COURSES": null, "LEVELS": null, "BENEFCARY": null, "MGMT": null, "INSTTYPE": null, "DISPOPRACT": null, "TOTALBEDS": null, "PHONE": null, "MRI": null, "CTSCAN": null, "CCU": null, "ICU": null, "AMBULANCE": null, "TRAUMA": null, "BLOODSTRUN": null, "CEMOC": null, "AVL24HRS": null, "WASTEDISP": null, "OWNERSHIP": null, "DISTRICT": null, "TEHSIL": null, "VILLAGE": null, "ADDRESS": null, "DETAILS": null, "JURISDICT": null, "VECHDETAIL": null, "DEPARTMENT": null, "DETAILS_1": null, "OPRSTATS": null, "PLANTTYPE": null, "KV": null, "WSALETYPE": null, "LOCATION1": null, "SIZES": null, "FUELTYPE": null, "BRANCH": null, "BUSARRIV_1": null, "BUSDEPARTG": null, "OFFPHONE": null, "STDCODE": null, "CELLNUMBER": null, "CHFOFFICER": null, "DIMENSION": null, "CATEGORY_1": null, "GAUGE": null, "DAMTYPE": null, "LEGALSTATS": null, "FORESTTYPE": null, "DIVISION": null, "FORESTBLCK": null, "TEMP": null, "STATUS_1": null, "HEIGHT": null, "STAGING_1": null, "CAPACITY_1": null, "MINRSUSAGE": null, "MINERALS": null, "NUMOFYRS": null, "AREA": null, "DAMTYPE_1": null, "LEVEL_1": "Built Up", "LEVEL_2": "Built Up (Urban)", "LEVEL_3": "Recreational", "LEVEL_4": "Parking Area", "LEVEL_5": "Parking Area", "TYPE": "Parking Area", "PART": "12", "Shape_Leng": 0.0, "Shape_Le_1": 0.0, "chk": null, "name1": null, "tempo": null, "Shape_Le_2": 103.894859682, "Shape_Area": 512.52383839499998, "ORIG_FID": 40.0 }, "geometry": { "type": "Point", "coordinates": [ 75.812201341931782, 26.918664514776406 ] } },
{ "type": "Feature", "properties": { "OBJECTID_1": 205800.0, "OBJECTID_2": 0.0, "OBJECTID_3": 0.0, "OBJECTID": 24249.0, "SURVEYCOM": null, "GISCOM": null, "FCODE": "103", "SOFTLAYER": "LYRRECREATIONAL", "SOFTTABLE": null, "NUISCODE": "00-00-05-02", "NAME": null, "BUSARRIVNG": null, "FACILITIES": null, "LINE": null, "STAGING": null, "LOCATION": "JALU PURA", "STATUS": "On-Street", "HOUSES": null, "FLOORS": null, "INVSTCATEG": null, "PRODCAPCTY": null, "QUALITY": null, "AIRPOLLUCS": null, "ETPUNITS": null, "INDWASTWTR": null, "TYPOFPOLLU": null, "CATEGORY": null, "PRESNTPOSI": null, "PRODVALUE": null, "EMPLOYMENT": null, "GSCAPINVST": null, "DATED": null, "CAPACITY": null, "PRODTYPE": null, "CONTACT": null, "INDUSTTYPE": null, "WARDNO": null, "FACILITI_1": null, "MAJORFEAT": null, "WARDNO_1": null, "NATROFINST": null, "COURSECODE": null, "INSTCODE": null, "CITYCODE": null, "DISTCODE": null, "YEAROFEST": null, "COURSES": null, "LEVELS": null, "BENEFCARY": null, "MGMT": null, "INSTTYPE": null, "DISPOPRACT": null, "TOTALBEDS": null, "PHONE": null, "MRI": null, "CTSCAN": null, "CCU": null, "ICU": null, "AMBULANCE": null, "TRAUMA": null, "BLOODSTRUN": null, "CEMOC": null, "AVL24HRS": null, "WASTEDISP": null, "OWNERSHIP": null, "DISTRICT": null, "TEHSIL": null, "VILLAGE": null, "ADDRESS": null, "DETAILS": null, "JURISDICT": null, "VECHDETAIL": null, "DEPARTMENT": null, "DETAILS_1": null, "OPRSTATS": null, "PLANTTYPE": null, "KV": null, "WSALETYPE": null, "LOCATION1": null, "SIZES": null, "FUELTYPE": null, "BRANCH": null, "BUSARRIV_1": null, "BUSDEPARTG": null, "OFFPHONE": null, "STDCODE": null, "CELLNUMBER": null, "CHFOFFICER": null, "DIMENSION": null, "CATEGORY_1": null, "GAUGE": null, "DAMTYPE": null, "LEGALSTATS": null, "FORESTTYPE": null, "DIVISION": null, "FORESTBLCK": null, "TEMP": null, "STATUS_1": null, "HEIGHT": null, "STAGING_1": null, "CAPACITY_1": null, "MINRSUSAGE": null, "MINERALS": null, "NUMOFYRS": null, "AREA": null, "DAMTYPE_1": null, "LEVEL_1": "Built Up", "LEVEL_2": "Built Up (Urban)", "LEVEL_3": "Recreational", "LEVEL_4": "Parking Area", "LEVEL_5": "Parking Area", "TYPE": "Parking Area", "PART": "12", "Shape_Leng": 0.0, "Shape_Le_1": 0.0, "chk": null, "name1": null, "tempo": null, "Shape_Le_2": 153.00424915799999, "Shape_Area": 579.032672, "ORIG_FID": 41.0 }, "geometry": { "type": "Point", "coordinates": [ 75.802918499867104, 26.920638028203079 ] } },
{ "type": "Feature", "properties": { "OBJECTID_1": 205898.0, "OBJECTID_2": 0.0, "OBJECTID_3": 0.0, "OBJECTID": 24249.0, "SURVEYCOM": null, "GISCOM": null, "FCODE": "103", "SOFTLAYER": "LYRRECREATIONAL", "SOFTTABLE": null, "NUISCODE": "00-00-05-02", "NAME": null, "BUSARRIVNG": null, "FACILITIES": null, "LINE": null, "STAGING": null, "LOCATION": "JALU PURA", "STATUS": "On-Street", "HOUSES": null, "FLOORS": null, "INVSTCATEG": null, "PRODCAPCTY": null, "QUALITY": null, "AIRPOLLUCS": null, "ETPUNITS": null, "INDWASTWTR": null, "TYPOFPOLLU": null, "CATEGORY": null, "PRESNTPOSI": null, "PRODVALUE": null, "EMPLOYMENT": null, "GSCAPINVST": null, "DATED": null, "CAPACITY": null, "PRODTYPE": null, "CONTACT": null, "INDUSTTYPE": null, "WARDNO": null, "FACILITI_1": null, "MAJORFEAT": null, "WARDNO_1": null, "NATROFINST": null, "COURSECODE": null, "INSTCODE": null, "CITYCODE": null, "DISTCODE": null, "YEAROFEST": null, "COURSES": null, "LEVELS": null, "BENEFCARY": null, "MGMT": null, "INSTTYPE": null, "DISPOPRACT": null, "TOTALBEDS": null, "PHONE": null, "MRI": null, "CTSCAN": null, "CCU": null, "ICU": null, "AMBULANCE": null, "TRAUMA": null, "BLOODSTRUN": null, "CEMOC": null, "AVL24HRS": null, "WASTEDISP": null, "OWNERSHIP": null, "DISTRICT": null, "TEHSIL": null, "VILLAGE": null, "ADDRESS": null, "DETAILS": null, "JURISDICT": null, "VECHDETAIL": null, "DEPARTMENT": null, "DETAILS_1": null, "OPRSTATS": null, "PLANTTYPE": null, "KV": null, "WSALETYPE": null, "LOCATION1": null, "SIZES": null, "FUELTYPE": null, "BRANCH": null, "BUSARRIV_1": null, "BUSDEPARTG": null, "OFFPHONE": null, "STDCODE": null, "CELLNUMBER": null, "CHFOFFICER": null, "DIMENSION": null, "CATEGORY_1": null, "GAUGE": null, "DAMTYPE": null, "LEGALSTATS": null, "FORESTTYPE": null, "DIVISION": null, "FORESTBLCK": null, "TEMP": null, "STATUS_1": null, "HEIGHT": null, "STAGING_1": null, "CAPACITY_1": null, "MINRSUSAGE": null, "MINERALS": null, "NUMOFYRS": null, "AREA": null, "DAMTYPE_1": null, "LEVEL_1": "Built Up", "LEVEL_2": "Built Up (Urban)", "LEVEL_3": "Recreational", "LEVEL_4": "Parking Area", "LEVEL_5": "Parking Area", "TYPE": "Parking Area", "PART": "12", "Shape_Leng": 0.0, "Shape_Le_1": 0.0, "chk": null, "name1": null, "tempo": null, "Shape_Le_2": 308.5729477, "Shape_Area": 1366.4304306900001, "ORIG_FID": 42.0 }, "geometry": { "type": "Point", "coordinates": [ 75.803643917666861, 26.921328956039357 ] } },
{ "type": "Feature", "properties": { "OBJECTID_1": 206046.0, "OBJECTID_2": 0.0, "OBJECTID_3": 0.0, "OBJECTID": 24249.0, "SURVEYCOM": null, "GISCOM": null, "FCODE": "103", "SOFTLAYER": "LYRRECREATIONAL", "SOFTTABLE": null, "NUISCODE": "00-00-05-02", "NAME": null, "BUSARRIVNG": null, "FACILITIES": null, "LINE": null, "STAGING": null, "LOCATION": "JALU PURA", "STATUS": "On-Street", "HOUSES": null, "FLOORS": null, "INVSTCATEG": null, "PRODCAPCTY": null, "QUALITY": null, "AIRPOLLUCS": null, "ETPUNITS": null, "INDWASTWTR": null, "TYPOFPOLLU": null, "CATEGORY": null, "PRESNTPOSI": null, "PRODVALUE": null, "EMPLOYMENT": null, "GSCAPINVST": null, "DATED": null, "CAPACITY": null, "PRODTYPE": null, "CONTACT": null, "INDUSTTYPE": null, "WARDNO": null, "FACILITI_1": null, "MAJORFEAT": null, "WARDNO_1": null, "NATROFINST": null, "COURSECODE": null, "INSTCODE": null, "CITYCODE": null, "DISTCODE": null, "YEAROFEST": null, "COURSES": null, "LEVELS": null, "BENEFCARY": null, "MGMT": null, "INSTTYPE": null, "DISPOPRACT": null, "TOTALBEDS": null, "PHONE": null, "MRI": null, "CTSCAN": null, "CCU": null, "ICU": null, "AMBULANCE": null, "TRAUMA": null, "BLOODSTRUN": null, "CEMOC": null, "AVL24HRS": null, "WASTEDISP": null, "OWNERSHIP": null, "DISTRICT": null, "TEHSIL": null, "VILLAGE": null, "ADDRESS": null, "DETAILS": null, "JURISDICT": null, "VECHDETAIL": null, "DEPARTMENT": null, "DETAILS_1": null, "OPRSTATS": null, "PLANTTYPE": null, "KV": null, "WSALETYPE": null, "LOCATION1": null, "SIZES": null, "FUELTYPE": null, "BRANCH": null, "BUSARRIV_1": null, "BUSDEPARTG": null, "OFFPHONE": null, "STDCODE": null, "CELLNUMBER": null, "CHFOFFICER": null, "DIMENSION": null, "CATEGORY_1": null, "GAUGE": null, "DAMTYPE": null, "LEGALSTATS": null, "FORESTTYPE": null, "DIVISION": null, "FORESTBLCK": null, "TEMP": null, "STATUS_1": null, "HEIGHT": null, "STAGING_1": null, "CAPACITY_1": null, "MINRSUSAGE": null, "MINERALS": null, "NUMOFYRS": null, "AREA": null, "DAMTYPE_1": null, "LEVEL_1": "Built Up", "LEVEL_2": "Built Up (Urban)", "LEVEL_3": "Recreational", "LEVEL_4": "Parking Area", "LEVEL_5": "Parking Area", "TYPE": "Parking Area", "PART": "12", "Shape_Leng": 0.0, "Shape_Le_1": 0.0, "chk": null, "name1": null, "tempo": null, "Shape_Le_2": 372.3806475, "Shape_Area": 1774.38701993, "ORIG_FID": 43.0 }, "geometry": { "type": "Point", "coordinates": [ 75.804546844391339, 26.921796692042189 ] } },
{ "type": "Feature", "properties": { "OBJECTID_1": 206102.0, "OBJECTID_2": 0.0, "OBJECTID_3": 0.0, "OBJECTID": 24377.0, "SURVEYCOM": null, "GISCOM": null, "FCODE": "63", "SOFTLAYER": "LYRRECREATIONAL", "SOFTTABLE": "TBLRECPARKINGAREA", "NUISCODE": "00-00-05-02", "NAME": null, "BUSARRIVNG": null, "FACILITIES": null, "LINE": null, "STAGING": null, "LOCATION": "CHOURA RASTA", "STATUS": "On-Street", "HOUSES": null, "FLOORS": null, "INVSTCATEG": null, "PRODCAPCTY": null, "QUALITY": null, "AIRPOLLUCS": null, "ETPUNITS": null, "INDWASTWTR": null, "TYPOFPOLLU": null, "CATEGORY": null, "PRESNTPOSI": null, "PRODVALUE": null, "EMPLOYMENT": null, "GSCAPINVST": null, "DATED": null, "CAPACITY": null, "PRODTYPE": null, "CONTACT": null, "INDUSTTYPE": null, "WARDNO": null, "FACILITI_1": null, "MAJORFEAT": null, "WARDNO_1": null, "NATROFINST": null, "COURSECODE": null, "INSTCODE": null, "CITYCODE": null, "DISTCODE": null, "YEAROFEST": null, "COURSES": null, "LEVELS": null, "BENEFCARY": null, "MGMT": null, "INSTTYPE": null, "DISPOPRACT": null, "TOTALBEDS": null, "PHONE": null, "MRI": null, "CTSCAN": null, "CCU": null, "ICU": null, "AMBULANCE": null, "TRAUMA": null, "BLOODSTRUN": null, "CEMOC": null, "AVL24HRS": null, "WASTEDISP": null, "OWNERSHIP": null, "DISTRICT": null, "TEHSIL": null, "VILLAGE": null, "ADDRESS": null, "DETAILS": null, "JURISDICT": null, "VECHDETAIL": null, "DEPARTMENT": null, "DETAILS_1": null, "OPRSTATS": null, "PLANTTYPE": null, "KV": null, "WSALETYPE": null, "LOCATION1": null, "SIZES": null, "FUELTYPE": null, "BRANCH": null, "BUSARRIV_1": null, "BUSDEPARTG": null, "OFFPHONE": null, "STDCODE": null, "CELLNUMBER": null, "CHFOFFICER": null, "DIMENSION": null, "CATEGORY_1": null, "GAUGE": null, "DAMTYPE": null, "LEGALSTATS": null, "FORESTTYPE": null, "DIVISION": null, "FORESTBLCK": null, "TEMP": null, "STATUS_1": null, "HEIGHT": null, "STAGING_1": null, "CAPACITY_1": null, "MINRSUSAGE": null, "MINERALS": null, "NUMOFYRS": null, "AREA": null, "DAMTYPE_1": null, "LEVEL_1": "Built Up", "LEVEL_2": "Built Up (Urban)", "LEVEL_3": "Recreational", "LEVEL_4": "Parking Area", "LEVEL_5": "Parking Area", "TYPE": "Parking Area", "PART": "12", "Shape_Leng": 0.0, "Shape_Le_1": 0.0, "chk": null, "name1": null, "tempo": null, "Shape_Le_2": 115.993038392, "Shape_Area": 381.34945782, "ORIG_FID": 44.0 }, "geometry": { "type": "Point", "coordinates": [ 75.818300803691599, 26.923516171787409 ] } },
{ "type": "Feature", "properties": { "OBJECTID_1": 206113.0, "OBJECTID_2": 0.0, "OBJECTID_3": 0.0, "OBJECTID": 24866.0, "SURVEYCOM": null, "GISCOM": null, "FCODE": "63", "SOFTLAYER": "LYRRECREATIONAL", "SOFTTABLE": "TBLRECPARKINGAREA", "NUISCODE": "00-00-05-02", "NAME": null, "BUSARRIVNG": null, "FACILITIES": null, "LINE": null, "STAGING": null, "LOCATION": "CHANDPOL", "STATUS": "On-Street", "HOUSES": null, "FLOORS": null, "INVSTCATEG": null, "PRODCAPCTY": null, "QUALITY": null, "AIRPOLLUCS": null, "ETPUNITS": null, "INDWASTWTR": null, "TYPOFPOLLU": null, "CATEGORY": null, "PRESNTPOSI": null, "PRODVALUE": null, "EMPLOYMENT": null, "GSCAPINVST": null, "DATED": null, "CAPACITY": null, "PRODTYPE": null, "CONTACT": null, "INDUSTTYPE": null, "WARDNO": null, "FACILITI_1": null, "MAJORFEAT": null, "WARDNO_1": null, "NATROFINST": null, "COURSECODE": null, "INSTCODE": null, "CITYCODE": null, "DISTCODE": null, "YEAROFEST": null, "COURSES": null, "LEVELS": null, "BENEFCARY": null, "MGMT": null, "INSTTYPE": null, "DISPOPRACT": null, "TOTALBEDS": null, "PHONE": null, "MRI": null, "CTSCAN": null, "CCU": null, "ICU": null, "AMBULANCE": null, "TRAUMA": null, "BLOODSTRUN": null, "CEMOC": null, "AVL24HRS": null, "WASTEDISP": null, "OWNERSHIP": null, "DISTRICT": null, "TEHSIL": null, "VILLAGE": null, "ADDRESS": null, "DETAILS": null, "JURISDICT": null, "VECHDETAIL": null, "DEPARTMENT": null, "DETAILS_1": null, "OPRSTATS": null, "PLANTTYPE": null, "KV": null, "WSALETYPE": null, "LOCATION1": null, "SIZES": null, "FUELTYPE": null, "BRANCH": null, "BUSARRIV_1": null, "BUSDEPARTG": null, "OFFPHONE": null, "STDCODE": null, "CELLNUMBER": null, "CHFOFFICER": null, "DIMENSION": null, "CATEGORY_1": null, "GAUGE": null, "DAMTYPE": null, "LEGALSTATS": null, "FORESTTYPE": null, "DIVISION": null, "FORESTBLCK": null, "TEMP": null, "STATUS_1": null, "HEIGHT": null, "STAGING_1": null, "CAPACITY_1": null, "MINRSUSAGE": null, "MINERALS": null, "NUMOFYRS": null, "AREA": null, "DAMTYPE_1": null, "LEVEL_1": "Built Up", "LEVEL_2": "Built Up (Urban)", "LEVEL_3": "Recreational", "LEVEL_4": "Parking Area", "LEVEL_5": "Parking Area", "TYPE": "Parking Area", "PART": "12", "Shape_Leng": 0.0, "Shape_Le_1": 0.0, "chk": null, "name1": null, "tempo": null, "Shape_Le_2": 113.254519954, "Shape_Area": 476.58783471300001, "ORIG_FID": 45.0 }, "geometry": { "type": "Point", "coordinates": [ 75.808629067287825, 26.92595111995567 ] } },
{ "type": "Feature", "properties": { "OBJECTID_1": 206143.0, "OBJECTID_2": 0.0, "OBJECTID_3": 0.0, "OBJECTID": 24249.0, "SURVEYCOM": null, "GISCOM": null, "FCODE": "103", "SOFTLAYER": "LYRRECREATIONAL", "SOFTTABLE": null, "NUISCODE": "00-00-05-02", "NAME": null, "BUSARRIVNG": null, "FACILITIES": null, "LINE": null, "STAGING": null, "LOCATION": "JALU PURA", "STATUS": "On-Street", "HOUSES": null, "FLOORS": null, "INVSTCATEG": null, "PRODCAPCTY": null, "QUALITY": null, "AIRPOLLUCS": null, "ETPUNITS": null, "INDWASTWTR": null, "TYPOFPOLLU": null, "CATEGORY": null, "PRESNTPOSI": null, "PRODVALUE": null, "EMPLOYMENT": null, "GSCAPINVST": null, "DATED": null, "CAPACITY": null, "PRODTYPE": null, "CONTACT": null, "INDUSTTYPE": null, "WARDNO": null, "FACILITI_1": null, "MAJORFEAT": null, "WARDNO_1": null, "NATROFINST": null, "COURSECODE": null, "INSTCODE": null, "CITYCODE": null, "DISTCODE": null, "YEAROFEST": null, "COURSES": null, "LEVELS": null, "BENEFCARY": null, "MGMT": null, "INSTTYPE": null, "DISPOPRACT": null, "TOTALBEDS": null, "PHONE": null, "MRI": null, "CTSCAN": null, "CCU": null, "ICU": null, "AMBULANCE": null, "TRAUMA": null, "BLOODSTRUN": null, "CEMOC": null, "AVL24HRS": null, "WASTEDISP": null, "OWNERSHIP": null, "DISTRICT": null, "TEHSIL": null, "VILLAGE": null, "ADDRESS": null, "DETAILS": null, "JURISDICT": null, "VECHDETAIL": null, "DEPARTMENT": null, "DETAILS_1": null, "OPRSTATS": null, "PLANTTYPE": null, "KV": null, "WSALETYPE": null, "LOCATION1": null, "SIZES": null, "FUELTYPE": null, "BRANCH": null, "BUSARRIV_1": null, "BUSDEPARTG": null, "OFFPHONE": null, "STDCODE": null, "CELLNUMBER": null, "CHFOFFICER": null, "DIMENSION": null, "CATEGORY_1": null, "GAUGE": null, "DAMTYPE": null, "LEGALSTATS": null, "FORESTTYPE": null, "DIVISION": null, "FORESTBLCK": null, "TEMP": null, "STATUS_1": null, "HEIGHT": null, "STAGING_1": null, "CAPACITY_1": null, "MINRSUSAGE": null, "MINERALS": null, "NUMOFYRS": null, "AREA": null, "DAMTYPE_1": null, "LEVEL_1": "Built Up", "LEVEL_2": "Built Up (Urban)", "LEVEL_3": "Recreational", "LEVEL_4": "Parking Area", "LEVEL_5": "Parking Area", "TYPE": "Parking Area", "PART": "12", "Shape_Leng": 0.0, "Shape_Le_1": 0.0, "chk": null, "name1": null, "tempo": null, "Shape_Le_2": 349.80235722499998, "Shape_Area": 1741.7113706099999, "ORIG_FID": 46.0 }, "geometry": { "type": "Point", "coordinates": [ 75.805153536598795, 26.922631972955607 ] } },
{ "type": "Feature", "properties": { "OBJECTID_1": 206294.0, "OBJECTID_2": 0.0, "OBJECTID_3": 0.0, "OBJECTID": 24413.0, "SURVEYCOM": null, "GISCOM": null, "FCODE": "63", "SOFTLAYER": "LYRRECREATIONAL", "SOFTTABLE": "TBLRECPARKINGAREA", "NUISCODE": "00-00-05-02", "NAME": null, "BUSARRIVNG": null, "FACILITIES": null, "LINE": null, "STAGING": null, "LOCATION": "SINDHI CAMP", "STATUS": "On-Street", "HOUSES": null, "FLOORS": null, "INVSTCATEG": null, "PRODCAPCTY": null, "QUALITY": null, "AIRPOLLUCS": null, "ETPUNITS": null, "INDWASTWTR": null, "TYPOFPOLLU": null, "CATEGORY": null, "PRESNTPOSI": null, "PRODVALUE": null, "EMPLOYMENT": null, "GSCAPINVST": null, "DATED": null, "CAPACITY": null, "PRODTYPE": null, "CONTACT": null, "INDUSTTYPE": null, "WARDNO": null, "FACILITI_1": null, "MAJORFEAT": null, "WARDNO_1": null, "NATROFINST": null, "COURSECODE": null, "INSTCODE": null, "CITYCODE": null, "DISTCODE": null, "YEAROFEST": null, "COURSES": null, "LEVELS": null, "BENEFCARY": null, "MGMT": null, "INSTTYPE": null, "DISPOPRACT": null, "TOTALBEDS": null, "PHONE": null, "MRI": null, "CTSCAN": null, "CCU": null, "ICU": null, "AMBULANCE": null, "TRAUMA": null, "BLOODSTRUN": null, "CEMOC": null, "AVL24HRS": null, "WASTEDISP": null, "OWNERSHIP": null, "DISTRICT": null, "TEHSIL": null, "VILLAGE": null, "ADDRESS": null, "DETAILS": null, "JURISDICT": null, "VECHDETAIL": null, "DEPARTMENT": null, "DETAILS_1": null, "OPRSTATS": null, "PLANTTYPE": null, "KV": null, "WSALETYPE": null, "LOCATION1": null, "SIZES": null, "FUELTYPE": null, "BRANCH": null, "BUSARRIV_1": null, "BUSDEPARTG": null, "OFFPHONE": null, "STDCODE": null, "CELLNUMBER": null, "CHFOFFICER": null, "DIMENSION": null, "CATEGORY_1": null, "GAUGE": null, "DAMTYPE": null, "LEGALSTATS": null, "FORESTTYPE": null, "DIVISION": null, "FORESTBLCK": null, "TEMP": null, "STATUS_1": null, "HEIGHT": null, "STAGING_1": null, "CAPACITY_1": null, "MINRSUSAGE": null, "MINERALS": null, "NUMOFYRS": null, "AREA": null, "DAMTYPE_1": null, "LEVEL_1": "Built Up", "LEVEL_2": "Built Up (Urban)", "LEVEL_3": "Recreational", "LEVEL_4": "Parking Area", "LEVEL_5": "Parking Area", "TYPE": "Parking Area", "PART": "12", "Shape_Leng": 0.0, "Shape_Le_1": 0.0, "chk": null, "name1": null, "tempo": null, "Shape_Le_2": 490.985133238, "Shape_Area": 2566.3528948600001, "ORIG_FID": 47.0 }, "geometry": { "type": "Point", "coordinates": [ 75.802346615652922, 26.923543829234486 ] } },
{ "type": "Feature", "properties": { "OBJECTID_1": 206329.0, "OBJECTID_2": 0.0, "OBJECTID_3": 0.0, "OBJECTID": 24459.0, "SURVEYCOM": null, "GISCOM": null, "FCODE": "63", "SOFTLAYER": "LYRRECREATIONAL", "SOFTTABLE": "TBLRECPARKINGAREA", "NUISCODE": "00-00-05-02", "NAME": null, "BUSARRIVNG": null, "FACILITIES": null, "LINE": null, "STAGING": null, "LOCATION": "CHOURA RASTA", "STATUS": "On-Street", "HOUSES": null, "FLOORS": null, "INVSTCATEG": null, "PRODCAPCTY": null, "QUALITY": null, "AIRPOLLUCS": null, "ETPUNITS": null, "INDWASTWTR": null, "TYPOFPOLLU": null, "CATEGORY": null, "PRESNTPOSI": null, "PRODVALUE": null, "EMPLOYMENT": null, "GSCAPINVST": null, "DATED": null, "CAPACITY": null, "PRODTYPE": null, "CONTACT": null, "INDUSTTYPE": null, "WARDNO": null, "FACILITI_1": null, "MAJORFEAT": null, "WARDNO_1": null, "NATROFINST": null, "COURSECODE": null, "INSTCODE": null, "CITYCODE": null, "DISTCODE": null, "YEAROFEST": null, "COURSES": null, "LEVELS": null, "BENEFCARY": null, "MGMT": null, "INSTTYPE": null, "DISPOPRACT": null, "TOTALBEDS": null, "PHONE": null, "MRI": null, "CTSCAN": null, "CCU": null, "ICU": null, "AMBULANCE": null, "TRAUMA": null, "BLOODSTRUN": null, "CEMOC": null, "AVL24HRS": null, "WASTEDISP": null, "OWNERSHIP": null, "DISTRICT": null, "TEHSIL": null, "VILLAGE": null, "ADDRESS": null, "DETAILS": null, "JURISDICT": null, "VECHDETAIL": null, "DEPARTMENT": null, "DETAILS_1": null, "OPRSTATS": null, "PLANTTYPE": null, "KV": null, "WSALETYPE": null, "LOCATION1": null, "SIZES": null, "FUELTYPE": null, "BRANCH": null, "BUSARRIV_1": null, "BUSDEPARTG": null, "OFFPHONE": null, "STDCODE": null, "CELLNUMBER": null, "CHFOFFICER": null, "DIMENSION": null, "CATEGORY_1": null, "GAUGE": null, "DAMTYPE": null, "LEGALSTATS": null, "FORESTTYPE": null, "DIVISION": null, "FORESTBLCK": null, "TEMP": null, "STATUS_1": null, "HEIGHT": null, "STAGING_1": null, "CAPACITY_1": null, "MINRSUSAGE": null, "MINERALS": null, "NUMOFYRS": null, "AREA": null, "DAMTYPE_1": null, "LEVEL_1": "Built Up", "LEVEL_2": "Built Up (Urban)", "LEVEL_3": "Recreational", "LEVEL_4": "Parking Area", "LEVEL_5": "Parking Area", "TYPE": "Parking Area", "PART": "12", "Shape_Leng": 0.0, "Shape_Le_1": 0.0, "chk": null, "name1": null, "tempo": null, "Shape_Le_2": 103.973162462, "Shape_Area": 223.66807183700001, "ORIG_FID": 48.0 }, "geometry": { "type": "Point", "coordinates": [ 75.818395611815333, 26.92393975836341 ] } },
{ "type": "Feature", "properties": { "OBJECTID_1": 206456.0, "OBJECTID_2": 0.0, "OBJECTID_3": 0.0, "OBJECTID": 24582.0, "SURVEYCOM": null, "GISCOM": null, "FCODE": "63", "SOFTLAYER": "LYRRECREATIONAL", "SOFTTABLE": "TBLRECPARKINGAREA", "NUISCODE": "00-00-05-02", "NAME": null, "BUSARRIVNG": null, "FACILITIES": null, "LINE": null, "STAGING": null, "LOCATION": "CHANDPOL", "STATUS": "On-Street", "HOUSES": null, "FLOORS": null, "INVSTCATEG": null, "PRODCAPCTY": null, "QUALITY": null, "AIRPOLLUCS": null, "ETPUNITS": null, "INDWASTWTR": null, "TYPOFPOLLU": null, "CATEGORY": null, "PRESNTPOSI": null, "PRODVALUE": null, "EMPLOYMENT": null, "GSCAPINVST": null, "DATED": null, "CAPACITY": null, "PRODTYPE": null, "CONTACT": null, "INDUSTTYPE": null, "WARDNO": null, "FACILITI_1": null, "MAJORFEAT": null, "WARDNO_1": null, "NATROFINST": null, "COURSECODE": null, "INSTCODE": null, "CITYCODE": null, "DISTCODE": null, "YEAROFEST": null, "COURSES": null, "LEVELS": null, "BENEFCARY": null, "MGMT": null, "INSTTYPE": null, "DISPOPRACT": null, "TOTALBEDS": null, "PHONE": null, "MRI": null, "CTSCAN": null, "CCU": null, "ICU": null, "AMBULANCE": null, "TRAUMA": null, "BLOODSTRUN": null, "CEMOC": null, "AVL24HRS": null, "WASTEDISP": null, "OWNERSHIP": null, "DISTRICT": null, "TEHSIL": null, "VILLAGE": null, "ADDRESS": null, "DETAILS": null, "JURISDICT": null, "VECHDETAIL": null, "DEPARTMENT": null, "DETAILS_1": null, "OPRSTATS": null, "PLANTTYPE": null, "KV": null, "WSALETYPE": null, "LOCATION1": null, "SIZES": null, "FUELTYPE": null, "BRANCH": null, "BUSARRIV_1": null, "BUSDEPARTG": null, "OFFPHONE": null, "STDCODE": null, "CELLNUMBER": null, "CHFOFFICER": null, "DIMENSION": null, "CATEGORY_1": null, "GAUGE": null, "DAMTYPE": null, "LEGALSTATS": null, "FORESTTYPE": null, "DIVISION": null, "FORESTBLCK": null, "TEMP": null, "STATUS_1": null, "HEIGHT": null, "STAGING_1": null, "CAPACITY_1": null, "MINRSUSAGE": null, "MINERALS": null, "NUMOFYRS": null, "AREA": null, "DAMTYPE_1": null, "LEVEL_1": "Built Up", "LEVEL_2": "Built Up (Urban)", "LEVEL_3": "Recreational", "LEVEL_4": "Parking Area", "LEVEL_5": "Parking Area", "TYPE": "Parking Area", "PART": "12", "Shape_Leng": 0.0, "Shape_Le_1": 0.0, "chk": null, "name1": null, "tempo": null, "Shape_Le_2": 91.554944457700003, "Shape_Area": 481.265654262, "ORIG_FID": 49.0 }, "geometry": { "type": "Point", "coordinates": [ 75.808479003667472, 26.925601477132805 ] } },
{ "type": "Feature", "properties": { "OBJECTID_1": 206458.0, "OBJECTID_2": 0.0, "OBJECTID_3": 0.0, "OBJECTID": 24584.0, "SURVEYCOM": null, "GISCOM": null, "FCODE": "63", "SOFTLAYER": "LYRRECREATIONAL", "SOFTTABLE": "TBLRECPARKINGAREA", "NUISCODE": "00-00-05-02", "NAME": null, "BUSARRIVNG": null, "FACILITIES": null, "LINE": null, "STAGING": null, "LOCATION": "CHANDPOL", "STATUS": "On-Street", "HOUSES": null, "FLOORS": null, "INVSTCATEG": null, "PRODCAPCTY": null, "QUALITY": null, "AIRPOLLUCS": null, "ETPUNITS": null, "INDWASTWTR": null, "TYPOFPOLLU": null, "CATEGORY": null, "PRESNTPOSI": null, "PRODVALUE": null, "EMPLOYMENT": null, "GSCAPINVST": null, "DATED": null, "CAPACITY": null, "PRODTYPE": null, "CONTACT": null, "INDUSTTYPE": null, "WARDNO": null, "FACILITI_1": null, "MAJORFEAT": null, "WARDNO_1": null, "NATROFINST": null, "COURSECODE": null, "INSTCODE": null, "CITYCODE": null, "DISTCODE": null, "YEAROFEST": null, "COURSES": null, "LEVELS": null, "BENEFCARY": null, "MGMT": null, "INSTTYPE": null, "DISPOPRACT": null, "TOTALBEDS": null, "PHONE": null, "MRI": null, "CTSCAN": null, "CCU": null, "ICU": null, "AMBULANCE": null, "TRAUMA": null, "BLOODSTRUN": null, "CEMOC": null, "AVL24HRS": null, "WASTEDISP": null, "OWNERSHIP": null, "DISTRICT": null, "TEHSIL": null, "VILLAGE": null, "ADDRESS": null, "DETAILS": null, "JURISDICT": null, "VECHDETAIL": null, "DEPARTMENT": null, "DETAILS_1": null, "OPRSTATS": null, "PLANTTYPE": null, "KV": null, "WSALETYPE": null, "LOCATION1": null, "SIZES": null, "FUELTYPE": null, "BRANCH": null, "BUSARRIV_1": null, "BUSDEPARTG": null, "OFFPHONE": null, "STDCODE": null, "CELLNUMBER": null, "CHFOFFICER": null, "DIMENSION": null, "CATEGORY_1": null, "GAUGE": null, "DAMTYPE": null, "LEGALSTATS": null, "FORESTTYPE": null, "DIVISION": null, "FORESTBLCK": null, "TEMP": null, "STATUS_1": null, "HEIGHT": null, "STAGING_1": null, "CAPACITY_1": null, "MINRSUSAGE": null, "MINERALS": null, "NUMOFYRS": null, "AREA": null, "DAMTYPE_1": null, "LEVEL_1": "Built Up", "LEVEL_2": "Built Up (Urban)", "LEVEL_3": "Recreational", "LEVEL_4": "Parking Area", "LEVEL_5": "Parking Area", "TYPE": "Parking Area", "PART": "12", "Shape_Leng": 0.0, "Shape_Le_1": 0.0, "chk": null, "name1": null, "tempo": null, "Shape_Le_2": 120.107509286, "Shape_Area": 416.91775623799998, "ORIG_FID": 50.0 }, "geometry": { "type": "Point", "coordinates": [ 75.806355607592579, 26.925589274993118 ] } },
{ "type": "Feature", "properties": { "OBJECTID_1": 206521.0, "OBJECTID_2": 0.0, "OBJECTID_3": 0.0, "OBJECTID": 24666.0, "SURVEYCOM": null, "GISCOM": null, "FCODE": "63", "SOFTLAYER": "LYRRECREATIONAL", "SOFTTABLE": "TBLRECPARKINGAREA", "NUISCODE": "00-00-05-02", "NAME": null, "BUSARRIVNG": null, "FACILITIES": null, "LINE": null, "STAGING": null, "LOCATION": "JALEB CHOWK", "STATUS": "Off-Street", "HOUSES": null, "FLOORS": null, "INVSTCATEG": null, "PRODCAPCTY": null, "QUALITY": null, "AIRPOLLUCS": null, "ETPUNITS": null, "INDWASTWTR": null, "TYPOFPOLLU": null, "CATEGORY": null, "PRESNTPOSI": null, "PRODVALUE": null, "EMPLOYMENT": null, "GSCAPINVST": null, "DATED": null, "CAPACITY": null, "PRODTYPE": null, "CONTACT": null, "INDUSTTYPE": null, "WARDNO": null, "FACILITI_1": null, "MAJORFEAT": null, "WARDNO_1": null, "NATROFINST": null, "COURSECODE": null, "INSTCODE": null, "CITYCODE": null, "DISTCODE": null, "YEAROFEST": null, "COURSES": null, "LEVELS": null, "BENEFCARY": null, "MGMT": null, "INSTTYPE": null, "DISPOPRACT": null, "TOTALBEDS": null, "PHONE": null, "MRI": null, "CTSCAN": null, "CCU": null, "ICU": null, "AMBULANCE": null, "TRAUMA": null, "BLOODSTRUN": null, "CEMOC": null, "AVL24HRS": null, "WASTEDISP": null, "OWNERSHIP": null, "DISTRICT": null, "TEHSIL": null, "VILLAGE": null, "ADDRESS": null, "DETAILS": null, "JURISDICT": null, "VECHDETAIL": null, "DEPARTMENT": null, "DETAILS_1": null, "OPRSTATS": null, "PLANTTYPE": null, "KV": null, "WSALETYPE": null, "LOCATION1": null, "SIZES": null, "FUELTYPE": null, "BRANCH": null, "BUSARRIV_1": null, "BUSDEPARTG": null, "OFFPHONE": null, "STDCODE": null, "CELLNUMBER": null, "CHFOFFICER": null, "DIMENSION": null, "CATEGORY_1": null, "GAUGE": null, "DAMTYPE": null, "LEGALSTATS": null, "FORESTTYPE": null, "DIVISION": null, "FORESTBLCK": null, "TEMP": null, "STATUS_1": null, "HEIGHT": null, "STAGING_1": null, "CAPACITY_1": null, "MINRSUSAGE": null, "MINERALS": null, "NUMOFYRS": null, "AREA": null, "DAMTYPE_1": null, "LEVEL_1": "Built Up", "LEVEL_2": "Built Up (Urban)", "LEVEL_3": "Recreational", "LEVEL_4": "Parking Area", "LEVEL_5": "Parking Area", "TYPE": "Parking Area", "PART": "12", "Shape_Leng": 0.0, "Shape_Le_1": 0.0, "chk": null, "name1": null, "tempo": null, "Shape_Le_2": 575.29397358100005, "Shape_Area": 6369.578125, "ORIG_FID": 51.0 }, "geometry": { "type": "Point", "coordinates": [ 75.820698746041714, 26.924739596026061 ] } },
{ "type": "Feature", "properties": { "OBJECTID_1": 206579.0, "OBJECTID_2": 0.0, "OBJECTID_3": 0.0, "OBJECTID": 24737.0, "SURVEYCOM": null, "GISCOM": null, "FCODE": "63", "SOFTLAYER": "LYRRECREATIONAL", "SOFTTABLE": "TBLRECPARKINGAREA", "NUISCODE": "00-00-05-02", "NAME": null, "BUSARRIVNG": null, "FACILITIES": null, "LINE": null, "STAGING": null, "LOCATION": "JALEB CHOWK", "STATUS": "Off-Street", "HOUSES": null, "FLOORS": null, "INVSTCATEG": null, "PRODCAPCTY": null, "QUALITY": null, "AIRPOLLUCS": null, "ETPUNITS": null, "INDWASTWTR": null, "TYPOFPOLLU": null, "CATEGORY": null, "PRESNTPOSI": null, "PRODVALUE": null, "EMPLOYMENT": null, "GSCAPINVST": null, "DATED": null, "CAPACITY": null, "PRODTYPE": null, "CONTACT": null, "INDUSTTYPE": null, "WARDNO": null, "FACILITI_1": null, "MAJORFEAT": null, "WARDNO_1": null, "NATROFINST": null, "COURSECODE": null, "INSTCODE": null, "CITYCODE": null, "DISTCODE": null, "YEAROFEST": null, "COURSES": null, "LEVELS": null, "BENEFCARY": null, "MGMT": null, "INSTTYPE": null, "DISPOPRACT": null, "TOTALBEDS": null, "PHONE": null, "MRI": null, "CTSCAN": null, "CCU": null, "ICU": null, "AMBULANCE": null, "TRAUMA": null, "BLOODSTRUN": null, "CEMOC": null, "AVL24HRS": null, "WASTEDISP": null, "OWNERSHIP": null, "DISTRICT": null, "TEHSIL": null, "VILLAGE": null, "ADDRESS": null, "DETAILS": null, "JURISDICT": null, "VECHDETAIL": null, "DEPARTMENT": null, "DETAILS_1": null, "OPRSTATS": null, "PLANTTYPE": null, "KV": null, "WSALETYPE": null, "LOCATION1": null, "SIZES": null, "FUELTYPE": null, "BRANCH": null, "BUSARRIV_1": null, "BUSDEPARTG": null, "OFFPHONE": null, "STDCODE": null, "CELLNUMBER": null, "CHFOFFICER": null, "DIMENSION": null, "CATEGORY_1": null, "GAUGE": null, "DAMTYPE": null, "LEGALSTATS": null, "FORESTTYPE": null, "DIVISION": null, "FORESTBLCK": null, "TEMP": null, "STATUS_1": null, "HEIGHT": null, "STAGING_1": null, "CAPACITY_1": null, "MINRSUSAGE": null, "MINERALS": null, "NUMOFYRS": null, "AREA": null, "DAMTYPE_1": null, "LEVEL_1": "Built Up", "LEVEL_2": "Built Up (Urban)", "LEVEL_3": "Recreational", "LEVEL_4": "Parking Area", "LEVEL_5": "Parking Area", "TYPE": "Parking Area", "PART": "12", "Shape_Leng": 0.0, "Shape_Le_1": 0.0, "chk": null, "name1": null, "tempo": null, "Shape_Le_2": 109.555418538, "Shape_Area": 489.14594569299999, "ORIG_FID": 52.0 }, "geometry": { "type": "Point", "coordinates": [ 75.824698971972609, 26.925326634743019 ] } },
{ "type": "Feature", "properties": { "OBJECTID_1": 206762.0, "OBJECTID_2": 0.0, "OBJECTID_3": 0.0, "OBJECTID": 25023.0, "SURVEYCOM": null, "GISCOM": null, "FCODE": "63", "SOFTLAYER": "LYRRECREATIONAL", "SOFTTABLE": "TBLRECPARKINGAREA", "NUISCODE": "00-00-05-02", "NAME": null, "BUSARRIVNG": null, "FACILITIES": null, "LINE": null, "STAGING": null, "LOCATION": "CHANDPOL", "STATUS": "Off-Street", "HOUSES": null, "FLOORS": null, "INVSTCATEG": null, "PRODCAPCTY": null, "QUALITY": null, "AIRPOLLUCS": null, "ETPUNITS": null, "INDWASTWTR": null, "TYPOFPOLLU": null, "CATEGORY": null, "PRESNTPOSI": null, "PRODVALUE": null, "EMPLOYMENT": null, "GSCAPINVST": null, "DATED": null, "CAPACITY": null, "PRODTYPE": null, "CONTACT": null, "INDUSTTYPE": null, "WARDNO": null, "FACILITI_1": null, "MAJORFEAT": null, "WARDNO_1": null, "NATROFINST": null, "COURSECODE": null, "INSTCODE": null, "CITYCODE": null, "DISTCODE": null, "YEAROFEST": null, "COURSES": null, "LEVELS": null, "BENEFCARY": null, "MGMT": null, "INSTTYPE": null, "DISPOPRACT": null, "TOTALBEDS": null, "PHONE": null, "MRI": null, "CTSCAN": null, "CCU": null, "ICU": null, "AMBULANCE": null, "TRAUMA": null, "BLOODSTRUN": null, "CEMOC": null, "AVL24HRS": null, "WASTEDISP": null, "OWNERSHIP": null, "DISTRICT": null, "TEHSIL": null, "VILLAGE": null, "ADDRESS": null, "DETAILS": null, "JURISDICT": null, "VECHDETAIL": null, "DEPARTMENT": null, "DETAILS_1": null, "OPRSTATS": null, "PLANTTYPE": null, "KV": null, "WSALETYPE": null, "LOCATION1": null, "SIZES": null, "FUELTYPE": null, "BRANCH": null, "BUSARRIV_1": null, "BUSDEPARTG": null, "OFFPHONE": null, "STDCODE": null, "CELLNUMBER": null, "CHFOFFICER": null, "DIMENSION": null, "CATEGORY_1": null, "GAUGE": null, "DAMTYPE": null, "LEGALSTATS": null, "FORESTTYPE": null, "DIVISION": null, "FORESTBLCK": null, "TEMP": null, "STATUS_1": null, "HEIGHT": null, "STAGING_1": null, "CAPACITY_1": null, "MINRSUSAGE": null, "MINERALS": null, "NUMOFYRS": null, "AREA": null, "DAMTYPE_1": null, "LEVEL_1": "Built Up", "LEVEL_2": "Built Up (Urban)", "LEVEL_3": "Recreational", "LEVEL_4": "Parking Area", "LEVEL_5": "Parking Area", "TYPE": "Parking Area", "PART": "12", "Shape_Leng": 0.0, "Shape_Le_1": 0.0, "chk": null, "name1": null, "tempo": null, "Shape_Le_2": 187.522529249, "Shape_Area": 972.723776628, "ORIG_FID": 53.0 }, "geometry": { "type": "Point", "coordinates": [ 75.809196156089257, 26.926747933996023 ] } },
{ "type": "Feature", "properties": { "OBJECTID_1": 207030.0, "OBJECTID_2": 0.0, "OBJECTID_3": 0.0, "OBJECTID": 25420.0, "SURVEYCOM": null, "GISCOM": null, "FCODE": null, "SOFTLAYER": "LYRRECREATIONAL", "SOFTTABLE": null, "NUISCODE": "00-00-05-02", "NAME": null, "BUSARRIVNG": null, "FACILITIES": null, "LINE": null, "STAGING": null, "LOCATION": "JANTA MARKET", "STATUS": "On-Street", "HOUSES": null, "FLOORS": null, "INVSTCATEG": null, "PRODCAPCTY": null, "QUALITY": null, "AIRPOLLUCS": null, "ETPUNITS": null, "INDWASTWTR": null, "TYPOFPOLLU": null, "CATEGORY": null, "PRESNTPOSI": null, "PRODVALUE": null, "EMPLOYMENT": null, "GSCAPINVST": null, "DATED": null, "CAPACITY": null, "PRODTYPE": null, "CONTACT": null, "INDUSTTYPE": null, "WARDNO": null, "FACILITI_1": null, "MAJORFEAT": null, "WARDNO_1": null, "NATROFINST": null, "COURSECODE": null, "INSTCODE": null, "CITYCODE": null, "DISTCODE": null, "YEAROFEST": null, "COURSES": null, "LEVELS": null, "BENEFCARY": null, "MGMT": null, "INSTTYPE": null, "DISPOPRACT": null, "TOTALBEDS": null, "PHONE": null, "MRI": null, "CTSCAN": null, "CCU": null, "ICU": null, "AMBULANCE": null, "TRAUMA": null, "BLOODSTRUN": null, "CEMOC": null, "AVL24HRS": null, "WASTEDISP": null, "OWNERSHIP": null, "DISTRICT": null, "TEHSIL": null, "VILLAGE": null, "ADDRESS": null, "DETAILS": null, "JURISDICT": null, "VECHDETAIL": null, "DEPARTMENT": null, "DETAILS_1": null, "OPRSTATS": null, "PLANTTYPE": null, "KV": null, "WSALETYPE": null, "LOCATION1": null, "SIZES": null, "FUELTYPE": null, "BRANCH": null, "BUSARRIV_1": null, "BUSDEPARTG": null, "OFFPHONE": null, "STDCODE": null, "CELLNUMBER": null, "CHFOFFICER": null, "DIMENSION": null, "CATEGORY_1": null, "GAUGE": null, "DAMTYPE": null, "LEGALSTATS": null, "FORESTTYPE": null, "DIVISION": null, "FORESTBLCK": null, "TEMP": null, "STATUS_1": null, "HEIGHT": null, "STAGING_1": null, "CAPACITY_1": null, "MINRSUSAGE": null, "MINERALS": null, "NUMOFYRS": null, "AREA": null, "DAMTYPE_1": null, "LEVEL_1": "Built Up", "LEVEL_2": "Built Up (Urban)", "LEVEL_3": "Recreational", "LEVEL_4": "Parking Area", "LEVEL_5": "Parking Area", "TYPE": "Parking Area", "PART": "12", "Shape_Leng": 0.0, "Shape_Le_1": 0.0, "chk": null, "name1": null, "tempo": null, "Shape_Le_2": 315.24452226300002, "Shape_Area": 1724.89882833, "ORIG_FID": 54.0 }, "geometry": { "type": "Point", "coordinates": [ 75.826665815080943, 26.928529210847135 ] } },
{ "type": "Feature", "properties": { "OBJECTID_1": 207209.0, "OBJECTID_2": 0.0, "OBJECTID_3": 0.0, "OBJECTID": 25637.0, "SURVEYCOM": null, "GISCOM": null, "FCODE": "116", "SOFTLAYER": "LYRRECREATIONAL", "SOFTTABLE": null, "NUISCODE": "00-00-05-02", "NAME": null, "BUSARRIVNG": null, "FACILITIES": null, "LINE": null, "STAGING": null, "LOCATION": "CHANDPOL", "STATUS": "On-Street", "HOUSES": null, "FLOORS": null, "INVSTCATEG": null, "PRODCAPCTY": null, "QUALITY": null, "AIRPOLLUCS": null, "ETPUNITS": null, "INDWASTWTR": null, "TYPOFPOLLU": null, "CATEGORY": null, "PRESNTPOSI": null, "PRODVALUE": null, "EMPLOYMENT": null, "GSCAPINVST": null, "DATED": null, "CAPACITY": null, "PRODTYPE": null, "CONTACT": null, "INDUSTTYPE": null, "WARDNO": null, "FACILITI_1": null, "MAJORFEAT": null, "WARDNO_1": null, "NATROFINST": null, "COURSECODE": null, "INSTCODE": null, "CITYCODE": null, "DISTCODE": null, "YEAROFEST": null, "COURSES": null, "LEVELS": null, "BENEFCARY": null, "MGMT": null, "INSTTYPE": null, "DISPOPRACT": null, "TOTALBEDS": null, "PHONE": null, "MRI": null, "CTSCAN": null, "CCU": null, "ICU": null, "AMBULANCE": null, "TRAUMA": null, "BLOODSTRUN": null, "CEMOC": null, "AVL24HRS": null, "WASTEDISP": null, "OWNERSHIP": null, "DISTRICT": null, "TEHSIL": null, "VILLAGE": null, "ADDRESS": null, "DETAILS": null, "JURISDICT": null, "VECHDETAIL": null, "DEPARTMENT": null, "DETAILS_1": null, "OPRSTATS": null, "PLANTTYPE": null, "KV": null, "WSALETYPE": null, "LOCATION1": null, "SIZES": null, "FUELTYPE": null, "BRANCH": null, "BUSARRIV_1": null, "BUSDEPARTG": null, "OFFPHONE": null, "STDCODE": null, "CELLNUMBER": null, "CHFOFFICER": null, "DIMENSION": null, "CATEGORY_1": null, "GAUGE": null, "DAMTYPE": null, "LEGALSTATS": null, "FORESTTYPE": null, "DIVISION": null, "FORESTBLCK": null, "TEMP": null, "STATUS_1": null, "HEIGHT": null, "STAGING_1": null, "CAPACITY_1": null, "MINRSUSAGE": null, "MINERALS": null, "NUMOFYRS": null, "AREA": null, "DAMTYPE_1": null, "LEVEL_1": "Built Up", "LEVEL_2": "Built Up (Urban)", "LEVEL_3": "Recreational", "LEVEL_4": "Parking Area", "LEVEL_5": "Parking Area", "TYPE": "Parking Area", "PART": "12", "Shape_Leng": 0.0, "Shape_Le_1": 0.0, "chk": null, "name1": null, "tempo": null, "Shape_Le_2": 98.289274808200005, "Shape_Area": 579.5546875, "ORIG_FID": 55.0 }, "geometry": { "type": "Point", "coordinates": [ 75.804720937549845, 26.930007402105307 ] } },
{ "type": "Feature", "properties": { "OBJECTID_1": 207266.0, "OBJECTID_2": 0.0, "OBJECTID_3": 0.0, "OBJECTID": 25723.0, "SURVEYCOM": null, "GISCOM": null, "FCODE": "62", "SOFTLAYER": "LYRRECREATIONAL", "SOFTTABLE": "TBLRECPARK", "NUISCODE": "00-00-05-02", "NAME": null, "BUSARRIVNG": null, "FACILITIES": null, "LINE": null, "STAGING": null, "LOCATION": "GANESH COLONY", "STATUS": "Off-Street", "HOUSES": null, "FLOORS": null, "INVSTCATEG": null, "PRODCAPCTY": null, "QUALITY": null, "AIRPOLLUCS": null, "ETPUNITS": null, "INDWASTWTR": null, "TYPOFPOLLU": null, "CATEGORY": null, "PRESNTPOSI": null, "PRODVALUE": null, "EMPLOYMENT": null, "GSCAPINVST": null, "DATED": null, "CAPACITY": null, "PRODTYPE": null, "CONTACT": null, "INDUSTTYPE": null, "WARDNO": null, "FACILITI_1": null, "MAJORFEAT": null, "WARDNO_1": null, "NATROFINST": null, "COURSECODE": null, "INSTCODE": null, "CITYCODE": null, "DISTCODE": null, "YEAROFEST": null, "COURSES": null, "LEVELS": null, "BENEFCARY": null, "MGMT": null, "INSTTYPE": null, "DISPOPRACT": null, "TOTALBEDS": null, "PHONE": null, "MRI": null, "CTSCAN": null, "CCU": null, "ICU": null, "AMBULANCE": null, "TRAUMA": null, "BLOODSTRUN": null, "CEMOC": null, "AVL24HRS": null, "WASTEDISP": null, "OWNERSHIP": null, "DISTRICT": null, "TEHSIL": null, "VILLAGE": null, "ADDRESS": null, "DETAILS": null, "JURISDICT": null, "VECHDETAIL": null, "DEPARTMENT": null, "DETAILS_1": null, "OPRSTATS": null, "PLANTTYPE": null, "KV": null, "WSALETYPE": null, "LOCATION1": null, "SIZES": null, "FUELTYPE": null, "BRANCH": null, "BUSARRIV_1": null, "BUSDEPARTG": null, "OFFPHONE": null, "STDCODE": null, "CELLNUMBER": null, "CHFOFFICER": null, "DIMENSION": null, "CATEGORY_1": null, "GAUGE": null, "DAMTYPE": null, "LEGALSTATS": null, "FORESTTYPE": null, "DIVISION": null, "FORESTBLCK": null, "TEMP": null, "STATUS_1": null, "HEIGHT": null, "STAGING_1": null, "CAPACITY_1": null, "MINRSUSAGE": null, "MINERALS": null, "NUMOFYRS": null, "AREA": null, "DAMTYPE_1": null, "LEVEL_1": "Built Up", "LEVEL_2": "Built Up (Urban)", "LEVEL_3": "Recreational", "LEVEL_4": "Parking Area", "LEVEL_5": "Parking Area", "TYPE": "Parking Area", "PART": "12", "Shape_Leng": 0.0, "Shape_Le_1": 0.0, "chk": null, "name1": null, "tempo": null, "Shape_Le_2": 143.38967103799999, "Shape_Area": 828.32652858599999, "ORIG_FID": 56.0 }, "geometry": { "type": "Point", "coordinates": [ 75.832131705443857, 26.929938513079907 ] } },
{ "type": "Feature", "properties": { "OBJECTID_1": 207291.0, "OBJECTID_2": 0.0, "OBJECTID_3": 0.0, "OBJECTID": 25757.0, "SURVEYCOM": null, "GISCOM": null, "FCODE": "63", "SOFTLAYER": "LYRRECREATIONAL", "SOFTTABLE": "TBLRECPARKINGAREA", "NUISCODE": "00-00-05-02", "NAME": null, "BUSARRIVNG": null, "FACILITIES": null, "LINE": null, "STAGING": null, "LOCATION": "JANTA MARKET", "STATUS": "On-Street", "HOUSES": null, "FLOORS": null, "INVSTCATEG": null, "PRODCAPCTY": null, "QUALITY": null, "AIRPOLLUCS": null, "ETPUNITS": null, "INDWASTWTR": null, "TYPOFPOLLU": null, "CATEGORY": null, "PRESNTPOSI": null, "PRODVALUE": null, "EMPLOYMENT": null, "GSCAPINVST": null, "DATED": null, "CAPACITY": null, "PRODTYPE": null, "CONTACT": null, "INDUSTTYPE": null, "WARDNO": null, "FACILITI_1": null, "MAJORFEAT": null, "WARDNO_1": null, "NATROFINST": null, "COURSECODE": null, "INSTCODE": null, "CITYCODE": null, "DISTCODE": null, "YEAROFEST": null, "COURSES": null, "LEVELS": null, "BENEFCARY": null, "MGMT": null, "INSTTYPE": null, "DISPOPRACT": null, "TOTALBEDS": null, "PHONE": null, "MRI": null, "CTSCAN": null, "CCU": null, "ICU": null, "AMBULANCE": null, "TRAUMA": null, "BLOODSTRUN": null, "CEMOC": null, "AVL24HRS": null, "WASTEDISP": null, "OWNERSHIP": null, "DISTRICT": null, "TEHSIL": null, "VILLAGE": null, "ADDRESS": null, "DETAILS": null, "JURISDICT": null, "VECHDETAIL": null, "DEPARTMENT": null, "DETAILS_1": null, "OPRSTATS": null, "PLANTTYPE": null, "KV": null, "WSALETYPE": null, "LOCATION1": null, "SIZES": null, "FUELTYPE": null, "BRANCH": null, "BUSARRIV_1": null, "BUSDEPARTG": null, "OFFPHONE": null, "STDCODE": null, "CELLNUMBER": null, "CHFOFFICER": null, "DIMENSION": null, "CATEGORY_1": null, "GAUGE": null, "DAMTYPE": null, "LEGALSTATS": null, "FORESTTYPE": null, "DIVISION": null, "FORESTBLCK": null, "TEMP": null, "STATUS_1": null, "HEIGHT": null, "STAGING_1": null, "CAPACITY_1": null, "MINRSUSAGE": null, "MINERALS": null, "NUMOFYRS": null, "AREA": null, "DAMTYPE_1": null, "LEVEL_1": "Built Up", "LEVEL_2": "Built Up (Urban)", "LEVEL_3": "Recreational", "LEVEL_4": "Parking Area", "LEVEL_5": "Parking Area", "TYPE": "Parking Area", "PART": "12", "Shape_Leng": 0.0, "Shape_Le_1": 0.0, "chk": null, "name1": null, "tempo": null, "Shape_Le_2": 140.89253373099999, "Shape_Area": 891.26322197800005, "ORIG_FID": 57.0 }, "geometry": { "type": "Point", "coordinates": [ 75.827673851323425, 26.930174469394384 ] } },
{ "type": "Feature", "properties": { "OBJECTID_1": 207465.0, "OBJECTID_2": 0.0, "OBJECTID_3": 0.0, "OBJECTID": 26010.0, "SURVEYCOM": null, "GISCOM": null, "FCODE": "63", "SOFTLAYER": "LYRRECREATIONAL", "SOFTTABLE": "TBLRECPARKINGAREA", "NUISCODE": "00-00-05-02", "NAME": null, "BUSARRIVNG": null, "FACILITIES": null, "LINE": null, "STAGING": null, "LOCATION": "CHANDPOL", "STATUS": "On-Street", "HOUSES": null, "FLOORS": null, "INVSTCATEG": null, "PRODCAPCTY": null, "QUALITY": null, "AIRPOLLUCS": null, "ETPUNITS": null, "INDWASTWTR": null, "TYPOFPOLLU": null, "CATEGORY": null, "PRESNTPOSI": null, "PRODVALUE": null, "EMPLOYMENT": null, "GSCAPINVST": null, "DATED": null, "CAPACITY": null, "PRODTYPE": null, "CONTACT": null, "INDUSTTYPE": null, "WARDNO": null, "FACILITI_1": null, "MAJORFEAT": null, "WARDNO_1": null, "NATROFINST": null, "COURSECODE": null, "INSTCODE": null, "CITYCODE": null, "DISTCODE": null, "YEAROFEST": null, "COURSES": null, "LEVELS": null, "BENEFCARY": null, "MGMT": null, "INSTTYPE": null, "DISPOPRACT": null, "TOTALBEDS": null, "PHONE": null, "MRI": null, "CTSCAN": null, "CCU": null, "ICU": null, "AMBULANCE": null, "TRAUMA": null, "BLOODSTRUN": null, "CEMOC": null, "AVL24HRS": null, "WASTEDISP": null, "OWNERSHIP": null, "DISTRICT": null, "TEHSIL": null, "VILLAGE": null, "ADDRESS": null, "DETAILS": null, "JURISDICT": null, "VECHDETAIL": null, "DEPARTMENT": null, "DETAILS_1": null, "OPRSTATS": null, "PLANTTYPE": null, "KV": null, "WSALETYPE": null, "LOCATION1": null, "SIZES": null, "FUELTYPE": null, "BRANCH": null, "BUSARRIV_1": null, "BUSDEPARTG": null, "OFFPHONE": null, "STDCODE": null, "CELLNUMBER": null, "CHFOFFICER": null, "DIMENSION": null, "CATEGORY_1": null, "GAUGE": null, "DAMTYPE": null, "LEGALSTATS": null, "FORESTTYPE": null, "DIVISION": null, "FORESTBLCK": null, "TEMP": null, "STATUS_1": null, "HEIGHT": null, "STAGING_1": null, "CAPACITY_1": null, "MINRSUSAGE": null, "MINERALS": null, "NUMOFYRS": null, "AREA": null, "DAMTYPE_1": null, "LEVEL_1": "Built Up", "LEVEL_2": "Built Up (Urban)", "LEVEL_3": "Recreational", "LEVEL_4": "Parking Area", "LEVEL_5": "Parking Area", "TYPE": "Parking Area", "PART": "12", "Shape_Leng": 0.0, "Shape_Le_1": 0.0, "chk": null, "name1": null, "tempo": null, "Shape_Le_2": 240.28178494799999, "Shape_Area": 1249.2115122, "ORIG_FID": 58.0 }, "geometry": { "type": "Point", "coordinates": [ 75.79900738239553, 26.932021441516849 ] } },
{ "type": "Feature", "properties": { "OBJECTID_1": 209369.0, "OBJECTID_2": 0.0, "OBJECTID_3": 0.0, "OBJECTID": 22503.0, "SURVEYCOM": null, "GISCOM": null, "FCODE": "62", "SOFTLAYER": "LYRRECREATIONAL", "SOFTTABLE": "TBLRECPARK", "NUISCODE": "00-00-05-02", "NAME": "TWO WHEELER PARKING", "BUSARRIVNG": null, "FACILITIES": null, "LINE": null, "STAGING": null, "LOCATION": "AJMERI GATE", "STATUS": "On-Street", "HOUSES": null, "FLOORS": null, "INVSTCATEG": null, "PRODCAPCTY": null, "QUALITY": null, "AIRPOLLUCS": null, "ETPUNITS": null, "INDWASTWTR": null, "TYPOFPOLLU": null, "CATEGORY": null, "PRESNTPOSI": null, "PRODVALUE": null, "EMPLOYMENT": null, "GSCAPINVST": null, "DATED": null, "CAPACITY": null, "PRODTYPE": null, "CONTACT": null, "INDUSTTYPE": null, "WARDNO": null, "FACILITI_1": null, "MAJORFEAT": null, "WARDNO_1": null, "NATROFINST": null, "COURSECODE": null, "INSTCODE": null, "CITYCODE": null, "DISTCODE": null, "YEAROFEST": null, "COURSES": null, "LEVELS": null, "BENEFCARY": null, "MGMT": null, "INSTTYPE": null, "DISPOPRACT": null, "TOTALBEDS": null, "PHONE": null, "MRI": null, "CTSCAN": null, "CCU": null, "ICU": null, "AMBULANCE": null, "TRAUMA": null, "BLOODSTRUN": null, "CEMOC": null, "AVL24HRS": null, "WASTEDISP": null, "OWNERSHIP": null, "DISTRICT": null, "TEHSIL": null, "VILLAGE": null, "ADDRESS": null, "DETAILS": null, "JURISDICT": null, "VECHDETAIL": null, "DEPARTMENT": null, "DETAILS_1": null, "OPRSTATS": null, "PLANTTYPE": null, "KV": null, "WSALETYPE": null, "LOCATION1": null, "SIZES": null, "FUELTYPE": null, "BRANCH": null, "BUSARRIV_1": null, "BUSDEPARTG": null, "OFFPHONE": null, "STDCODE": null, "CELLNUMBER": null, "CHFOFFICER": null, "DIMENSION": null, "CATEGORY_1": null, "GAUGE": null, "DAMTYPE": null, "LEGALSTATS": null, "FORESTTYPE": null, "DIVISION": null, "FORESTBLCK": null, "TEMP": null, "STATUS_1": null, "HEIGHT": null, "STAGING_1": null, "CAPACITY_1": null, "MINRSUSAGE": null, "MINERALS": null, "NUMOFYRS": null, "AREA": null, "DAMTYPE_1": null, "LEVEL_1": "Built Up", "LEVEL_2": "Built Up (Urban)", "LEVEL_3": "Recreational", "LEVEL_4": "Parking Area", "LEVEL_5": "Parking Area", "TYPE": "Parking Area", "PART": "12", "Shape_Leng": 0.0, "Shape_Le_1": 0.0, "chk": null, "name1": null, "tempo": null, "Shape_Le_2": 195.405540261, "Shape_Area": 1031.2268809300001, "ORIG_FID": 59.0 }, "geometry": { "type": "Point", "coordinates": [ 75.819425567095053, 26.914382889611549 ] } },
{ "type": "Feature", "properties": { "OBJECTID_1": 209370.0, "OBJECTID_2": 0.0, "OBJECTID_3": 0.0, "OBJECTID": 22503.0, "SURVEYCOM": null, "GISCOM": null, "FCODE": "62", "SOFTLAYER": "LYRRECREATIONAL", "SOFTTABLE": "TBLRECPARK", "NUISCODE": "00-00-05-02", "NAME": "CAR PARKING", "BUSARRIVNG": null, "FACILITIES": null, "LINE": null, "STAGING": null, "LOCATION": "AJMERI GATE", "STATUS": "Off-Street", "HOUSES": null, "FLOORS": null, "INVSTCATEG": null, "PRODCAPCTY": null, "QUALITY": null, "AIRPOLLUCS": null, "ETPUNITS": null, "INDWASTWTR": null, "TYPOFPOLLU": null, "CATEGORY": null, "PRESNTPOSI": null, "PRODVALUE": null, "EMPLOYMENT": null, "GSCAPINVST": null, "DATED": null, "CAPACITY": null, "PRODTYPE": null, "CONTACT": null, "INDUSTTYPE": null, "WARDNO": null, "FACILITI_1": null, "MAJORFEAT": null, "WARDNO_1": null, "NATROFINST": null, "COURSECODE": null, "INSTCODE": null, "CITYCODE": null, "DISTCODE": null, "YEAROFEST": null, "COURSES": null, "LEVELS": null, "BENEFCARY": null, "MGMT": null, "INSTTYPE": null, "DISPOPRACT": null, "TOTALBEDS": null, "PHONE": null, "MRI": null, "CTSCAN": null, "CCU": null, "ICU": null, "AMBULANCE": null, "TRAUMA": null, "BLOODSTRUN": null, "CEMOC": null, "AVL24HRS": null, "WASTEDISP": null, "OWNERSHIP": null, "DISTRICT": null, "TEHSIL": null, "VILLAGE": null, "ADDRESS": null, "DETAILS": null, "JURISDICT": null, "VECHDETAIL": null, "DEPARTMENT": null, "DETAILS_1": null, "OPRSTATS": null, "PLANTTYPE": null, "KV": null, "WSALETYPE": null, "LOCATION1": null, "SIZES": null, "FUELTYPE": null, "BRANCH": null, "BUSARRIV_1": null, "BUSDEPARTG": null, "OFFPHONE": null, "STDCODE": null, "CELLNUMBER": null, "CHFOFFICER": null, "DIMENSION": null, "CATEGORY_1": null, "GAUGE": null, "DAMTYPE": null, "LEGALSTATS": null, "FORESTTYPE": null, "DIVISION": null, "FORESTBLCK": null, "TEMP": null, "STATUS_1": null, "HEIGHT": null, "STAGING_1": null, "CAPACITY_1": null, "MINRSUSAGE": null, "MINERALS": null, "NUMOFYRS": null, "AREA": null, "DAMTYPE_1": null, "LEVEL_1": "Built Up", "LEVEL_2": "Built Up (Urban)", "LEVEL_3": "Recreational", "LEVEL_4": "Parking Area", "LEVEL_5": "Parking Area", "TYPE": "Parking Area", "PART": "12", "Shape_Leng": 0.0, "Shape_Le_1": 0.0, "chk": null, "name1": null, "tempo": null, "Shape_Le_2": 147.865067369, "Shape_Area": 751.48211859900005, "ORIG_FID": 60.0 }, "geometry": { "type": "Point", "coordinates": [ 75.819128237891221, 26.913912372642347 ] } },
{ "type": "Feature", "properties": { "OBJECTID_1": 209646.0, "OBJECTID_2": 0.0, "OBJECTID_3": 0.0, "OBJECTID": 28171.0, "SURVEYCOM": null, "GISCOM": null, "FCODE": null, "SOFTLAYER": "LYRRECREATIONAL", "SOFTTABLE": null, "NUISCODE": "00-00-05-02", "NAME": "CENTRAL PARK", "BUSARRIVNG": null, "FACILITIES": null, "LINE": null, "STAGING": null, "LOCATION": "SAROJ NAGAR", "STATUS": "Off-Street", "HOUSES": null, "FLOORS": null, "INVSTCATEG": null, "PRODCAPCTY": null, "QUALITY": null, "AIRPOLLUCS": null, "ETPUNITS": null, "INDWASTWTR": null, "TYPOFPOLLU": null, "CATEGORY": null, "PRESNTPOSI": null, "PRODVALUE": null, "EMPLOYMENT": null, "GSCAPINVST": null, "DATED": null, "CAPACITY": null, "PRODTYPE": null, "CONTACT": null, "INDUSTTYPE": null, "WARDNO": null, "FACILITI_1": null, "MAJORFEAT": null, "WARDNO_1": null, "NATROFINST": null, "COURSECODE": null, "INSTCODE": null, "CITYCODE": null, "DISTCODE": null, "YEAROFEST": null, "COURSES": null, "LEVELS": null, "BENEFCARY": null, "MGMT": null, "INSTTYPE": null, "DISPOPRACT": null, "TOTALBEDS": null, "PHONE": null, "MRI": null, "CTSCAN": null, "CCU": null, "ICU": null, "AMBULANCE": null, "TRAUMA": null, "BLOODSTRUN": null, "CEMOC": null, "AVL24HRS": null, "WASTEDISP": null, "OWNERSHIP": null, "DISTRICT": null, "TEHSIL": null, "VILLAGE": null, "ADDRESS": null, "DETAILS": null, "JURISDICT": null, "VECHDETAIL": null, "DEPARTMENT": null, "DETAILS_1": null, "OPRSTATS": null, "PLANTTYPE": null, "KV": null, "WSALETYPE": null, "LOCATION1": null, "SIZES": null, "FUELTYPE": null, "BRANCH": null, "BUSARRIV_1": null, "BUSDEPARTG": null, "OFFPHONE": null, "STDCODE": null, "CELLNUMBER": null, "CHFOFFICER": null, "DIMENSION": null, "CATEGORY_1": null, "GAUGE": null, "DAMTYPE": null, "LEGALSTATS": null, "FORESTTYPE": null, "DIVISION": null, "FORESTBLCK": null, "TEMP": null, "STATUS_1": null, "HEIGHT": null, "STAGING_1": null, "CAPACITY_1": null, "MINRSUSAGE": null, "MINERALS": null, "NUMOFYRS": null, "AREA": null, "DAMTYPE_1": null, "LEVEL_1": "Built Up", "LEVEL_2": "Built Up (Urban)", "LEVEL_3": "Recreational", "LEVEL_4": "Parking Area", "LEVEL_5": "Parking Area", "TYPE": "Parking Area", "PART": "12", "Shape_Leng": 0.0, "Shape_Le_1": 0.0, "chk": null, "name1": null, "tempo": null, "Shape_Le_2": 260.20597522600002, "Shape_Area": 3312.96309475, "ORIG_FID": 61.0 }, "geometry": { "type": "Point", "coordinates": [ 75.809455397007028, 26.905589658995162 ] } },
{ "type": "Feature", "properties": { "OBJECTID_1": 209647.0, "OBJECTID_2": 0.0, "OBJECTID_3": 0.0, "OBJECTID": 28171.0, "SURVEYCOM": null, "GISCOM": null, "FCODE": null, "SOFTLAYER": "LYRRECREATIONAL", "SOFTTABLE": null, "NUISCODE": "00-00-05-02", "NAME": "CENTRAL PARK", "BUSARRIVNG": null, "FACILITIES": null, "LINE": null, "STAGING": null, "LOCATION": "SAROJ NAGAR", "STATUS": "Off-Street", "HOUSES": null, "FLOORS": null, "INVSTCATEG": null, "PRODCAPCTY": null, "QUALITY": null, "AIRPOLLUCS": null, "ETPUNITS": null, "INDWASTWTR": null, "TYPOFPOLLU": null, "CATEGORY": null, "PRESNTPOSI": null, "PRODVALUE": null, "EMPLOYMENT": null, "GSCAPINVST": null, "DATED": null, "CAPACITY": null, "PRODTYPE": null, "CONTACT": null, "INDUSTTYPE": null, "WARDNO": null, "FACILITI_1": null, "MAJORFEAT": null, "WARDNO_1": null, "NATROFINST": null, "COURSECODE": null, "INSTCODE": null, "CITYCODE": null, "DISTCODE": null, "YEAROFEST": null, "COURSES": null, "LEVELS": null, "BENEFCARY": null, "MGMT": null, "INSTTYPE": null, "DISPOPRACT": null, "TOTALBEDS": null, "PHONE": null, "MRI": null, "CTSCAN": null, "CCU": null, "ICU": null, "AMBULANCE": null, "TRAUMA": null, "BLOODSTRUN": null, "CEMOC": null, "AVL24HRS": null, "WASTEDISP": null, "OWNERSHIP": null, "DISTRICT": null, "TEHSIL": null, "VILLAGE": null, "ADDRESS": null, "DETAILS": null, "JURISDICT": null, "VECHDETAIL": null, "DEPARTMENT": null, "DETAILS_1": null, "OPRSTATS": null, "PLANTTYPE": null, "KV": null, "WSALETYPE": null, "LOCATION1": null, "SIZES": null, "FUELTYPE": null, "BRANCH": null, "BUSARRIV_1": null, "BUSDEPARTG": null, "OFFPHONE": null, "STDCODE": null, "CELLNUMBER": null, "CHFOFFICER": null, "DIMENSION": null, "CATEGORY_1": null, "GAUGE": null, "DAMTYPE": null, "LEGALSTATS": null, "FORESTTYPE": null, "DIVISION": null, "FORESTBLCK": null, "TEMP": null, "STATUS_1": null, "HEIGHT": null, "STAGING_1": null, "CAPACITY_1": null, "MINRSUSAGE": null, "MINERALS": null, "NUMOFYRS": null, "AREA": null, "DAMTYPE_1": null, "LEVEL_1": "Built Up", "LEVEL_2": "Built Up (Urban)", "LEVEL_3": "Recreational", "LEVEL_4": "Parking Area", "LEVEL_5": "Parking Area", "TYPE": "Parking Area", "PART": "12", "Shape_Leng": 0.0, "Shape_Le_1": 0.0, "chk": null, "name1": null, "tempo": null, "Shape_Le_2": 261.66690647000001, "Shape_Area": 3216.2848576000001, "ORIG_FID": 62.0 }, "geometry": { "type": "Point", "coordinates": [ 75.810766278933087, 26.905033368624899 ] } },
{ "type": "Feature", "properties": { "OBJECTID_1": 209762.0, "OBJECTID_2": 0.0, "OBJECTID_3": 0.0, "OBJECTID": 20692.0, "SURVEYCOM": null, "GISCOM": null, "FCODE": "103", "SOFTLAYER": "LYRRECREATIONAL", "SOFTTABLE": null, "NUISCODE": "00-00-05-02", "NAME": null, "BUSARRIVNG": null, "FACILITIES": null, "LINE": null, "STAGING": null, "LOCATION": "ADARSH NAGAR", "STATUS": "On-Street", "HOUSES": null, "FLOORS": null, "INVSTCATEG": null, "PRODCAPCTY": null, "QUALITY": null, "AIRPOLLUCS": null, "ETPUNITS": null, "INDWASTWTR": null, "TYPOFPOLLU": null, "CATEGORY": null, "PRESNTPOSI": null, "PRODVALUE": null, "EMPLOYMENT": null, "GSCAPINVST": null, "DATED": null, "CAPACITY": null, "PRODTYPE": null, "CONTACT": null, "INDUSTTYPE": null, "WARDNO": null, "FACILITI_1": null, "MAJORFEAT": null, "WARDNO_1": null, "NATROFINST": null, "COURSECODE": null, "INSTCODE": null, "CITYCODE": null, "DISTCODE": null, "YEAROFEST": null, "COURSES": null, "LEVELS": null, "BENEFCARY": null, "MGMT": null, "INSTTYPE": null, "DISPOPRACT": null, "TOTALBEDS": null, "PHONE": null, "MRI": null, "CTSCAN": null, "CCU": null, "ICU": null, "AMBULANCE": null, "TRAUMA": null, "BLOODSTRUN": null, "CEMOC": null, "AVL24HRS": null, "WASTEDISP": null, "OWNERSHIP": null, "DISTRICT": null, "TEHSIL": null, "VILLAGE": null, "ADDRESS": null, "DETAILS": null, "JURISDICT": null, "VECHDETAIL": null, "DEPARTMENT": null, "DETAILS_1": null, "OPRSTATS": null, "PLANTTYPE": null, "KV": null, "WSALETYPE": null, "LOCATION1": null, "SIZES": null, "FUELTYPE": null, "BRANCH": null, "BUSARRIV_1": null, "BUSDEPARTG": null, "OFFPHONE": null, "STDCODE": null, "CELLNUMBER": null, "CHFOFFICER": null, "DIMENSION": null, "CATEGORY_1": null, "GAUGE": null, "DAMTYPE": null, "LEGALSTATS": null, "FORESTTYPE": null, "DIVISION": null, "FORESTBLCK": null, "TEMP": null, "STATUS_1": null, "HEIGHT": null, "STAGING_1": null, "CAPACITY_1": null, "MINRSUSAGE": null, "MINERALS": null, "NUMOFYRS": null, "AREA": null, "DAMTYPE_1": null, "LEVEL_1": "Built Up", "LEVEL_2": "Built Up (Urban)", "LEVEL_3": "Recreational", "LEVEL_4": "Parking Area", "LEVEL_5": "Parking Area", "TYPE": "Parking Area", "PART": "12", "Shape_Leng": 0.0, "Shape_Le_1": 0.0, "chk": null, "name1": null, "tempo": null, "Shape_Le_2": 310.80790398400001, "Shape_Area": 4012.5735987600001, "ORIG_FID": 63.0 }, "geometry": { "type": "Point", "coordinates": [ 75.845601274758181, 26.906059226136168 ] } },
{ "type": "Feature", "properties": { "OBJECTID_1": 210259.0, "OBJECTID_2": 0.0, "OBJECTID_3": 0.0, "OBJECTID": 22696.0, "SURVEYCOM": null, "GISCOM": null, "FCODE": "103", "SOFTLAYER": "LYRRECREATIONAL", "SOFTTABLE": null, "NUISCODE": "00-00-05-02", "NAME": null, "BUSARRIVNG": null, "FACILITIES": null, "LINE": null, "STAGING": null, "LOCATION": "AJMERI GATE", "STATUS": "On-Street", "HOUSES": null, "FLOORS": null, "INVSTCATEG": null, "PRODCAPCTY": null, "QUALITY": null, "AIRPOLLUCS": null, "ETPUNITS": null, "INDWASTWTR": null, "TYPOFPOLLU": null, "CATEGORY": null, "PRESNTPOSI": null, "PRODVALUE": null, "EMPLOYMENT": null, "GSCAPINVST": null, "DATED": null, "CAPACITY": null, "PRODTYPE": null, "CONTACT": null, "INDUSTTYPE": null, "WARDNO": null, "FACILITI_1": null, "MAJORFEAT": null, "WARDNO_1": null, "NATROFINST": null, "COURSECODE": null, "INSTCODE": null, "CITYCODE": null, "DISTCODE": null, "YEAROFEST": null, "COURSES": null, "LEVELS": null, "BENEFCARY": null, "MGMT": null, "INSTTYPE": null, "DISPOPRACT": null, "TOTALBEDS": null, "PHONE": null, "MRI": null, "CTSCAN": null, "CCU": null, "ICU": null, "AMBULANCE": null, "TRAUMA": null, "BLOODSTRUN": null, "CEMOC": null, "AVL24HRS": null, "WASTEDISP": null, "OWNERSHIP": null, "DISTRICT": null, "TEHSIL": null, "VILLAGE": null, "ADDRESS": null, "DETAILS": null, "JURISDICT": null, "VECHDETAIL": null, "DEPARTMENT": null, "DETAILS_1": null, "OPRSTATS": null, "PLANTTYPE": null, "KV": null, "WSALETYPE": null, "LOCATION1": null, "SIZES": null, "FUELTYPE": null, "BRANCH": null, "BUSARRIV_1": null, "BUSDEPARTG": null, "OFFPHONE": null, "STDCODE": null, "CELLNUMBER": null, "CHFOFFICER": null, "DIMENSION": null, "CATEGORY_1": null, "GAUGE": null, "DAMTYPE": null, "LEGALSTATS": null, "FORESTTYPE": null, "DIVISION": null, "FORESTBLCK": null, "TEMP": null, "STATUS_1": null, "HEIGHT": null, "STAGING_1": null, "CAPACITY_1": null, "MINRSUSAGE": null, "MINERALS": null, "NUMOFYRS": null, "AREA": null, "DAMTYPE_1": null, "LEVEL_1": "Built Up", "LEVEL_2": "Built Up (Urban)", "LEVEL_3": "Recreational", "LEVEL_4": "Parking Area", "LEVEL_5": "Parking Area", "TYPE": "Parking Area", "PART": "12", "Shape_Leng": 0.0, "Shape_Le_1": 0.0, "chk": null, "name1": null, "tempo": null, "Shape_Le_2": 146.34612447000001, "Shape_Area": 948.17326662899995, "ORIG_FID": 64.0 }, "geometry": { "type": "Point", "coordinates": [ 75.816374580545116, 26.917357369583865 ] } },
{ "type": "Feature", "properties": { "OBJECTID_1": 210265.0, "OBJECTID_2": 0.0, "OBJECTID_3": 0.0, "OBJECTID": 24768.0, "SURVEYCOM": null, "GISCOM": null, "FCODE": "34", "SOFTLAYER": "LYRRECREATIONAL", "SOFTTABLE": "TBLOFFICIALBUILDINGS", "NUISCODE": "00-00-05-02", "NAME": "DISTRICT AND SUBORDINATE COURTS", "BUSARRIVNG": null, "FACILITIES": null, "LINE": null, "STAGING": null, "LOCATION": "BANI PARK", "STATUS": "Off-Street", "HOUSES": null, "FLOORS": null, "INVSTCATEG": null, "PRODCAPCTY": null, "QUALITY": null, "AIRPOLLUCS": null, "ETPUNITS": null, "INDWASTWTR": null, "TYPOFPOLLU": null, "CATEGORY": null, "PRESNTPOSI": null, "PRODVALUE": null, "EMPLOYMENT": null, "GSCAPINVST": null, "DATED": null, "CAPACITY": null, "PRODTYPE": null, "CONTACT": null, "INDUSTTYPE": null, "WARDNO": null, "FACILITI_1": null, "MAJORFEAT": null, "WARDNO_1": null, "NATROFINST": null, "COURSECODE": null, "INSTCODE": null, "CITYCODE": null, "DISTCODE": null, "YEAROFEST": null, "COURSES": null, "LEVELS": null, "BENEFCARY": null, "MGMT": null, "INSTTYPE": null, "DISPOPRACT": null, "TOTALBEDS": null, "PHONE": null, "MRI": null, "CTSCAN": null, "CCU": null, "ICU": null, "AMBULANCE": null, "TRAUMA": null, "BLOODSTRUN": null, "CEMOC": null, "AVL24HRS": null, "WASTEDISP": null, "OWNERSHIP": null, "DISTRICT": null, "TEHSIL": null, "VILLAGE": null, "ADDRESS": null, "DETAILS": null, "JURISDICT": null, "VECHDETAIL": null, "DEPARTMENT": "COURT", "DETAILS_1": null, "OPRSTATS": null, "PLANTTYPE": null, "KV": null, "WSALETYPE": null, "LOCATION1": null, "SIZES": null, "FUELTYPE": null, "BRANCH": null, "BUSARRIV_1": null, "BUSDEPARTG": null, "OFFPHONE": null, "STDCODE": null, "CELLNUMBER": null, "CHFOFFICER": null, "DIMENSION": null, "CATEGORY_1": null, "GAUGE": null, "DAMTYPE": null, "LEGALSTATS": null, "FORESTTYPE": null, "DIVISION": null, "FORESTBLCK": null, "TEMP": null, "STATUS_1": null, "HEIGHT": null, "STAGING_1": null, "CAPACITY_1": null, "MINRSUSAGE": null, "MINERALS": null, "NUMOFYRS": null, "AREA": null, "DAMTYPE_1": null, "LEVEL_1": "Built Up", "LEVEL_2": "Built Up (Urban)", "LEVEL_3": "Recreational", "LEVEL_4": "Parking Area", "LEVEL_5": "Parking Area", "TYPE": "Parking Area", "PART": "12", "Shape_Leng": 0.0, "Shape_Le_1": 0.0, "chk": null, "name1": null, "tempo": null, "Shape_Le_2": 682.56884658499996, "Shape_Area": 9922.3778683300006, "ORIG_FID": 65.0 }, "geometry": { "type": "Point", "coordinates": [ 75.79228675007505, 26.92517986990844 ] } },
{ "type": "Feature", "properties": { "OBJECTID_1": 210290.0, "OBJECTID_2": 0.0, "OBJECTID_3": 0.0, "OBJECTID": 22444.0, "SURVEYCOM": null, "GISCOM": null, "FCODE": "103", "SOFTLAYER": "LYRRECREATIONAL", "SOFTTABLE": null, "NUISCODE": "00-00-05-02", "NAME": "TAXI STAND", "BUSARRIVNG": null, "FACILITIES": null, "LINE": null, "STAGING": null, "LOCATION": "SANGANERI GATE", "STATUS": "On-Street", "HOUSES": null, "FLOORS": null, "INVSTCATEG": null, "PRODCAPCTY": null, "QUALITY": null, "AIRPOLLUCS": null, "ETPUNITS": null, "INDWASTWTR": null, "TYPOFPOLLU": null, "CATEGORY": null, "PRESNTPOSI": null, "PRODVALUE": null, "EMPLOYMENT": null, "GSCAPINVST": null, "DATED": null, "CAPACITY": null, "PRODTYPE": null, "CONTACT": null, "INDUSTTYPE": null, "WARDNO": null, "FACILITI_1": null, "MAJORFEAT": null, "WARDNO_1": null, "NATROFINST": null, "COURSECODE": null, "INSTCODE": null, "CITYCODE": null, "DISTCODE": null, "YEAROFEST": null, "COURSES": null, "LEVELS": null, "BENEFCARY": null, "MGMT": null, "INSTTYPE": null, "DISPOPRACT": null, "TOTALBEDS": null, "PHONE": null, "MRI": null, "CTSCAN": null, "CCU": null, "ICU": null, "AMBULANCE": null, "TRAUMA": null, "BLOODSTRUN": null, "CEMOC": null, "AVL24HRS": null, "WASTEDISP": null, "OWNERSHIP": null, "DISTRICT": null, "TEHSIL": null, "VILLAGE": null, "ADDRESS": null, "DETAILS": null, "JURISDICT": null, "VECHDETAIL": null, "DEPARTMENT": null, "DETAILS_1": null, "OPRSTATS": null, "PLANTTYPE": null, "KV": null, "WSALETYPE": null, "LOCATION1": null, "SIZES": null, "FUELTYPE": null, "BRANCH": null, "BUSARRIV_1": null, "BUSDEPARTG": null, "OFFPHONE": null, "STDCODE": null, "CELLNUMBER": null, "CHFOFFICER": null, "DIMENSION": null, "CATEGORY_1": null, "GAUGE": null, "DAMTYPE": null, "LEGALSTATS": null, "FORESTTYPE": null, "DIVISION": null, "FORESTBLCK": null, "TEMP": null, "STATUS_1": null, "HEIGHT": null, "STAGING_1": null, "CAPACITY_1": null, "MINRSUSAGE": null, "MINERALS": null, "NUMOFYRS": null, "AREA": null, "DAMTYPE_1": null, "LEVEL_1": "Built Up", "LEVEL_2": "Built Up (Urban)", "LEVEL_3": "Recreational", "LEVEL_4": "Parking Area", "LEVEL_5": "Parking Area", "TYPE": "Parking Area", "PART": "12", "Shape_Leng": 0.0, "Shape_Le_1": 0.0, "chk": null, "name1": null, "tempo": null, "Shape_Le_2": 131.67059246, "Shape_Area": 757.57831776700004, "ORIG_FID": 66.0 }, "geometry": { "type": "Point", "coordinates": [ 75.82454344768567, 26.915611791144915 ] } },
{ "type": "Feature", "properties": { "OBJECTID_1": 210813.0, "OBJECTID_2": 0.0, "OBJECTID_3": 0.0, "OBJECTID": 22123.0, "SURVEYCOM": null, "GISCOM": null, "FCODE": "103", "SOFTLAYER": "LYRRECREATIONAL", "SOFTTABLE": null, "NUISCODE": "00-00-05-02", "NAME": null, "BUSARRIVNG": null, "FACILITIES": null, "LINE": null, "STAGING": null, "LOCATION": "CHOMU HOUSE", "STATUS": "On-Street", "HOUSES": null, "FLOORS": null, "INVSTCATEG": null, "PRODCAPCTY": null, "QUALITY": null, "AIRPOLLUCS": null, "ETPUNITS": null, "INDWASTWTR": null, "TYPOFPOLLU": null, "CATEGORY": null, "PRESNTPOSI": null, "PRODVALUE": null, "EMPLOYMENT": null, "GSCAPINVST": null, "DATED": null, "CAPACITY": null, "PRODTYPE": null, "CONTACT": null, "INDUSTTYPE": null, "WARDNO": null, "FACILITI_1": null, "MAJORFEAT": null, "WARDNO_1": null, "NATROFINST": null, "COURSECODE": null, "INSTCODE": null, "CITYCODE": null, "DISTCODE": null, "YEAROFEST": null, "COURSES": null, "LEVELS": null, "BENEFCARY": null, "MGMT": null, "INSTTYPE": null, "DISPOPRACT": null, "TOTALBEDS": null, "PHONE": null, "MRI": null, "CTSCAN": null, "CCU": null, "ICU": null, "AMBULANCE": null, "TRAUMA": null, "BLOODSTRUN": null, "CEMOC": null, "AVL24HRS": null, "WASTEDISP": null, "OWNERSHIP": null, "DISTRICT": null, "TEHSIL": null, "VILLAGE": null, "ADDRESS": null, "DETAILS": null, "JURISDICT": null, "VECHDETAIL": null, "DEPARTMENT": null, "DETAILS_1": null, "OPRSTATS": null, "PLANTTYPE": null, "KV": null, "WSALETYPE": null, "LOCATION1": null, "SIZES": null, "FUELTYPE": null, "BRANCH": null, "BUSARRIV_1": null, "BUSDEPARTG": null, "OFFPHONE": null, "STDCODE": null, "CELLNUMBER": null, "CHFOFFICER": null, "DIMENSION": null, "CATEGORY_1": null, "GAUGE": null, "DAMTYPE": null, "LEGALSTATS": null, "FORESTTYPE": null, "DIVISION": null, "FORESTBLCK": null, "TEMP": null, "STATUS_1": null, "HEIGHT": null, "STAGING_1": null, "CAPACITY_1": null, "MINRSUSAGE": null, "MINERALS": null, "NUMOFYRS": null, "AREA": null, "DAMTYPE_1": null, "LEVEL_1": "Built Up", "LEVEL_2": "Built Up (Urban)", "LEVEL_3": "Recreational", "LEVEL_4": "Parking Area", "LEVEL_5": "Parking Area", "TYPE": "Parking Area", "PART": "12", "Shape_Leng": 0.0, "Shape_Le_1": 0.0, "chk": null, "name1": null, "tempo": null, "Shape_Le_2": 582.34471256300003, "Shape_Area": 1750.28248254, "ORIG_FID": 67.0 }, "geometry": { "type": "Point", "coordinates": [ 75.804799634877199, 26.913836987462659 ] } },
{ "type": "Feature", "properties": { "OBJECTID_1": 211563.0, "OBJECTID_2": 0.0, "OBJECTID_3": 0.0, "OBJECTID": 28171.0, "SURVEYCOM": null, "GISCOM": null, "FCODE": null, "SOFTLAYER": "LYRRECREATIONAL", "SOFTTABLE": null, "NUISCODE": "00-00-05-02", "NAME": "SWARN JYANTI CENTRAL PARK", "BUSARRIVNG": null, "FACILITIES": null, "LINE": null, "STAGING": null, "LOCATION": "SAROJ NAGAR", "STATUS": "Off-Street", "HOUSES": null, "FLOORS": null, "INVSTCATEG": null, "PRODCAPCTY": null, "QUALITY": null, "AIRPOLLUCS": null, "ETPUNITS": null, "INDWASTWTR": null, "TYPOFPOLLU": null, "CATEGORY": null, "PRESNTPOSI": null, "PRODVALUE": null, "EMPLOYMENT": null, "GSCAPINVST": null, "DATED": null, "CAPACITY": null, "PRODTYPE": null, "CONTACT": null, "INDUSTTYPE": null, "WARDNO": null, "FACILITI_1": null, "MAJORFEAT": null, "WARDNO_1": null, "NATROFINST": null, "COURSECODE": null, "INSTCODE": null, "CITYCODE": null, "DISTCODE": null, "YEAROFEST": null, "COURSES": null, "LEVELS": null, "BENEFCARY": null, "MGMT": null, "INSTTYPE": null, "DISPOPRACT": null, "TOTALBEDS": null, "PHONE": null, "MRI": null, "CTSCAN": null, "CCU": null, "ICU": null, "AMBULANCE": null, "TRAUMA": null, "BLOODSTRUN": null, "CEMOC": null, "AVL24HRS": null, "WASTEDISP": null, "OWNERSHIP": null, "DISTRICT": null, "TEHSIL": null, "VILLAGE": null, "ADDRESS": null, "DETAILS": null, "JURISDICT": null, "VECHDETAIL": null, "DEPARTMENT": null, "DETAILS_1": null, "OPRSTATS": null, "PLANTTYPE": null, "KV": null, "WSALETYPE": null, "LOCATION1": null, "SIZES": null, "FUELTYPE": null, "BRANCH": null, "BUSARRIV_1": null, "BUSDEPARTG": null, "OFFPHONE": null, "STDCODE": null, "CELLNUMBER": null, "CHFOFFICER": null, "DIMENSION": null, "CATEGORY_1": null, "GAUGE": null, "DAMTYPE": null, "LEGALSTATS": null, "FORESTTYPE": null, "DIVISION": null, "FORESTBLCK": null, "TEMP": null, "STATUS_1": null, "HEIGHT": null, "STAGING_1": null, "CAPACITY_1": null, "MINRSUSAGE": null, "MINERALS": null, "NUMOFYRS": null, "AREA": null, "DAMTYPE_1": null, "LEVEL_1": "Built Up", "LEVEL_2": "Built Up (Urban)", "LEVEL_3": "Recreational", "LEVEL_4": "Parking Area", "LEVEL_5": "Parking Area", "TYPE": "Parking Area", "PART": "12", "Shape_Leng": 0.0, "Shape_Le_1": 0.0, "chk": null, "name1": null, "tempo": null, "Shape_Le_2": 527.33668742299994, "Shape_Area": 10450.7256557, "ORIG_FID": 68.0 }, "geometry": { "type": "Point", "coordinates": [ 75.804555384941821, 26.904778324380349 ] } },
{ "type": "Feature", "properties": { "OBJECTID_1": 211572.0, "OBJECTID_2": 0.0, "OBJECTID_3": 0.0, "OBJECTID": 19448.0, "SURVEYCOM": null, "GISCOM": null, "FCODE": "34", "SOFTLAYER": "LYRNONRESBUILDINGS", "SOFTTABLE": null, "NUISCODE": "00-00-02-08", "NAME": "JDA OFFICE", "BUSARRIVNG": null, "FACILITIES": null, "LINE": null, "STAGING": null, "LOCATION": "BAPU NAGAR", "STATUS": "Off-Street", "HOUSES": null, "FLOORS": null, "INVSTCATEG": null, "PRODCAPCTY": null, "QUALITY": null, "AIRPOLLUCS": null, "ETPUNITS": null, "INDWASTWTR": null, "TYPOFPOLLU": null, "CATEGORY": null, "PRESNTPOSI": null, "PRODVALUE": null, "EMPLOYMENT": null, "GSCAPINVST": null, "DATED": null, "CAPACITY": null, "PRODTYPE": null, "CONTACT": null, "INDUSTTYPE": null, "WARDNO": null, "FACILITI_1": null, "MAJORFEAT": null, "WARDNO_1": null, "NATROFINST": null, "COURSECODE": null, "INSTCODE": null, "CITYCODE": null, "DISTCODE": null, "YEAROFEST": null, "COURSES": null, "LEVELS": null, "BENEFCARY": null, "MGMT": null, "INSTTYPE": null, "DISPOPRACT": null, "TOTALBEDS": null, "PHONE": null, "MRI": null, "CTSCAN": null, "CCU": null, "ICU": null, "AMBULANCE": null, "TRAUMA": null, "BLOODSTRUN": null, "CEMOC": null, "AVL24HRS": null, "WASTEDISP": null, "OWNERSHIP": null, "DISTRICT": null, "TEHSIL": null, "VILLAGE": null, "ADDRESS": null, "DETAILS": null, "JURISDICT": null, "VECHDETAIL": null, "DEPARTMENT": null, "DETAILS_1": null, "OPRSTATS": null, "PLANTTYPE": null, "KV": null, "WSALETYPE": null, "LOCATION1": null, "SIZES": null, "FUELTYPE": null, "BRANCH": null, "BUSARRIV_1": null, "BUSDEPARTG": null, "OFFPHONE": null, "STDCODE": null, "CELLNUMBER": null, "CHFOFFICER": null, "DIMENSION": null, "CATEGORY_1": null, "GAUGE": null, "DAMTYPE": null, "LEGALSTATS": null, "FORESTTYPE": null, "DIVISION": null, "FORESTBLCK": null, "TEMP": null, "STATUS_1": null, "HEIGHT": null, "STAGING_1": null, "CAPACITY_1": null, "MINRSUSAGE": null, "MINERALS": null, "NUMOFYRS": null, "AREA": null, "DAMTYPE_1": null, "LEVEL_1": "Built Up", "LEVEL_2": "Built Up (Urban)", "LEVEL_3": "Built-up (Non-Residential)", "LEVEL_4": "Parking Building", "LEVEL_5": "Parking Building", "TYPE": "Parking Building", "PART": "12", "Shape_Leng": 0.0, "Shape_Le_1": 0.0, "chk": null, "name1": null, "tempo": null, "Shape_Le_2": 409.22739872900002, "Shape_Area": 4439.5200963300003, "ORIG_FID": 69.0 }, "geometry": { "type": "Point", "coordinates": [ 75.813477975329548, 26.893711017042666 ] } },
{ "type": "Feature", "properties": { "OBJECTID_1": 211573.0, "OBJECTID_2": 0.0, "OBJECTID_3": 0.0, "OBJECTID": 19448.0, "SURVEYCOM": null, "GISCOM": null, "FCODE": "34", "SOFTLAYER": "LYRRECREATIONAL", "SOFTTABLE": "TBLOFFICIALBUILDINGS", "NUISCODE": "00-00-05-02", "NAME": "JDA OFFICE", "BUSARRIVNG": null, "FACILITIES": null, "LINE": null, "STAGING": null, "LOCATION": "BAPU NAGAR", "STATUS": "Off-Street", "HOUSES": null, "FLOORS": null, "INVSTCATEG": null, "PRODCAPCTY": null, "QUALITY": null, "AIRPOLLUCS": null, "ETPUNITS": null, "INDWASTWTR": null, "TYPOFPOLLU": null, "CATEGORY": null, "PRESNTPOSI": null, "PRODVALUE": null, "EMPLOYMENT": null, "GSCAPINVST": null, "DATED": null, "CAPACITY": null, "PRODTYPE": null, "CONTACT": null, "INDUSTTYPE": null, "WARDNO": null, "FACILITI_1": null, "MAJORFEAT": null, "WARDNO_1": null, "NATROFINST": null, "COURSECODE": null, "INSTCODE": null, "CITYCODE": null, "DISTCODE": null, "YEAROFEST": null, "COURSES": null, "LEVELS": null, "BENEFCARY": null, "MGMT": null, "INSTTYPE": null, "DISPOPRACT": null, "TOTALBEDS": null, "PHONE": null, "MRI": null, "CTSCAN": null, "CCU": null, "ICU": null, "AMBULANCE": null, "TRAUMA": null, "BLOODSTRUN": null, "CEMOC": null, "AVL24HRS": null, "WASTEDISP": null, "OWNERSHIP": null, "DISTRICT": null, "TEHSIL": null, "VILLAGE": null, "ADDRESS": null, "DETAILS": null, "JURISDICT": null, "VECHDETAIL": null, "DEPARTMENT": null, "DETAILS_1": null, "OPRSTATS": null, "PLANTTYPE": null, "KV": null, "WSALETYPE": null, "LOCATION1": null, "SIZES": null, "FUELTYPE": null, "BRANCH": null, "BUSARRIV_1": null, "BUSDEPARTG": null, "OFFPHONE": null, "STDCODE": null, "CELLNUMBER": null, "CHFOFFICER": null, "DIMENSION": null, "CATEGORY_1": null, "GAUGE": null, "DAMTYPE": null, "LEGALSTATS": null, "FORESTTYPE": null, "DIVISION": null, "FORESTBLCK": null, "TEMP": null, "STATUS_1": null, "HEIGHT": null, "STAGING_1": null, "CAPACITY_1": null, "MINRSUSAGE": null, "MINERALS": null, "NUMOFYRS": null, "AREA": null, "DAMTYPE_1": null, "LEVEL_1": "Built Up", "LEVEL_2": "Built Up (Urban)", "LEVEL_3": "Recreational", "LEVEL_4": "Parking Area", "LEVEL_5": "Parking Area", "TYPE": "Parking Area", "PART": "12", "Shape_Leng": 0.0, "Shape_Le_1": 0.0, "chk": null, "name1": null, "tempo": null, "Shape_Le_2": 207.59991128799999, "Shape_Area": 1588.338186, "ORIG_FID": 70.0 }, "geometry": { "type": "Point", "coordinates": [ 75.81379627014897, 26.893118265341126 ] } },
{ "type": "Feature", "properties": { "OBJECTID_1": 212164.0, "OBJECTID_2": 0.0, "OBJECTID_3": 0.0, "OBJECTID": 20377.0, "SURVEYCOM": null, "GISCOM": null, "FCODE": "34", "SOFTLAYER": "LYRRECREATIONAL", "SOFTTABLE": "TBLOFFICIALBUILDINGS", "NUISCODE": "00-00-05-02", "NAME": "SECRETARIAT", "BUSARRIVNG": null, "FACILITIES": null, "LINE": null, "STAGING": null, "LOCATION": "SAROJ NAGAR", "STATUS": "Off-Street", "HOUSES": null, "FLOORS": null, "INVSTCATEG": null, "PRODCAPCTY": null, "QUALITY": null, "AIRPOLLUCS": null, "ETPUNITS": null, "INDWASTWTR": null, "TYPOFPOLLU": null, "CATEGORY": null, "PRESNTPOSI": null, "PRODVALUE": null, "EMPLOYMENT": null, "GSCAPINVST": null, "DATED": null, "CAPACITY": null, "PRODTYPE": null, "CONTACT": null, "INDUSTTYPE": null, "WARDNO": null, "FACILITI_1": null, "MAJORFEAT": null, "WARDNO_1": null, "NATROFINST": null, "COURSECODE": null, "INSTCODE": null, "CITYCODE": null, "DISTCODE": null, "YEAROFEST": null, "COURSES": null, "LEVELS": null, "BENEFCARY": null, "MGMT": null, "INSTTYPE": null, "DISPOPRACT": null, "TOTALBEDS": null, "PHONE": null, "MRI": null, "CTSCAN": null, "CCU": null, "ICU": null, "AMBULANCE": null, "TRAUMA": null, "BLOODSTRUN": null, "CEMOC": null, "AVL24HRS": null, "WASTEDISP": null, "OWNERSHIP": null, "DISTRICT": null, "TEHSIL": null, "VILLAGE": null, "ADDRESS": null, "DETAILS": null, "JURISDICT": null, "VECHDETAIL": null, "DEPARTMENT": null, "DETAILS_1": null, "OPRSTATS": null, "PLANTTYPE": null, "KV": null, "WSALETYPE": null, "LOCATION1": null, "SIZES": null, "FUELTYPE": null, "BRANCH": null, "BUSARRIV_1": null, "BUSDEPARTG": null, "OFFPHONE": null, "STDCODE": null, "CELLNUMBER": null, "CHFOFFICER": null, "DIMENSION": null, "CATEGORY_1": null, "GAUGE": null, "DAMTYPE": null, "LEGALSTATS": null, "FORESTTYPE": null, "DIVISION": null, "FORESTBLCK": null, "TEMP": null, "STATUS_1": null, "HEIGHT": null, "STAGING_1": null, "CAPACITY_1": null, "MINRSUSAGE": null, "MINERALS": null, "NUMOFYRS": null, "AREA": null, "DAMTYPE_1": null, "LEVEL_1": "Built Up", "LEVEL_2": "Built Up (Urban)", "LEVEL_3": "Recreational", "LEVEL_4": "Parking Area", "LEVEL_5": "Parking Area", "TYPE": "Parking Area", "PART": "12", "Shape_Leng": 0.0, "Shape_Le_1": 0.0, "chk": null, "name1": null, "tempo": null, "Shape_Le_2": 566.84743925099997, "Shape_Area": 4461.2692155599998, "ORIG_FID": 71.0 }, "geometry": { "type": "Point", "coordinates": [ 75.799862505991499, 26.9037351235947 ] } },
{ "type": "Feature", "properties": { "OBJECTID_1": 212406.0, "OBJECTID_2": 0.0, "OBJECTID_3": 0.0, "OBJECTID": 22503.0, "SURVEYCOM": null, "GISCOM": null, "FCODE": "62", "SOFTLAYER": "LYRRECREATIONAL", "SOFTTABLE": "TBLRECPARK", "NUISCODE": "00-00-05-02", "NAME": "TWO WHEELER PARKING", "BUSARRIVNG": null, "FACILITIES": null, "LINE": null, "STAGING": null, "LOCATION": "AJMERI GATE", "STATUS": "On-Street", "HOUSES": null, "FLOORS": null, "INVSTCATEG": null, "PRODCAPCTY": null, "QUALITY": null, "AIRPOLLUCS": null, "ETPUNITS": null, "INDWASTWTR": null, "TYPOFPOLLU": null, "CATEGORY": null, "PRESNTPOSI": null, "PRODVALUE": null, "EMPLOYMENT": null, "GSCAPINVST": null, "DATED": null, "CAPACITY": null, "PRODTYPE": null, "CONTACT": null, "INDUSTTYPE": null, "WARDNO": null, "FACILITI_1": null, "MAJORFEAT": null, "WARDNO_1": null, "NATROFINST": null, "COURSECODE": null, "INSTCODE": null, "CITYCODE": null, "DISTCODE": null, "YEAROFEST": null, "COURSES": null, "LEVELS": null, "BENEFCARY": null, "MGMT": null, "INSTTYPE": null, "DISPOPRACT": null, "TOTALBEDS": null, "PHONE": null, "MRI": null, "CTSCAN": null, "CCU": null, "ICU": null, "AMBULANCE": null, "TRAUMA": null, "BLOODSTRUN": null, "CEMOC": null, "AVL24HRS": null, "WASTEDISP": null, "OWNERSHIP": null, "DISTRICT": null, "TEHSIL": null, "VILLAGE": null, "ADDRESS": null, "DETAILS": null, "JURISDICT": null, "VECHDETAIL": null, "DEPARTMENT": null, "DETAILS_1": null, "OPRSTATS": null, "PLANTTYPE": null, "KV": null, "WSALETYPE": null, "LOCATION1": null, "SIZES": null, "FUELTYPE": null, "BRANCH": null, "BUSARRIV_1": null, "BUSDEPARTG": null, "OFFPHONE": null, "STDCODE": null, "CELLNUMBER": null, "CHFOFFICER": null, "DIMENSION": null, "CATEGORY_1": null, "GAUGE": null, "DAMTYPE": null, "LEGALSTATS": null, "FORESTTYPE": null, "DIVISION": null, "FORESTBLCK": null, "TEMP": null, "STATUS_1": null, "HEIGHT": null, "STAGING_1": null, "CAPACITY_1": null, "MINRSUSAGE": null, "MINERALS": null, "NUMOFYRS": null, "AREA": null, "DAMTYPE_1": null, "LEVEL_1": "Built Up", "LEVEL_2": "Built Up (Urban)", "LEVEL_3": "Recreational", "LEVEL_4": "Parking Area", "LEVEL_5": "Parking Area", "TYPE": "Parking Area", "PART": "12", "Shape_Leng": 0.0, "Shape_Le_1": 0.0, "chk": null, "name1": null, "tempo": null, "Shape_Le_2": 154.48099803, "Shape_Area": 1120.4637117300001, "ORIG_FID": 72.0 }, "geometry": { "type": "Point", "coordinates": [ 75.820090262054094, 26.915725286748224 ] } },
{ "type": "Feature", "properties": { "OBJECTID_1": 212542.0, "OBJECTID_2": 0.0, "OBJECTID_3": 0.0, "OBJECTID": 22432.0, "SURVEYCOM": null, "GISCOM": null, "FCODE": "63", "SOFTLAYER": "LYRRECREATIONAL", "SOFTTABLE": "TBLRECPARKINGAREA", "NUISCODE": "00-00-05-02", "NAME": null, "BUSARRIVNG": null, "FACILITIES": null, "LINE": null, "STAGING": null, "LOCATION": "AJMERI GATE", "STATUS": "Off-Street", "HOUSES": null, "FLOORS": null, "INVSTCATEG": null, "PRODCAPCTY": null, "QUALITY": null, "AIRPOLLUCS": null, "ETPUNITS": null, "INDWASTWTR": null, "TYPOFPOLLU": null, "CATEGORY": null, "PRESNTPOSI": null, "PRODVALUE": null, "EMPLOYMENT": null, "GSCAPINVST": null, "DATED": null, "CAPACITY": null, "PRODTYPE": null, "CONTACT": null, "INDUSTTYPE": null, "WARDNO": null, "FACILITI_1": null, "MAJORFEAT": null, "WARDNO_1": null, "NATROFINST": null, "COURSECODE": null, "INSTCODE": null, "CITYCODE": null, "DISTCODE": null, "YEAROFEST": null, "COURSES": null, "LEVELS": null, "BENEFCARY": null, "MGMT": null, "INSTTYPE": null, "DISPOPRACT": null, "TOTALBEDS": null, "PHONE": null, "MRI": null, "CTSCAN": null, "CCU": null, "ICU": null, "AMBULANCE": null, "TRAUMA": null, "BLOODSTRUN": null, "CEMOC": null, "AVL24HRS": null, "WASTEDISP": null, "OWNERSHIP": null, "DISTRICT": null, "TEHSIL": null, "VILLAGE": null, "ADDRESS": null, "DETAILS": null, "JURISDICT": null, "VECHDETAIL": null, "DEPARTMENT": null, "DETAILS_1": null, "OPRSTATS": null, "PLANTTYPE": null, "KV": null, "WSALETYPE": null, "LOCATION1": null, "SIZES": null, "FUELTYPE": null, "BRANCH": null, "BUSARRIV_1": null, "BUSDEPARTG": null, "OFFPHONE": null, "STDCODE": null, "CELLNUMBER": null, "CHFOFFICER": null, "DIMENSION": null, "CATEGORY_1": null, "GAUGE": null, "DAMTYPE": null, "LEGALSTATS": null, "FORESTTYPE": null, "DIVISION": null, "FORESTBLCK": null, "TEMP": null, "STATUS_1": null, "HEIGHT": null, "STAGING_1": null, "CAPACITY_1": null, "MINRSUSAGE": null, "MINERALS": null, "NUMOFYRS": null, "AREA": null, "DAMTYPE_1": null, "LEVEL_1": "Built Up", "LEVEL_2": "Built Up (Urban)", "LEVEL_3": "Recreational", "LEVEL_4": "Parking Area", "LEVEL_5": "Parking Area", "TYPE": "Parking Area", "PART": "12", "Shape_Leng": 0.0, "Shape_Le_1": 0.0, "chk": null, "name1": null, "tempo": null, "Shape_Le_2": 237.76712631000001, "Shape_Area": 3323.1901373000001, "ORIG_FID": 73.0 }, "geometry": { "type": "Point", "coordinates": [ 75.823414048002348, 26.914992836134665 ] } },
{ "type": "Feature", "properties": { "OBJECTID_1": 212567.0, "OBJECTID_2": 0.0, "OBJECTID_3": 0.0, "OBJECTID": 25039.0, "SURVEYCOM": null, "GISCOM": null, "FCODE": "103", "SOFTLAYER": "LYRRECREATIONAL", "SOFTTABLE": null, "NUISCODE": "00-00-05-02", "NAME": null, "BUSARRIVNG": null, "FACILITIES": null, "LINE": null, "STAGING": null, "LOCATION": "JALEB CHOWK", "STATUS": "Off-Street", "HOUSES": null, "FLOORS": null, "INVSTCATEG": null, "PRODCAPCTY": null, "QUALITY": null, "AIRPOLLUCS": null, "ETPUNITS": null, "INDWASTWTR": null, "TYPOFPOLLU": null, "CATEGORY": null, "PRESNTPOSI": null, "PRODVALUE": null, "EMPLOYMENT": null, "GSCAPINVST": null, "DATED": null, "CAPACITY": null, "PRODTYPE": null, "CONTACT": null, "INDUSTTYPE": null, "WARDNO": null, "FACILITI_1": null, "MAJORFEAT": null, "WARDNO_1": null, "NATROFINST": null, "COURSECODE": null, "INSTCODE": null, "CITYCODE": null, "DISTCODE": null, "YEAROFEST": null, "COURSES": null, "LEVELS": null, "BENEFCARY": null, "MGMT": null, "INSTTYPE": null, "DISPOPRACT": null, "TOTALBEDS": null, "PHONE": null, "MRI": null, "CTSCAN": null, "CCU": null, "ICU": null, "AMBULANCE": null, "TRAUMA": null, "BLOODSTRUN": null, "CEMOC": null, "AVL24HRS": null, "WASTEDISP": null, "OWNERSHIP": null, "DISTRICT": null, "TEHSIL": null, "VILLAGE": null, "ADDRESS": null, "DETAILS": null, "JURISDICT": null, "VECHDETAIL": null, "DEPARTMENT": null, "DETAILS_1": null, "OPRSTATS": null, "PLANTTYPE": null, "KV": null, "WSALETYPE": null, "LOCATION1": null, "SIZES": null, "FUELTYPE": null, "BRANCH": null, "BUSARRIV_1": null, "BUSDEPARTG": null, "OFFPHONE": null, "STDCODE": null, "CELLNUMBER": null, "CHFOFFICER": null, "DIMENSION": null, "CATEGORY_1": null, "GAUGE": null, "DAMTYPE": null, "LEGALSTATS": null, "FORESTTYPE": null, "DIVISION": null, "FORESTBLCK": null, "TEMP": null, "STATUS_1": null, "HEIGHT": null, "STAGING_1": null, "CAPACITY_1": null, "MINRSUSAGE": null, "MINERALS": null, "NUMOFYRS": null, "AREA": null, "DAMTYPE_1": null, "LEVEL_1": "Built Up", "LEVEL_2": "Built Up (Urban)", "LEVEL_3": "Recreational", "LEVEL_4": "Parking Area", "LEVEL_5": "Parking Area", "TYPE": "Parking Area", "PART": "12", "Shape_Leng": 0.0, "Shape_Le_1": 0.0, "chk": null, "name1": null, "tempo": null, "Shape_Le_2": 178.40215988200001, "Shape_Area": 1978.61338806, "ORIG_FID": 74.0 }, "geometry": { "type": "Point", "coordinates": [ 75.825452422931178, 26.926839761100752 ] } },
{ "type": "Feature", "properties": { "OBJECTID_1": 212568.0, "OBJECTID_2": 0.0, "OBJECTID_3": 0.0, "OBJECTID": 25039.0, "SURVEYCOM": null, "GISCOM": null, "FCODE": "103", "SOFTLAYER": "LYRRECREATIONAL", "SOFTTABLE": null, "NUISCODE": "00-00-05-02", "NAME": null, "BUSARRIVNG": null, "FACILITIES": null, "LINE": null, "STAGING": null, "LOCATION": "City Palace Parking\r\n", "STATUS": "Off-Street", "HOUSES": null, "FLOORS": null, "INVSTCATEG": null, "PRODCAPCTY": null, "QUALITY": null, "AIRPOLLUCS": null, "ETPUNITS": null, "INDWASTWTR": null, "TYPOFPOLLU": null, "CATEGORY": null, "PRESNTPOSI": null, "PRODVALUE": null, "EMPLOYMENT": null, "GSCAPINVST": null, "DATED": null, "CAPACITY": null, "PRODTYPE": null, "CONTACT": null, "INDUSTTYPE": null, "WARDNO": null, "FACILITI_1": null, "MAJORFEAT": null, "WARDNO_1": null, "NATROFINST": null, "COURSECODE": null, "INSTCODE": null, "CITYCODE": null, "DISTCODE": null, "YEAROFEST": null, "COURSES": null, "LEVELS": null, "BENEFCARY": null, "MGMT": null, "INSTTYPE": null, "DISPOPRACT": null, "TOTALBEDS": null, "PHONE": null, "MRI": null, "CTSCAN": null, "CCU": null, "ICU": null, "AMBULANCE": null, "TRAUMA": null, "BLOODSTRUN": null, "CEMOC": null, "AVL24HRS": null, "WASTEDISP": null, "OWNERSHIP": null, "DISTRICT": null, "TEHSIL": null, "VILLAGE": null, "ADDRESS": null, "DETAILS": null, "JURISDICT": null, "VECHDETAIL": null, "DEPARTMENT": null, "DETAILS_1": null, "OPRSTATS": null, "PLANTTYPE": null, "KV": null, "WSALETYPE": null, "LOCATION1": null, "SIZES": null, "FUELTYPE": null, "BRANCH": null, "BUSARRIV_1": null, "BUSDEPARTG": null, "OFFPHONE": null, "STDCODE": null, "CELLNUMBER": null, "CHFOFFICER": null, "DIMENSION": null, "CATEGORY_1": null, "GAUGE": null, "DAMTYPE": null, "LEGALSTATS": null, "FORESTTYPE": null, "DIVISION": null, "FORESTBLCK": null, "TEMP": null, "STATUS_1": null, "HEIGHT": null, "STAGING_1": null, "CAPACITY_1": null, "MINRSUSAGE": null, "MINERALS": null, "NUMOFYRS": null, "AREA": null, "DAMTYPE_1": null, "LEVEL_1": "Built Up", "LEVEL_2": "Built Up (Urban)", "LEVEL_3": "Recreational", "LEVEL_4": "Parking Area", "LEVEL_5": "Parking Area", "TYPE": "Parking Area", "PART": "12", "Shape_Leng": 0.0, "Shape_Le_1": 0.0, "chk": null, "name1": null, "tempo": null, "Shape_Le_2": 165.11502554, "Shape_Area": 1637.5888199399999, "ORIG_FID": 75.0 }, "geometry": { "type": "Point", "coordinates": [ 75.825267250016225, 26.926115212266065 ] } },
{ "type": "Feature", "properties": { "OBJECTID_1": 212871.0, "OBJECTID_2": 0.0, "OBJECTID_3": 0.0, "OBJECTID": 20727.0, "SURVEYCOM": null, "GISCOM": null, "FCODE": "103", "SOFTLAYER": "LYRRECREATIONAL", "SOFTTABLE": null, "NUISCODE": "00-00-05-02", "NAME": "B. M. BIRLA AUDITORIUM AND TECHNOLOGY CENTER", "BUSARRIVNG": null, "FACILITIES": null, "LINE": null, "STAGING": null, "LOCATION": "High Court (Bhagwan Das Road)", "STATUS": "On-Street", "HOUSES": null, "FLOORS": null, "INVSTCATEG": null, "PRODCAPCTY": null, "QUALITY": null, "AIRPOLLUCS": null, "ETPUNITS": null, "INDWASTWTR": null, "TYPOFPOLLU": null, "CATEGORY": null, "PRESNTPOSI": null, "PRODVALUE": null, "EMPLOYMENT": null, "GSCAPINVST": null, "DATED": null, "CAPACITY": null, "PRODTYPE": null, "CONTACT": null, "INDUSTTYPE": null, "WARDNO": null, "FACILITI_1": null, "MAJORFEAT": null, "WARDNO_1": null, "NATROFINST": null, "COURSECODE": null, "INSTCODE": null, "CITYCODE": null, "DISTCODE": null, "YEAROFEST": null, "COURSES": null, "LEVELS": null, "BENEFCARY": null, "MGMT": null, "INSTTYPE": null, "DISPOPRACT": null, "TOTALBEDS": null, "PHONE": null, "MRI": null, "CTSCAN": null, "CCU": null, "ICU": null, "AMBULANCE": null, "TRAUMA": null, "BLOODSTRUN": null, "CEMOC": null, "AVL24HRS": null, "WASTEDISP": null, "OWNERSHIP": null, "DISTRICT": null, "TEHSIL": null, "VILLAGE": null, "ADDRESS": null, "DETAILS": null, "JURISDICT": null, "VECHDETAIL": null, "DEPARTMENT": null, "DETAILS_1": null, "OPRSTATS": null, "PLANTTYPE": null, "KV": null, "WSALETYPE": null, "LOCATION1": null, "SIZES": null, "FUELTYPE": null, "BRANCH": null, "BUSARRIV_1": null, "BUSDEPARTG": null, "OFFPHONE": null, "STDCODE": null, "CELLNUMBER": null, "CHFOFFICER": null, "DIMENSION": null, "CATEGORY_1": null, "GAUGE": null, "DAMTYPE": null, "LEGALSTATS": null, "FORESTTYPE": null, "DIVISION": null, "FORESTBLCK": null, "TEMP": null, "STATUS_1": null, "HEIGHT": null, "STAGING_1": null, "CAPACITY_1": null, "MINRSUSAGE": null, "MINERALS": null, "NUMOFYRS": null, "AREA": null, "DAMTYPE_1": null, "LEVEL_1": "Built Up", "LEVEL_2": "Built Up (Urban)", "LEVEL_3": "Recreational", "LEVEL_4": "Parking Area", "LEVEL_5": "Parking Area", "TYPE": "Parking Area", "PART": "12", "Shape_Leng": 0.0, "Shape_Le_1": 0.0, "chk": null, "name1": null, "tempo": null, "Shape_Le_2": 199.58143841699999, "Shape_Area": 1737.43862356, "ORIG_FID": 76.0 }, "geometry": { "type": "Point", "coordinates": [ 75.807025832420351, 26.906578357143868 ] } },
{ "type": "Feature", "properties": { "OBJECTID_1": 213030.0, "OBJECTID_2": 0.0, "OBJECTID_3": 0.0, "OBJECTID": 24655.0, "SURVEYCOM": "SINDI CAMP BUS STAND", "GISCOM": null, "FCODE": "103", "SOFTLAYER": "LYRRECREATIONAL", "SOFTTABLE": null, "NUISCODE": "00-00-05-02", "NAME": null, "BUSARRIVNG": null, "FACILITIES": null, "LINE": null, "STAGING": null, "LOCATION": null, "STATUS": "On-Street", "HOUSES": null, "FLOORS": null, "INVSTCATEG": null, "PRODCAPCTY": null, "QUALITY": null, "AIRPOLLUCS": null, "ETPUNITS": null, "INDWASTWTR": null, "TYPOFPOLLU": null, "CATEGORY": null, "PRESNTPOSI": null, "PRODVALUE": null, "EMPLOYMENT": null, "GSCAPINVST": null, "DATED": null, "CAPACITY": null, "PRODTYPE": null, "CONTACT": null, "INDUSTTYPE": null, "WARDNO": null, "FACILITI_1": null, "MAJORFEAT": null, "WARDNO_1": null, "NATROFINST": null, "COURSECODE": null, "INSTCODE": null, "CITYCODE": null, "DISTCODE": null, "YEAROFEST": null, "COURSES": null, "LEVELS": null, "BENEFCARY": null, "MGMT": null, "INSTTYPE": null, "DISPOPRACT": null, "TOTALBEDS": null, "PHONE": null, "MRI": null, "CTSCAN": null, "CCU": null, "ICU": null, "AMBULANCE": null, "TRAUMA": null, "BLOODSTRUN": null, "CEMOC": null, "AVL24HRS": null, "WASTEDISP": null, "OWNERSHIP": null, "DISTRICT": null, "TEHSIL": null, "VILLAGE": null, "ADDRESS": null, "DETAILS": null, "JURISDICT": null, "VECHDETAIL": null, "DEPARTMENT": null, "DETAILS_1": null, "OPRSTATS": null, "PLANTTYPE": null, "KV": null, "WSALETYPE": null, "LOCATION1": null, "SIZES": null, "FUELTYPE": null, "BRANCH": null, "BUSARRIV_1": null, "BUSDEPARTG": null, "OFFPHONE": null, "STDCODE": null, "CELLNUMBER": null, "CHFOFFICER": null, "DIMENSION": null, "CATEGORY_1": null, "GAUGE": null, "DAMTYPE": null, "LEGALSTATS": null, "FORESTTYPE": null, "DIVISION": null, "FORESTBLCK": null, "TEMP": null, "STATUS_1": null, "HEIGHT": null, "STAGING_1": null, "CAPACITY_1": null, "MINRSUSAGE": null, "MINERALS": null, "NUMOFYRS": null, "AREA": null, "DAMTYPE_1": null, "LEVEL_1": "Built Up", "LEVEL_2": "Built Up (Urban)", "LEVEL_3": "Recreational", "LEVEL_4": "Parking Area", "LEVEL_5": "Parking Area", "TYPE": "Parking Area", "PART": "12", "Shape_Leng": 0.0, "Shape_Le_1": 0.0, "chk": null, "name1": null, "tempo": null, "Shape_Le_2": 101.651243005, "Shape_Area": 535.97346278199996, "ORIG_FID": 77.0 }, "geometry": { "type": "Point", "coordinates": [ 75.800033730964216, 26.923397891879457 ] } },
{ "type": "Feature", "properties": { "OBJECTID_1": 0.0, "OBJECTID_2": 0.0, "OBJECTID_3": 0.0, "OBJECTID": 0.0, "SURVEYCOM": null, "GISCOM": null, "FCODE": null, "SOFTLAYER": null, "SOFTTABLE": null, "NUISCODE": null, "NAME": null, "BUSARRIVNG": null, "FACILITIES": null, "LINE": null, "STAGING": null, "LOCATION": "Gandhi Nagar Railway Station Parking", "STATUS": "On-Street", "HOUSES": null, "FLOORS": null, "INVSTCATEG": null, "PRODCAPCTY": null, "QUALITY": null, "AIRPOLLUCS": null, "ETPUNITS": null, "INDWASTWTR": null, "TYPOFPOLLU": null, "CATEGORY": null, "PRESNTPOSI": null, "PRODVALUE": null, "EMPLOYMENT": null, "GSCAPINVST": null, "DATED": null, "CAPACITY": null, "PRODTYPE": null, "CONTACT": null, "INDUSTTYPE": null, "WARDNO": null, "FACILITI_1": null, "MAJORFEAT": null, "WARDNO_1": null, "NATROFINST": null, "COURSECODE": null, "INSTCODE": null, "CITYCODE": null, "DISTCODE": null, "YEAROFEST": null, "COURSES": null, "LEVELS": null, "BENEFCARY": null, "MGMT": null, "INSTTYPE": null, "DISPOPRACT": null, "TOTALBEDS": null, "PHONE": null, "MRI": null, "CTSCAN": null, "CCU": null, "ICU": null, "AMBULANCE": null, "TRAUMA": null, "BLOODSTRUN": null, "CEMOC": null, "AVL24HRS": null, "WASTEDISP": null, "OWNERSHIP": null, "DISTRICT": null, "TEHSIL": null, "VILLAGE": null, "ADDRESS": null, "DETAILS": null, "JURISDICT": null, "VECHDETAIL": null, "DEPARTMENT": null, "DETAILS_1": null, "OPRSTATS": null, "PLANTTYPE": null, "KV": null, "WSALETYPE": null, "LOCATION1": null, "SIZES": null, "FUELTYPE": null, "BRANCH": null, "BUSARRIV_1": null, "BUSDEPARTG": null, "OFFPHONE": null, "STDCODE": null, "CELLNUMBER": null, "CHFOFFICER": null, "DIMENSION": null, "CATEGORY_1": null, "GAUGE": null, "DAMTYPE": null, "LEGALSTATS": null, "FORESTTYPE": null, "DIVISION": null, "FORESTBLCK": null, "TEMP": null, "STATUS_1": null, "HEIGHT": null, "STAGING_1": null, "CAPACITY_1": null, "MINRSUSAGE": null, "MINERALS": null, "NUMOFYRS": null, "AREA": null, "DAMTYPE_1": null, "LEVEL_1": null, "LEVEL_2": null, "LEVEL_3": null, "LEVEL_4": null, "LEVEL_5": null, "TYPE": null, "PART": null, "Shape_Leng": 0.0, "Shape_Le_1": 0.0, "chk": null, "name1": null, "tempo": null, "Shape_Le_2": 0.0, "Shape_Area": 0.0, "ORIG_FID": 0.0 }, "geometry": { "type": "Point", "coordinates": [ 75.799030461589638, 26.873749905836892 ] } },
{ "type": "Feature", "properties": { "OBJECTID_1": 0.0, "OBJECTID_2": 0.0, "OBJECTID_3": 0.0, "OBJECTID": 0.0, "SURVEYCOM": null, "GISCOM": null, "FCODE": null, "SOFTLAYER": null, "SOFTTABLE": null, "NUISCODE": null, "NAME": null, "BUSARRIVNG": null, "FACILITIES": null, "LINE": null, "STAGING": null, "LOCATION": "Barkat Nagar Market", "STATUS": "On-Street", "HOUSES": null, "FLOORS": null, "INVSTCATEG": null, "PRODCAPCTY": null, "QUALITY": null, "AIRPOLLUCS": null, "ETPUNITS": null, "INDWASTWTR": null, "TYPOFPOLLU": null, "CATEGORY": null, "PRESNTPOSI": null, "PRODVALUE": null, "EMPLOYMENT": null, "GSCAPINVST": null, "DATED": null, "CAPACITY": null, "PRODTYPE": null, "CONTACT": null, "INDUSTTYPE": null, "WARDNO": null, "FACILITI_1": null, "MAJORFEAT": null, "WARDNO_1": null, "NATROFINST": null, "COURSECODE": null, "INSTCODE": null, "CITYCODE": null, "DISTCODE": null, "YEAROFEST": null, "COURSES": null, "LEVELS": null, "BENEFCARY": null, "MGMT": null, "INSTTYPE": null, "DISPOPRACT": null, "TOTALBEDS": null, "PHONE": null, "MRI": null, "CTSCAN": null, "CCU": null, "ICU": null, "AMBULANCE": null, "TRAUMA": null, "BLOODSTRUN": null, "CEMOC": null, "AVL24HRS": null, "WASTEDISP": null, "OWNERSHIP": null, "DISTRICT": null, "TEHSIL": null, "VILLAGE": null, "ADDRESS": null, "DETAILS": null, "JURISDICT": null, "VECHDETAIL": null, "DEPARTMENT": null, "DETAILS_1": null, "OPRSTATS": null, "PLANTTYPE": null, "KV": null, "WSALETYPE": null, "LOCATION1": null, "SIZES": null, "FUELTYPE": null, "BRANCH": null, "BUSARRIV_1": null, "BUSDEPARTG": null, "OFFPHONE": null, "STDCODE": null, "CELLNUMBER": null, "CHFOFFICER": null, "DIMENSION": null, "CATEGORY_1": null, "GAUGE": null, "DAMTYPE": null, "LEGALSTATS": null, "FORESTTYPE": null, "DIVISION": null, "FORESTBLCK": null, "TEMP": null, "STATUS_1": null, "HEIGHT": null, "STAGING_1": null, "CAPACITY_1": null, "MINRSUSAGE": null, "MINERALS": null, "NUMOFYRS": null, "AREA": null, "DAMTYPE_1": null, "LEVEL_1": null, "LEVEL_2": null, "LEVEL_3": null, "LEVEL_4": null, "LEVEL_5": null, "TYPE": null, "PART": null, "Shape_Leng": 0.0, "Shape_Le_1": 0.0, "chk": null, "name1": null, "tempo": null, "Shape_Le_2": 0.0, "Shape_Area": 0.0, "ORIG_FID": 0.0 }, "geometry": { "type": "Point", "coordinates": [ 75.789701999647619, 26.879480099926703 ] } },
{ "type": "Feature", "properties": { "OBJECTID_1": 0.0, "OBJECTID_2": 0.0, "OBJECTID_3": 0.0, "OBJECTID": 0.0, "SURVEYCOM": null, "GISCOM": null, "FCODE": null, "SOFTLAYER": null, "SOFTTABLE": null, "NUISCODE": null, "NAME": null, "BUSARRIVNG": null, "FACILITIES": null, "LINE": null, "STAGING": null, "LOCATION": "Johari Bazar Road", "STATUS": "On-Street", "HOUSES": null, "FLOORS": null, "INVSTCATEG": null, "PRODCAPCTY": null, "QUALITY": null, "AIRPOLLUCS": null, "ETPUNITS": null, "INDWASTWTR": null, "TYPOFPOLLU": null, "CATEGORY": null, "PRESNTPOSI": null, "PRODVALUE": null, "EMPLOYMENT": null, "GSCAPINVST": null, "DATED": null, "CAPACITY": null, "PRODTYPE": null, "CONTACT": null, "INDUSTTYPE": null, "WARDNO": null, "FACILITI_1": null, "MAJORFEAT": null, "WARDNO_1": null, "NATROFINST": null, "COURSECODE": null, "INSTCODE": null, "CITYCODE": null, "DISTCODE": null, "YEAROFEST": null, "COURSES": null, "LEVELS": null, "BENEFCARY": null, "MGMT": null, "INSTTYPE": null, "DISPOPRACT": null, "TOTALBEDS": null, "PHONE": null, "MRI": null, "CTSCAN": null, "CCU": null, "ICU": null, "AMBULANCE": null, "TRAUMA": null, "BLOODSTRUN": null, "CEMOC": null, "AVL24HRS": null, "WASTEDISP": null, "OWNERSHIP": null, "DISTRICT": null, "TEHSIL": null, "VILLAGE": null, "ADDRESS": null, "DETAILS": null, "JURISDICT": null, "VECHDETAIL": null, "DEPARTMENT": null, "DETAILS_1": null, "OPRSTATS": null, "PLANTTYPE": null, "KV": null, "WSALETYPE": null, "LOCATION1": null, "SIZES": null, "FUELTYPE": null, "BRANCH": null, "BUSARRIV_1": null, "BUSDEPARTG": null, "OFFPHONE": null, "STDCODE": null, "CELLNUMBER": null, "CHFOFFICER": null, "DIMENSION": null, "CATEGORY_1": null, "GAUGE": null, "DAMTYPE": null, "LEGALSTATS": null, "FORESTTYPE": null, "DIVISION": null, "FORESTBLCK": null, "TEMP": null, "STATUS_1": null, "HEIGHT": null, "STAGING_1": null, "CAPACITY_1": null, "MINRSUSAGE": null, "MINERALS": null, "NUMOFYRS": null, "AREA": null, "DAMTYPE_1": null, "LEVEL_1": null, "LEVEL_2": null, "LEVEL_3": null, "LEVEL_4": null, "LEVEL_5": null, "TYPE": null, "PART": null, "Shape_Leng": 0.0, "Shape_Le_1": 0.0, "chk": null, "name1": null, "tempo": null, "Shape_Le_2": 0.0, "Shape_Area": 0.0, "ORIG_FID": 0.0 }, "geometry": { "type": "Point", "coordinates": [ 75.821164630870115, 26.916164851065897 ] } },
{ "type": "Feature", "properties": { "OBJECTID_1": 0.0, "OBJECTID_2": 0.0, "OBJECTID_3": 0.0, "OBJECTID": 0.0, "SURVEYCOM": null, "GISCOM": null, "FCODE": null, "SOFTLAYER": null, "SOFTTABLE": null, "NUISCODE": null, "NAME": null, "BUSARRIVNG": null, "FACILITIES": null, "LINE": null, "STAGING": null, "LOCATION": "JDA Vaishali Marg Parking", "STATUS": "On-Street", "HOUSES": null, "FLOORS": null, "INVSTCATEG": null, "PRODCAPCTY": null, "QUALITY": null, "AIRPOLLUCS": null, "ETPUNITS": null, "INDWASTWTR": null, "TYPOFPOLLU": null, "CATEGORY": null, "PRESNTPOSI": null, "PRODVALUE": null, "EMPLOYMENT": null, "GSCAPINVST": null, "DATED": null, "CAPACITY": null, "PRODTYPE": null, "CONTACT": null, "INDUSTTYPE": null, "WARDNO": null, "FACILITI_1": null, "MAJORFEAT": null, "WARDNO_1": null, "NATROFINST": null, "COURSECODE": null, "INSTCODE": null, "CITYCODE": null, "DISTCODE": null, "YEAROFEST": null, "COURSES": null, "LEVELS": null, "BENEFCARY": null, "MGMT": null, "INSTTYPE": null, "DISPOPRACT": null, "TOTALBEDS": null, "PHONE": null, "MRI": null, "CTSCAN": null, "CCU": null, "ICU": null, "AMBULANCE": null, "TRAUMA": null, "BLOODSTRUN": null, "CEMOC": null, "AVL24HRS": null, "WASTEDISP": null, "OWNERSHIP": null, "DISTRICT": null, "TEHSIL": null, "VILLAGE": null, "ADDRESS": null, "DETAILS": null, "JURISDICT": null, "VECHDETAIL": null, "DEPARTMENT": null, "DETAILS_1": null, "OPRSTATS": null, "PLANTTYPE": null, "KV": null, "WSALETYPE": null, "LOCATION1": null, "SIZES": null, "FUELTYPE": null, "BRANCH": null, "BUSARRIV_1": null, "BUSDEPARTG": null, "OFFPHONE": null, "STDCODE": null, "CELLNUMBER": null, "CHFOFFICER": null, "DIMENSION": null, "CATEGORY_1": null, "GAUGE": null, "DAMTYPE": null, "LEGALSTATS": null, "FORESTTYPE": null, "DIVISION": null, "FORESTBLCK": null, "TEMP": null, "STATUS_1": null, "HEIGHT": null, "STAGING_1": null, "CAPACITY_1": null, "MINRSUSAGE": null, "MINERALS": null, "NUMOFYRS": null, "AREA": null, "DAMTYPE_1": null, "LEVEL_1": null, "LEVEL_2": null, "LEVEL_3": null, "LEVEL_4": null, "LEVEL_5": null, "TYPE": null, "PART": null, "Shape_Leng": 0.0, "Shape_Le_1": 0.0, "chk": null, "name1": null, "tempo": null, "Shape_Le_2": 0.0, "Shape_Area": 0.0, "ORIG_FID": 0.0 }, "geometry": { "type": "Point", "coordinates": [ 75.737985100432084, 26.914351600046356 ] } },
{ "type": "Feature", "properties": { "OBJECTID_1": 0.0, "OBJECTID_2": 0.0, "OBJECTID_3": 0.0, "OBJECTID": 0.0, "SURVEYCOM": null, "GISCOM": null, "FCODE": null, "SOFTLAYER": null, "SOFTTABLE": null, "NUISCODE": null, "NAME": null, "BUSARRIVNG": null, "FACILITIES": null, "LINE": null, "STAGING": null, "LOCATION": "Tripolia Bazaar Road", "STATUS": "On-Street", "HOUSES": null, "FLOORS": null, "INVSTCATEG": null, "PRODCAPCTY": null, "QUALITY": null, "AIRPOLLUCS": null, "ETPUNITS": null, "INDWASTWTR": null, "TYPOFPOLLU": null, "CATEGORY": null, "PRESNTPOSI": null, "PRODVALUE": null, "EMPLOYMENT": null, "GSCAPINVST": null, "DATED": null, "CAPACITY": null, "PRODTYPE": null, "CONTACT": null, "INDUSTTYPE": null, "WARDNO": null, "FACILITI_1": null, "MAJORFEAT": null, "WARDNO_1": null, "NATROFINST": null, "COURSECODE": null, "INSTCODE": null, "CITYCODE": null, "DISTCODE": null, "YEAROFEST": null, "COURSES": null, "LEVELS": null, "BENEFCARY": null, "MGMT": null, "INSTTYPE": null, "DISPOPRACT": null, "TOTALBEDS": null, "PHONE": null, "MRI": null, "CTSCAN": null, "CCU": null, "ICU": null, "AMBULANCE": null, "TRAUMA": null, "BLOODSTRUN": null, "CEMOC": null, "AVL24HRS": null, "WASTEDISP": null, "OWNERSHIP": null, "DISTRICT": null, "TEHSIL": null, "VILLAGE": null, "ADDRESS": null, "DETAILS": null, "JURISDICT": null, "VECHDETAIL": null, "DEPARTMENT": null, "DETAILS_1": null, "OPRSTATS": null, "PLANTTYPE": null, "KV": null, "WSALETYPE": null, "LOCATION1": null, "SIZES": null, "FUELTYPE": null, "BRANCH": null, "BUSARRIV_1": null, "BUSDEPARTG": null, "OFFPHONE": null, "STDCODE": null, "CELLNUMBER": null, "CHFOFFICER": null, "DIMENSION": null, "CATEGORY_1": null, "GAUGE": null, "DAMTYPE": null, "LEGALSTATS": null, "FORESTTYPE": null, "DIVISION": null, "FORESTBLCK": null, "TEMP": null, "STATUS_1": null, "HEIGHT": null, "STAGING_1": null, "CAPACITY_1": null, "MINRSUSAGE": null, "MINERALS": null, "NUMOFYRS": null, "AREA": null, "DAMTYPE_1": null, "LEVEL_1": null, "LEVEL_2": null, "LEVEL_3": null, "LEVEL_4": null, "LEVEL_5": null, "TYPE": null, "PART": null, "Shape_Leng": 0.0, "Shape_Le_1": 0.0, "chk": null, "name1": null, "tempo": null, "Shape_Le_2": 0.0, "Shape_Area": 0.0, "ORIG_FID": 0.0 }, "geometry": { "type": "Point", "coordinates": [ 75.821523299760557, 26.923440199905372 ] } },
{ "type": "Feature", "properties": { "OBJECTID_1": 0.0, "OBJECTID_2": 0.0, "OBJECTID_3": 0.0, "OBJECTID": 0.0, "SURVEYCOM": null, "GISCOM": null, "FCODE": null, "SOFTLAYER": null, "SOFTTABLE": null, "NUISCODE": null, "NAME": null, "BUSARRIVNG": null, "FACILITIES": null, "LINE": null, "STAGING": null, "LOCATION": null, "STATUS": "Off-Street", "HOUSES": null, "FLOORS": null, "INVSTCATEG": null, "PRODCAPCTY": null, "QUALITY": null, "AIRPOLLUCS": null, "ETPUNITS": null, "INDWASTWTR": null, "TYPOFPOLLU": null, "CATEGORY": null, "PRESNTPOSI": null, "PRODVALUE": null, "EMPLOYMENT": null, "GSCAPINVST": null, "DATED": null, "CAPACITY": null, "PRODTYPE": null, "CONTACT": null, "INDUSTTYPE": null, "WARDNO": null, "FACILITI_1": null, "MAJORFEAT": null, "WARDNO_1": null, "NATROFINST": null, "COURSECODE": null, "INSTCODE": null, "CITYCODE": null, "DISTCODE": null, "YEAROFEST": null, "COURSES": null, "LEVELS": null, "BENEFCARY": null, "MGMT": null, "INSTTYPE": null, "DISPOPRACT": null, "TOTALBEDS": null, "PHONE": null, "MRI": null, "CTSCAN": null, "CCU": null, "ICU": null, "AMBULANCE": null, "TRAUMA": null, "BLOODSTRUN": null, "CEMOC": null, "AVL24HRS": null, "WASTEDISP": null, "OWNERSHIP": null, "DISTRICT": null, "TEHSIL": null, "VILLAGE": null, "ADDRESS": null, "DETAILS": null, "JURISDICT": null, "VECHDETAIL": null, "DEPARTMENT": null, "DETAILS_1": null, "OPRSTATS": null, "PLANTTYPE": null, "KV": null, "WSALETYPE": null, "LOCATION1": null, "SIZES": null, "FUELTYPE": null, "BRANCH": null, "BUSARRIV_1": null, "BUSDEPARTG": null, "OFFPHONE": null, "STDCODE": null, "CELLNUMBER": null, "CHFOFFICER": null, "DIMENSION": null, "CATEGORY_1": null, "GAUGE": null, "DAMTYPE": null, "LEGALSTATS": null, "FORESTTYPE": null, "DIVISION": null, "FORESTBLCK": null, "TEMP": null, "STATUS_1": null, "HEIGHT": null, "STAGING_1": null, "CAPACITY_1": null, "MINRSUSAGE": null, "MINERALS": null, "NUMOFYRS": null, "AREA": null, "DAMTYPE_1": null, "LEVEL_1": null, "LEVEL_2": null, "LEVEL_3": null, "LEVEL_4": null, "LEVEL_5": null, "TYPE": null, "PART": null, "Shape_Leng": 0.0, "Shape_Le_1": 0.0, "chk": null, "name1": null, "tempo": null, "Shape_Le_2": 0.0, "Shape_Area": 0.0, "ORIG_FID": 0.0 }, "geometry": null },
{ "type": "Feature", "properties": { "OBJECTID_1": 0.0, "OBJECTID_2": 0.0, "OBJECTID_3": 0.0, "OBJECTID": 0.0, "SURVEYCOM": null, "GISCOM": null, "FCODE": null, "SOFTLAYER": null, "SOFTTABLE": null, "NUISCODE": null, "NAME": null, "BUSARRIVNG": null, "FACILITIES": null, "LINE": null, "STAGING": null, "LOCATION": "Ramniwas Bagh", "STATUS": "Multi-Storey", "HOUSES": null, "FLOORS": null, "INVSTCATEG": null, "PRODCAPCTY": null, "QUALITY": null, "AIRPOLLUCS": null, "ETPUNITS": null, "INDWASTWTR": null, "TYPOFPOLLU": null, "CATEGORY": null, "PRESNTPOSI": null, "PRODVALUE": null, "EMPLOYMENT": null, "GSCAPINVST": null, "DATED": null, "CAPACITY": null, "PRODTYPE": null, "CONTACT": null, "INDUSTTYPE": null, "WARDNO": null, "FACILITI_1": null, "MAJORFEAT": null, "WARDNO_1": null, "NATROFINST": null, "COURSECODE": null, "INSTCODE": null, "CITYCODE": null, "DISTCODE": null, "YEAROFEST": null, "COURSES": null, "LEVELS": null, "BENEFCARY": null, "MGMT": null, "INSTTYPE": null, "DISPOPRACT": null, "TOTALBEDS": null, "PHONE": null, "MRI": null, "CTSCAN": null, "CCU": null, "ICU": null, "AMBULANCE": null, "TRAUMA": null, "BLOODSTRUN": null, "CEMOC": null, "AVL24HRS": null, "WASTEDISP": null, "OWNERSHIP": null, "DISTRICT": null, "TEHSIL": null, "VILLAGE": null, "ADDRESS": null, "DETAILS": null, "JURISDICT": null, "VECHDETAIL": null, "DEPARTMENT": null, "DETAILS_1": null, "OPRSTATS": null, "PLANTTYPE": null, "KV": null, "WSALETYPE": null, "LOCATION1": null, "SIZES": null, "FUELTYPE": null, "BRANCH": null, "BUSARRIV_1": null, "BUSDEPARTG": null, "OFFPHONE": null, "STDCODE": null, "CELLNUMBER": null, "CHFOFFICER": null, "DIMENSION": null, "CATEGORY_1": null, "GAUGE": null, "DAMTYPE": null, "LEGALSTATS": null, "FORESTTYPE": null, "DIVISION": null, "FORESTBLCK": null, "TEMP": null, "STATUS_1": null, "HEIGHT": null, "STAGING_1": null, "CAPACITY_1": null, "MINRSUSAGE": null, "MINERALS": null, "NUMOFYRS": null, "AREA": null, "DAMTYPE_1": null, "LEVEL_1": null, "LEVEL_2": null, "LEVEL_3": null, "LEVEL_4": null, "LEVEL_5": null, "TYPE": null, "PART": null, "Shape_Leng": 0.0, "Shape_Le_1": 0.0, "chk": null, "name1": null, "tempo": null, "Shape_Le_2": 0.0, "Shape_Area": 0.0, "ORIG_FID": 0.0 }, "geometry": { "type": "Point", "coordinates": [ 75.817932500000055, 26.915035300000056 ] } },
{ "type": "Feature", "properties": { "OBJECTID_1": 0.0, "OBJECTID_2": 0.0, "OBJECTID_3": 0.0, "OBJECTID": 0.0, "SURVEYCOM": null, "GISCOM": null, "FCODE": null, "SOFTLAYER": null, "SOFTTABLE": null, "NUISCODE": null, "NAME": null, "BUSARRIVNG": null, "FACILITIES": null, "LINE": null, "STAGING": null, "LOCATION": "Under Ground Parking", "STATUS": "Multi-Storey", "HOUSES": null, "FLOORS": null, "INVSTCATEG": null, "PRODCAPCTY": null, "QUALITY": null, "AIRPOLLUCS": null, "ETPUNITS": null, "INDWASTWTR": null, "TYPOFPOLLU": null, "CATEGORY": null, "PRESNTPOSI": null, "PRODVALUE": null, "EMPLOYMENT": null, "GSCAPINVST": null, "DATED": null, "CAPACITY": null, "PRODTYPE": null, "CONTACT": null, "INDUSTTYPE": null, "WARDNO": null, "FACILITI_1": null, "MAJORFEAT": null, "WARDNO_1": null, "NATROFINST": null, "COURSECODE": null, "INSTCODE": null, "CITYCODE": null, "DISTCODE": null, "YEAROFEST": null, "COURSES": null, "LEVELS": null, "BENEFCARY": null, "MGMT": null, "INSTTYPE": null, "DISPOPRACT": null, "TOTALBEDS": null, "PHONE": null, "MRI": null, "CTSCAN": null, "CCU": null, "ICU": null, "AMBULANCE": null, "TRAUMA": null, "BLOODSTRUN": null, "CEMOC": null, "AVL24HRS": null, "WASTEDISP": null, "OWNERSHIP": null, "DISTRICT": null, "TEHSIL": null, "VILLAGE": null, "ADDRESS": null, "DETAILS": null, "JURISDICT": null, "VECHDETAIL": null, "DEPARTMENT": null, "DETAILS_1": null, "OPRSTATS": null, "PLANTTYPE": null, "KV": null, "WSALETYPE": null, "LOCATION1": null, "SIZES": null, "FUELTYPE": null, "BRANCH": null, "BUSARRIV_1": null, "BUSDEPARTG": null, "OFFPHONE": null, "STDCODE": null, "CELLNUMBER": null, "CHFOFFICER": null, "DIMENSION": null, "CATEGORY_1": null, "GAUGE": null, "DAMTYPE": null, "LEGALSTATS": null, "FORESTTYPE": null, "DIVISION": null, "FORESTBLCK": null, "TEMP": null, "STATUS_1": null, "HEIGHT": null, "STAGING_1": null, "CAPACITY_1": null, "MINRSUSAGE": null, "MINERALS": null, "NUMOFYRS": null, "AREA": null, "DAMTYPE_1": null, "LEVEL_1": null, "LEVEL_2": null, "LEVEL_3": null, "LEVEL_4": null, "LEVEL_5": null, "TYPE": null, "PART": null, "Shape_Leng": 0.0, "Shape_Le_1": 0.0, "chk": null, "name1": null, "tempo": null, "Shape_Le_2": 0.0, "Shape_Area": 0.0, "ORIG_FID": 0.0 }, "geometry": { "type": "Point", "coordinates": [ 75.815644400000068, 26.906628 ] } },
{ "type": "Feature", "properties": { "OBJECTID_1": 0.0, "OBJECTID_2": 0.0, "OBJECTID_3": 0.0, "OBJECTID": 0.0, "SURVEYCOM": null, "GISCOM": null, "FCODE": null, "SOFTLAYER": null, "SOFTTABLE": null, "NUISCODE": null, "NAME": null, "BUSARRIVNG": null, "FACILITIES": null, "LINE": null, "STAGING": null, "LOCATION": "Pink square", "STATUS": "Multi-Storey", "HOUSES": null, "FLOORS": null, "INVSTCATEG": null, "PRODCAPCTY": null, "QUALITY": null, "AIRPOLLUCS": null, "ETPUNITS": null, "INDWASTWTR": null, "TYPOFPOLLU": null, "CATEGORY": null, "PRESNTPOSI": null, "PRODVALUE": null, "EMPLOYMENT": null, "GSCAPINVST": null, "DATED": null, "CAPACITY": null, "PRODTYPE": null, "CONTACT": null, "INDUSTTYPE": null, "WARDNO": null, "FACILITI_1": null, "MAJORFEAT": null, "WARDNO_1": null, "NATROFINST": null, "COURSECODE": null, "INSTCODE": null, "CITYCODE": null, "DISTCODE": null, "YEAROFEST": null, "COURSES": null, "LEVELS": null, "BENEFCARY": null, "MGMT": null, "INSTTYPE": null, "DISPOPRACT": null, "TOTALBEDS": null, "PHONE": null, "MRI": null, "CTSCAN": null, "CCU": null, "ICU": null, "AMBULANCE": null, "TRAUMA": null, "BLOODSTRUN": null, "CEMOC": null, "AVL24HRS": null, "WASTEDISP": null, "OWNERSHIP": null, "DISTRICT": null, "TEHSIL": null, "VILLAGE": null, "ADDRESS": null, "DETAILS": null, "JURISDICT": null, "VECHDETAIL": null, "DEPARTMENT": null, "DETAILS_1": null, "OPRSTATS": null, "PLANTTYPE": null, "KV": null, "WSALETYPE": null, "LOCATION1": null, "SIZES": null, "FUELTYPE": null, "BRANCH": null, "BUSARRIV_1": null, "BUSDEPARTG": null, "OFFPHONE": null, "STDCODE": null, "CELLNUMBER": null, "CHFOFFICER": null, "DIMENSION": null, "CATEGORY_1": null, "GAUGE": null, "DAMTYPE": null, "LEGALSTATS": null, "FORESTTYPE": null, "DIVISION": null, "FORESTBLCK": null, "TEMP": null, "STATUS_1": null, "HEIGHT": null, "STAGING_1": null, "CAPACITY_1": null, "MINRSUSAGE": null, "MINERALS": null, "NUMOFYRS": null, "AREA": null, "DAMTYPE_1": null, "LEVEL_1": null, "LEVEL_2": null, "LEVEL_3": null, "LEVEL_4": null, "LEVEL_5": null, "TYPE": null, "PART": null, "Shape_Leng": 0.0, "Shape_Le_1": 0.0, "chk": null, "name1": null, "tempo": null, "Shape_Le_2": 0.0, "Shape_Area": 0.0, "ORIG_FID": 0.0 }, "geometry": { "type": "Point", "coordinates": [ 75.836878800000093, 26.903061900000065 ] } },
{ "type": "Feature", "properties": { "OBJECTID_1": 0.0, "OBJECTID_2": 0.0, "OBJECTID_3": 0.0, "OBJECTID": 0.0, "SURVEYCOM": null, "GISCOM": null, "FCODE": null, "SOFTLAYER": null, "SOFTTABLE": null, "NUISCODE": null, "NAME": null, "BUSARRIVNG": null, "FACILITIES": null, "LINE": null, "STAGING": null, "LOCATION": "Gangori Bazar", "STATUS": "Multi-Storey", "HOUSES": null, "FLOORS": null, "INVSTCATEG": null, "PRODCAPCTY": null, "QUALITY": null, "AIRPOLLUCS": null, "ETPUNITS": null, "INDWASTWTR": null, "TYPOFPOLLU": null, "CATEGORY": null, "PRESNTPOSI": null, "PRODVALUE": null, "EMPLOYMENT": null, "GSCAPINVST": null, "DATED": null, "CAPACITY": null, "PRODTYPE": null, "CONTACT": null, "INDUSTTYPE": null, "WARDNO": null, "FACILITI_1": null, "MAJORFEAT": null, "WARDNO_1": null, "NATROFINST": null, "COURSECODE": null, "INSTCODE": null, "CITYCODE": null, "DISTCODE": null, "YEAROFEST": null, "COURSES": null, "LEVELS": null, "BENEFCARY": null, "MGMT": null, "INSTTYPE": null, "DISPOPRACT": null, "TOTALBEDS": null, "PHONE": null, "MRI": null, "CTSCAN": null, "CCU": null, "ICU": null, "AMBULANCE": null, "TRAUMA": null, "BLOODSTRUN": null, "CEMOC": null, "AVL24HRS": null, "WASTEDISP": null, "OWNERSHIP": null, "DISTRICT": null, "TEHSIL": null, "VILLAGE": null, "ADDRESS": null, "DETAILS": null, "JURISDICT": null, "VECHDETAIL": null, "DEPARTMENT": null, "DETAILS_1": null, "OPRSTATS": null, "PLANTTYPE": null, "KV": null, "WSALETYPE": null, "LOCATION1": null, "SIZES": null, "FUELTYPE": null, "BRANCH": null, "BUSARRIV_1": null, "BUSDEPARTG": null, "OFFPHONE": null, "STDCODE": null, "CELLNUMBER": null, "CHFOFFICER": null, "DIMENSION": null, "CATEGORY_1": null, "GAUGE": null, "DAMTYPE": null, "LEGALSTATS": null, "FORESTTYPE": null, "DIVISION": null, "FORESTBLCK": null, "TEMP": null, "STATUS_1": null, "HEIGHT": null, "STAGING_1": null, "CAPACITY_1": null, "MINRSUSAGE": null, "MINERALS": null, "NUMOFYRS": null, "AREA": null, "DAMTYPE_1": null, "LEVEL_1": null, "LEVEL_2": null, "LEVEL_3": null, "LEVEL_4": null, "LEVEL_5": null, "TYPE": null, "PART": null, "Shape_Leng": 0.0, "Shape_Le_1": 0.0, "chk": null, "name1": null, "tempo": null, "Shape_Le_2": 0.0, "Shape_Area": 0.0, "ORIG_FID": 0.0 }, "geometry": { "type": "Point", "coordinates": [ 75.816042, 26.928879400000024 ] } },
{ "type": "Feature", "properties": { "OBJECTID_1": 0.0, "OBJECTID_2": 0.0, "OBJECTID_3": 0.0, "OBJECTID": 0.0, "SURVEYCOM": null, "GISCOM": null, "FCODE": null, "SOFTLAYER": null, "SOFTTABLE": null, "NUISCODE": null, "NAME": null, "BUSARRIVNG": null, "FACILITIES": null, "LINE": null, "STAGING": null, "LOCATION": "Anaj Mandi", "STATUS": "Multi-Storey", "HOUSES": null, "FLOORS": null, "INVSTCATEG": null, "PRODCAPCTY": null, "QUALITY": null, "AIRPOLLUCS": null, "ETPUNITS": null, "INDWASTWTR": null, "TYPOFPOLLU": null, "CATEGORY": null, "PRESNTPOSI": null, "PRODVALUE": null, "EMPLOYMENT": null, "GSCAPINVST": null, "DATED": null, "CAPACITY": null, "PRODTYPE": null, "CONTACT": null, "INDUSTTYPE": null, "WARDNO": null, "FACILITI_1": null, "MAJORFEAT": null, "WARDNO_1": null, "NATROFINST": null, "COURSECODE": null, "INSTCODE": null, "CITYCODE": null, "DISTCODE": null, "YEAROFEST": null, "COURSES": null, "LEVELS": null, "BENEFCARY": null, "MGMT": null, "INSTTYPE": null, "DISPOPRACT": null, "TOTALBEDS": null, "PHONE": null, "MRI": null, "CTSCAN": null, "CCU": null, "ICU": null, "AMBULANCE": null, "TRAUMA": null, "BLOODSTRUN": null, "CEMOC": null, "AVL24HRS": null, "WASTEDISP": null, "OWNERSHIP": null, "DISTRICT": null, "TEHSIL": null, "VILLAGE": null, "ADDRESS": null, "DETAILS": null, "JURISDICT": null, "VECHDETAIL": null, "DEPARTMENT": null, "DETAILS_1": null, "OPRSTATS": null, "PLANTTYPE": null, "KV": null, "WSALETYPE": null, "LOCATION1": null, "SIZES": null, "FUELTYPE": null, "BRANCH": null, "BUSARRIV_1": null, "BUSDEPARTG": null, "OFFPHONE": null, "STDCODE": null, "CELLNUMBER": null, "CHFOFFICER": null, "DIMENSION": null, "CATEGORY_1": null, "GAUGE": null, "DAMTYPE": null, "LEGALSTATS": null, "FORESTTYPE": null, "DIVISION": null, "FORESTBLCK": null, "TEMP": null, "STATUS_1": null, "HEIGHT": null, "STAGING_1": null, "CAPACITY_1": null, "MINRSUSAGE": null, "MINERALS": null, "NUMOFYRS": null, "AREA": null, "DAMTYPE_1": null, "LEVEL_1": null, "LEVEL_2": null, "LEVEL_3": null, "LEVEL_4": null, "LEVEL_5": null, "TYPE": null, "PART": null, "Shape_Leng": 0.0, "Shape_Le_1": 0.0, "chk": null, "name1": null, "tempo": null, "Shape_Le_2": 0.0, "Shape_Area": 0.0, "ORIG_FID": 0.0 }, "geometry": { "type": "Point", "coordinates": [ 75.809093300000043, 26.925148300000046 ] } },
{ "type": "Feature", "properties": { "OBJECTID_1": 0.0, "OBJECTID_2": 0.0, "OBJECTID_3": 0.0, "OBJECTID": 0.0, "SURVEYCOM": null, "GISCOM": null, "FCODE": null, "SOFTLAYER": null, "SOFTTABLE": null, "NUISCODE": null, "NAME": null, "BUSARRIVNG": null, "FACILITIES": null, "LINE": null, "STAGING": null, "LOCATION": "RUKMANI DEVI BENI PRASAD JAIPURIA HOSPITAL", "STATUS": "Multi-Storey", "HOUSES": null, "FLOORS": null, "INVSTCATEG": null, "PRODCAPCTY": null, "QUALITY": null, "AIRPOLLUCS": null, "ETPUNITS": null, "INDWASTWTR": null, "TYPOFPOLLU": null, "CATEGORY": null, "PRESNTPOSI": null, "PRODVALUE": null, "EMPLOYMENT": null, "GSCAPINVST": null, "DATED": null, "CAPACITY": null, "PRODTYPE": null, "CONTACT": null, "INDUSTTYPE": null, "WARDNO": null, "FACILITI_1": null, "MAJORFEAT": null, "WARDNO_1": null, "NATROFINST": null, "COURSECODE": null, "INSTCODE": null, "CITYCODE": null, "DISTCODE": null, "YEAROFEST": null, "COURSES": null, "LEVELS": null, "BENEFCARY": null, "MGMT": null, "INSTTYPE": null, "DISPOPRACT": null, "TOTALBEDS": null, "PHONE": null, "MRI": null, "CTSCAN": null, "CCU": null, "ICU": null, "AMBULANCE": null, "TRAUMA": null, "BLOODSTRUN": null, "CEMOC": null, "AVL24HRS": null, "WASTEDISP": null, "OWNERSHIP": null, "DISTRICT": null, "TEHSIL": null, "VILLAGE": null, "ADDRESS": null, "DETAILS": null, "JURISDICT": null, "VECHDETAIL": null, "DEPARTMENT": null, "DETAILS_1": null, "OPRSTATS": null, "PLANTTYPE": null, "KV": null, "WSALETYPE": null, "LOCATION1": null, "SIZES": null, "FUELTYPE": null, "BRANCH": null, "BUSARRIV_1": null, "BUSDEPARTG": null, "OFFPHONE": null, "STDCODE": null, "CELLNUMBER": null, "CHFOFFICER": null, "DIMENSION": null, "CATEGORY_1": null, "GAUGE": null, "DAMTYPE": null, "LEGALSTATS": null, "FORESTTYPE": null, "DIVISION": null, "FORESTBLCK": null, "TEMP": null, "STATUS_1": null, "HEIGHT": null, "STAGING_1": null, "CAPACITY_1": null, "MINRSUSAGE": null, "MINERALS": null, "NUMOFYRS": null, "AREA": null, "DAMTYPE_1": null, "LEVEL_1": null, "LEVEL_2": null, "LEVEL_3": null, "LEVEL_4": null, "LEVEL_5": null, "TYPE": null, "PART": null, "Shape_Leng": 0.0, "Shape_Le_1": 0.0, "chk": null, "name1": null, "tempo": null, "Shape_Le_2": 0.0, "Shape_Area": 0.0, "ORIG_FID": 0.0 }, "geometry": { "type": "Point", "coordinates": [ 75.80091460000007, 26.856823800000029 ] } },
{ "type": "Feature", "properties": { "OBJECTID_1": 0.0, "OBJECTID_2": 0.0, "OBJECTID_3": 0.0, "OBJECTID": 0.0, "SURVEYCOM": null, "GISCOM": null, "FCODE": null, "SOFTLAYER": null, "SOFTTABLE": null, "NUISCODE": null, "NAME": null, "BUSARRIVNG": null, "FACILITIES": null, "LINE": null, "STAGING": null, "LOCATION": "High Court Underground Parking", "STATUS": "Multi-Storey", "HOUSES": null, "FLOORS": null, "INVSTCATEG": null, "PRODCAPCTY": null, "QUALITY": null, "AIRPOLLUCS": null, "ETPUNITS": null, "INDWASTWTR": null, "TYPOFPOLLU": null, "CATEGORY": null, "PRESNTPOSI": null, "PRODVALUE": null, "EMPLOYMENT": null, "GSCAPINVST": null, "DATED": null, "CAPACITY": null, "PRODTYPE": null, "CONTACT": null, "INDUSTTYPE": null, "WARDNO": null, "FACILITI_1": null, "MAJORFEAT": null, "WARDNO_1": null, "NATROFINST": null, "COURSECODE": null, "INSTCODE": null, "CITYCODE": null, "DISTCODE": null, "YEAROFEST": null, "COURSES": null, "LEVELS": null, "BENEFCARY": null, "MGMT": null, "INSTTYPE": null, "DISPOPRACT": null, "TOTALBEDS": null, "PHONE": null, "MRI": null, "CTSCAN": null, "CCU": null, "ICU": null, "AMBULANCE": null, "TRAUMA": null, "BLOODSTRUN": null, "CEMOC": null, "AVL24HRS": null, "WASTEDISP": null, "OWNERSHIP": null, "DISTRICT": null, "TEHSIL": null, "VILLAGE": null, "ADDRESS": null, "DETAILS": null, "JURISDICT": null, "VECHDETAIL": null, "DEPARTMENT": null, "DETAILS_1": null, "OPRSTATS": null, "PLANTTYPE": null, "KV": null, "WSALETYPE": null, "LOCATION1": null, "SIZES": null, "FUELTYPE": null, "BRANCH": null, "BUSARRIV_1": null, "BUSDEPARTG": null, "OFFPHONE": null, "STDCODE": null, "CELLNUMBER": null, "CHFOFFICER": null, "DIMENSION": null, "CATEGORY_1": null, "GAUGE": null, "DAMTYPE": null, "LEGALSTATS": null, "FORESTTYPE": null, "DIVISION": null, "FORESTBLCK": null, "TEMP": null, "STATUS_1": null, "HEIGHT": null, "STAGING_1": null, "CAPACITY_1": null, "MINRSUSAGE": null, "MINERALS": null, "NUMOFYRS": null, "AREA": null, "DAMTYPE_1": null, "LEVEL_1": null, "LEVEL_2": null, "LEVEL_3": null, "LEVEL_4": null, "LEVEL_5": null, "TYPE": null, "PART": null, "Shape_Leng": 0.0, "Shape_Le_1": 0.0, "chk": null, "name1": null, "tempo": null, "Shape_Le_2": 0.0, "Shape_Area": 0.0, "ORIG_FID": 0.0 }, "geometry": { "type": "Point", "coordinates": [ 75.805761200000077, 26.907995800000037 ] } },
{ "type": "Feature", "properties": { "OBJECTID_1": 0.0, "OBJECTID_2": 0.0, "OBJECTID_3": 0.0, "OBJECTID": 0.0, "SURVEYCOM": null, "GISCOM": null, "FCODE": null, "SOFTLAYER": null, "SOFTTABLE": null, "NUISCODE": null, "NAME": null, "BUSARRIVNG": null, "FACILITIES": null, "LINE": null, "STAGING": null, "LOCATION": "Untitled Placemark", "STATUS": "Multi-Storey", "HOUSES": null, "FLOORS": null, "INVSTCATEG": null, "PRODCAPCTY": null, "QUALITY": null, "AIRPOLLUCS": null, "ETPUNITS": null, "INDWASTWTR": null, "TYPOFPOLLU": null, "CATEGORY": null, "PRESNTPOSI": null, "PRODVALUE": null, "EMPLOYMENT": null, "GSCAPINVST": null, "DATED": null, "CAPACITY": null, "PRODTYPE": null, "CONTACT": null, "INDUSTTYPE": null, "WARDNO": null, "FACILITI_1": null, "MAJORFEAT": null, "WARDNO_1": null, "NATROFINST": null, "COURSECODE": null, "INSTCODE": null, "CITYCODE": null, "DISTCODE": null, "YEAROFEST": null, "COURSES": null, "LEVELS": null, "BENEFCARY": null, "MGMT": null, "INSTTYPE": null, "DISPOPRACT": null, "TOTALBEDS": null, "PHONE": null, "MRI": null, "CTSCAN": null, "CCU": null, "ICU": null, "AMBULANCE": null, "TRAUMA": null, "BLOODSTRUN": null, "CEMOC": null, "AVL24HRS": null, "WASTEDISP": null, "OWNERSHIP": null, "DISTRICT": null, "TEHSIL": null, "VILLAGE": null, "ADDRESS": null, "DETAILS": null, "JURISDICT": null, "VECHDETAIL": null, "DEPARTMENT": null, "DETAILS_1": null, "OPRSTATS": null, "PLANTTYPE": null, "KV": null, "WSALETYPE": null, "LOCATION1": null, "SIZES": null, "FUELTYPE": null, "BRANCH": null, "BUSARRIV_1": null, "BUSDEPARTG": null, "OFFPHONE": null, "STDCODE": null, "CELLNUMBER": null, "CHFOFFICER": null, "DIMENSION": null, "CATEGORY_1": null, "GAUGE": null, "DAMTYPE": null, "LEGALSTATS": null, "FORESTTYPE": null, "DIVISION": null, "FORESTBLCK": null, "TEMP": null, "STATUS_1": null, "HEIGHT": null, "STAGING_1": null, "CAPACITY_1": null, "MINRSUSAGE": null, "MINERALS": null, "NUMOFYRS": null, "AREA": null, "DAMTYPE_1": null, "LEVEL_1": null, "LEVEL_2": null, "LEVEL_3": null, "LEVEL_4": null, "LEVEL_5": null, "TYPE": null, "PART": null, "Shape_Leng": 0.0, "Shape_Le_1": 0.0, "chk": null, "name1": null, "tempo": null, "Shape_Le_2": 0.0, "Shape_Area": 0.0, "ORIG_FID": 0.0 }, "geometry": { "type": "Point", "coordinates": [ 75.804922354000055, 26.912219567000076 ] } },
{ "type": "Feature", "properties": { "OBJECTID_1": 0.0, "OBJECTID_2": 0.0, "OBJECTID_3": 0.0, "OBJECTID": 0.0, "SURVEYCOM": null, "GISCOM": null, "FCODE": null, "SOFTLAYER": null, "SOFTTABLE": null, "NUISCODE": null, "NAME": null, "BUSARRIVNG": null, "FACILITIES": null, "LINE": null, "STAGING": null, "LOCATION": "Nehru place", "STATUS": "Multi-Storey", "HOUSES": null, "FLOORS": null, "INVSTCATEG": null, "PRODCAPCTY": null, "QUALITY": null, "AIRPOLLUCS": null, "ETPUNITS": null, "INDWASTWTR": null, "TYPOFPOLLU": null, "CATEGORY": null, "PRESNTPOSI": null, "PRODVALUE": null, "EMPLOYMENT": null, "GSCAPINVST": null, "DATED": null, "CAPACITY": null, "PRODTYPE": null, "CONTACT": null, "INDUSTTYPE": null, "WARDNO": null, "FACILITI_1": null, "MAJORFEAT": null, "WARDNO_1": null, "NATROFINST": null, "COURSECODE": null, "INSTCODE": null, "CITYCODE": null, "DISTCODE": null, "YEAROFEST": null, "COURSES": null, "LEVELS": null, "BENEFCARY": null, "MGMT": null, "INSTTYPE": null, "DISPOPRACT": null, "TOTALBEDS": null, "PHONE": null, "MRI": null, "CTSCAN": null, "CCU": null, "ICU": null, "AMBULANCE": null, "TRAUMA": null, "BLOODSTRUN": null, "CEMOC": null, "AVL24HRS": null, "WASTEDISP": null, "OWNERSHIP": null, "DISTRICT": null, "TEHSIL": null, "VILLAGE": null, "ADDRESS": null, "DETAILS": null, "JURISDICT": null, "VECHDETAIL": null, "DEPARTMENT": null, "DETAILS_1": null, "OPRSTATS": null, "PLANTTYPE": null, "KV": null, "WSALETYPE": null, "LOCATION1": null, "SIZES": null, "FUELTYPE": null, "BRANCH": null, "BUSARRIV_1": null, "BUSDEPARTG": null, "OFFPHONE": null, "STDCODE": null, "CELLNUMBER": null, "CHFOFFICER": null, "DIMENSION": null, "CATEGORY_1": null, "GAUGE": null, "DAMTYPE": null, "LEGALSTATS": null, "FORESTTYPE": null, "DIVISION": null, "FORESTBLCK": null, "TEMP": null, "STATUS_1": null, "HEIGHT": null, "STAGING_1": null, "CAPACITY_1": null, "MINRSUSAGE": null, "MINERALS": null, "NUMOFYRS": null, "AREA": null, "DAMTYPE_1": null, "LEVEL_1": null, "LEVEL_2": null, "LEVEL_3": null, "LEVEL_4": null, "LEVEL_5": null, "TYPE": null, "PART": null, "Shape_Leng": 0.0, "Shape_Le_1": 0.0, "chk": null, "name1": null, "tempo": null, "Shape_Le_2": 0.0, "Shape_Area": 0.0, "ORIG_FID": 0.0 }, "geometry": { "type": "Point", "coordinates": [ 75.800634800000083, 26.884201500000071 ] } },
{ "type": "Feature", "properties": { "OBJECTID_1": 0.0, "OBJECTID_2": 0.0, "OBJECTID_3": 0.0, "OBJECTID": 0.0, "SURVEYCOM": null, "GISCOM": null, "FCODE": null, "SOFTLAYER": null, "SOFTTABLE": null, "NUISCODE": null, "NAME": null, "BUSARRIVNG": null, "FACILITIES": null, "LINE": null, "STAGING": null, "LOCATION": "Court Gate No.4, District and Sessions Court Jaipur Metro", "STATUS": "Multi-Storey", "HOUSES": null, "FLOORS": null, "INVSTCATEG": null, "PRODCAPCTY": null, "QUALITY": null, "AIRPOLLUCS": null, "ETPUNITS": null, "INDWASTWTR": null, "TYPOFPOLLU": null, "CATEGORY": null, "PRESNTPOSI": null, "PRODVALUE": null, "EMPLOYMENT": null, "GSCAPINVST": null, "DATED": null, "CAPACITY": null, "PRODTYPE": null, "CONTACT": null, "INDUSTTYPE": null, "WARDNO": null, "FACILITI_1": null, "MAJORFEAT": null, "WARDNO_1": null, "NATROFINST": null, "COURSECODE": null, "INSTCODE": null, "CITYCODE": null, "DISTCODE": null, "YEAROFEST": null, "COURSES": null, "LEVELS": null, "BENEFCARY": null, "MGMT": null, "INSTTYPE": null, "DISPOPRACT": null, "TOTALBEDS": null, "PHONE": null, "MRI": null, "CTSCAN": null, "CCU": null, "ICU": null, "AMBULANCE": null, "TRAUMA": null, "BLOODSTRUN": null, "CEMOC": null, "AVL24HRS": null, "WASTEDISP": null, "OWNERSHIP": null, "DISTRICT": null, "TEHSIL": null, "VILLAGE": null, "ADDRESS": null, "DETAILS": null, "JURISDICT": null, "VECHDETAIL": null, "DEPARTMENT": null, "DETAILS_1": null, "OPRSTATS": null, "PLANTTYPE": null, "KV": null, "WSALETYPE": null, "LOCATION1": null, "SIZES": null, "FUELTYPE": null, "BRANCH": null, "BUSARRIV_1": null, "BUSDEPARTG": null, "OFFPHONE": null, "STDCODE": null, "CELLNUMBER": null, "CHFOFFICER": null, "DIMENSION": null, "CATEGORY_1": null, "GAUGE": null, "DAMTYPE": null, "LEGALSTATS": null, "FORESTTYPE": null, "DIVISION": null, "FORESTBLCK": null, "TEMP": null, "STATUS_1": null, "HEIGHT": null, "STAGING_1": null, "CAPACITY_1": null, "MINRSUSAGE": null, "MINERALS": null, "NUMOFYRS": null, "AREA": null, "DAMTYPE_1": null, "LEVEL_1": null, "LEVEL_2": null, "LEVEL_3": null, "LEVEL_4": null, "LEVEL_5": null, "TYPE": null, "PART": null, "Shape_Leng": 0.0, "Shape_Le_1": 0.0, "chk": null, "name1": null, "tempo": null, "Shape_Le_2": 0.0, "Shape_Area": 0.0, "ORIG_FID": 0.0 }, "geometry": { "type": "Point", "coordinates": [ 75.791088100000096, 26.925289300000031 ] } },
{ "type": "Feature", "properties": { "OBJECTID_1": 0.0, "OBJECTID_2": 0.0, "OBJECTID_3": 0.0, "OBJECTID": 0.0, "SURVEYCOM": null, "GISCOM": null, "FCODE": null, "SOFTLAYER": null, "SOFTTABLE": null, "NUISCODE": null, "NAME": null, "BUSARRIVNG": null, "FACILITIES": null, "LINE": null, "STAGING": null, "LOCATION": "basement off street parking", "STATUS": "Multi-Storey", "HOUSES": null, "FLOORS": null, "INVSTCATEG": null, "PRODCAPCTY": null, "QUALITY": null, "AIRPOLLUCS": null, "ETPUNITS": null, "INDWASTWTR": null, "TYPOFPOLLU": null, "CATEGORY": null, "PRESNTPOSI": null, "PRODVALUE": null, "EMPLOYMENT": null, "GSCAPINVST": null, "DATED": null, "CAPACITY": null, "PRODTYPE": null, "CONTACT": null, "INDUSTTYPE": null, "WARDNO": null, "FACILITI_1": null, "MAJORFEAT": null, "WARDNO_1": null, "NATROFINST": null, "COURSECODE": null, "INSTCODE": null, "CITYCODE": null, "DISTCODE": null, "YEAROFEST": null, "COURSES": null, "LEVELS": null, "BENEFCARY": null, "MGMT": null, "INSTTYPE": null, "DISPOPRACT": null, "TOTALBEDS": null, "PHONE": null, "MRI": null, "CTSCAN": null, "CCU": null, "ICU": null, "AMBULANCE": null, "TRAUMA": null, "BLOODSTRUN": null, "CEMOC": null, "AVL24HRS": null, "WASTEDISP": null, "OWNERSHIP": null, "DISTRICT": null, "TEHSIL": null, "VILLAGE": null, "ADDRESS": null, "DETAILS": null, "JURISDICT": null, "VECHDETAIL": null, "DEPARTMENT": null, "DETAILS_1": null, "OPRSTATS": null, "PLANTTYPE": null, "KV": null, "WSALETYPE": null, "LOCATION1": null, "SIZES": null, "FUELTYPE": null, "BRANCH": null, "BUSARRIV_1": null, "BUSDEPARTG": null, "OFFPHONE": null, "STDCODE": null, "CELLNUMBER": null, "CHFOFFICER": null, "DIMENSION": null, "CATEGORY_1": null, "GAUGE": null, "DAMTYPE": null, "LEGALSTATS": null, "FORESTTYPE": null, "DIVISION": null, "FORESTBLCK": null, "TEMP": null, "STATUS_1": null, "HEIGHT": null, "STAGING_1": null, "CAPACITY_1": null, "MINRSUSAGE": null, "MINERALS": null, "NUMOFYRS": null, "AREA": null, "DAMTYPE_1": null, "LEVEL_1": null, "LEVEL_2": null, "LEVEL_3": null, "LEVEL_4": null, "LEVEL_5": null, "TYPE": null, "PART": null, "Shape_Leng": 0.0, "Shape_Le_1": 0.0, "chk": null, "name1": null, "tempo": null, "Shape_Le_2": 0.0, "Shape_Area": 0.0, "ORIG_FID": 0.0 }, "geometry": { "type": "Point", "coordinates": [ 75.801822372000075, 26.898935406000078 ] } },
{ "type": "Feature", "properties": { "OBJECTID_1": 0.0, "OBJECTID_2": 0.0, "OBJECTID_3": 0.0, "OBJECTID": 0.0, "SURVEYCOM": null, "GISCOM": null, "FCODE": null, "SOFTLAYER": null, "SOFTTABLE": null, "NUISCODE": null, "NAME": null, "BUSARRIVNG": null, "FACILITIES": null, "LINE": null, "STAGING": null, "LOCATION": "Hospital parking multilevel", "STATUS": "Multi-Storey", "HOUSES": null, "FLOORS": null, "INVSTCATEG": null, "PRODCAPCTY": null, "QUALITY": null, "AIRPOLLUCS": null, "ETPUNITS": null, "INDWASTWTR": null, "TYPOFPOLLU": null, "CATEGORY": null, "PRESNTPOSI": null, "PRODVALUE": null, "EMPLOYMENT": null, "GSCAPINVST": null, "DATED": null, "CAPACITY": null, "PRODTYPE": null, "CONTACT": null, "INDUSTTYPE": null, "WARDNO": null, "FACILITI_1": null, "MAJORFEAT": null, "WARDNO_1": null, "NATROFINST": null, "COURSECODE": null, "INSTCODE": null, "CITYCODE": null, "DISTCODE": null, "YEAROFEST": null, "COURSES": null, "LEVELS": null, "BENEFCARY": null, "MGMT": null, "INSTTYPE": null, "DISPOPRACT": null, "TOTALBEDS": null, "PHONE": null, "MRI": null, "CTSCAN": null, "CCU": null, "ICU": null, "AMBULANCE": null, "TRAUMA": null, "BLOODSTRUN": null, "CEMOC": null, "AVL24HRS": null, "WASTEDISP": null, "OWNERSHIP": null, "DISTRICT": null, "TEHSIL": null, "VILLAGE": null, "ADDRESS": null, "DETAILS": null, "JURISDICT": null, "VECHDETAIL": null, "DEPARTMENT": null, "DETAILS_1": null, "OPRSTATS": null, "PLANTTYPE": null, "KV": null, "WSALETYPE": null, "LOCATION1": null, "SIZES": null, "FUELTYPE": null, "BRANCH": null, "BUSARRIV_1": null, "BUSDEPARTG": null, "OFFPHONE": null, "STDCODE": null, "CELLNUMBER": null, "CHFOFFICER": null, "DIMENSION": null, "CATEGORY_1": null, "GAUGE": null, "DAMTYPE": null, "LEGALSTATS": null, "FORESTTYPE": null, "DIVISION": null, "FORESTBLCK": null, "TEMP": null, "STATUS_1": null, "HEIGHT": null, "STAGING_1": null, "CAPACITY_1": null, "MINRSUSAGE": null, "MINERALS": null, "NUMOFYRS": null, "AREA": null, "DAMTYPE_1": null, "LEVEL_1": null, "LEVEL_2": null, "LEVEL_3": null, "LEVEL_4": null, "LEVEL_5": null, "TYPE": null, "PART": null, "Shape_Leng": 0.0, "Shape_Le_1": 0.0, "chk": null, "name1": null, "tempo": null, "Shape_Le_2": 0.0, "Shape_Area": 0.0, "ORIG_FID": 0.0 }, "geometry": { "type": "Point", "coordinates": [ 75.813165634000043, 26.89395971000004 ] } }
]
}
