{
"type": "FeatureCollection",
"name": "B02",
"crs": { "type": "name", "properties": { "name": "urn:ogc:def:crs:OGC:1.3:CRS84" } },
"features": [
{ "type": "Feature", "properties": { "ref": "NH48;NH52", "name_1": "NH48;NH52", "Labels": "NH48;NH52", "Roadname": "NH48, Daulatpura Toll Plaza", "two_wheele": 13.0, "car_jeep_v": 18.0, "IPT": 0.0, "bus": 0.0, "Goods_vehi": 68.0, "tractor": 0.0, "others": 0.0, "private": 31.0, "others2": 0.0 }, "geometry": { "type": "MultiLineString", "coordinates": [ [ [ 75.736438899635573, 26.889486699851489 ], [ 75.736323600253968, 26.889747499647513 ], [ 75.736178800411494, 26.890041700264419 ], [ 75.736065600047539, 26.890263099862295 ], [ 75.735974899821883, 26.890487899796881 ], [ 75.735775100140927, 26.890931600113333 ], [ 75.735663800044506, 26.891148100204816 ], [ 75.734955399572186, 26.892503300287103 ], [ 75.734794699715735, 26.892810700253733 ], [ 75.733601300259863, 26.895029000388035 ], [ 75.733533299822057, 26.895164299792611 ], [ 75.733443499817781, 26.89532250043311 ], [ 75.733225600381331, 26.89573620026556 ], [ 75.73257660013013, 26.897031299554897 ], [ 75.7325272003701, 26.897130000149446 ], [ 75.732379400389163, 26.897425000263524 ], [ 75.731905999962009, 26.898286100223402 ], [ 75.731699500331843, 26.898635399604132 ], [ 75.731530499732855, 26.898900900156491 ], [ 75.7310155002653, 26.899661499978379 ], [ 75.730497800133435, 26.900395899851048 ], [ 75.729502700289515, 26.901833500315831 ], [ 75.729292199575411, 26.902142000153276 ], [ 75.729092399894398, 26.902467300225794 ], [ 75.728907299632169, 26.902792600298369 ], [ 75.728730299563722, 26.903187300153945 ], [ 75.728641700154469, 26.903441999848496 ], [ 75.72858539989636, 26.903687200004356 ], [ 75.728553199670557, 26.90395989962974 ], [ 75.728533099822755, 26.904234899721018 ], [ 75.728527800118059, 26.904547100268587 ], [ 75.728542500436163, 26.904799399672697 ], [ 75.72863739959638, 26.905646400061471 ], [ 75.728666499859173, 26.905906199811341 ], [ 75.728819600444353, 26.90727360009663 ], [ 75.729044799677865, 26.909205799807978 ], [ 75.729249399939931, 26.911118799892733 ], [ 75.72927130023038, 26.9113177002518 ], [ 75.729293300345716, 26.911516499886716 ], [ 75.729531600003384, 26.913675399799956 ], [ 75.729701900122677, 26.915104499872882 ], [ 75.729723000016577, 26.91527539983997 ], [ 75.729834800135961, 26.916240400274376 ], [ 75.72993959993272, 26.917154699629691 ], [ 75.730030200333658, 26.918114600008778 ], [ 75.730199100208381, 26.919948799697465 ], [ 75.730236799788543, 26.920782400187591 ], [ 75.730255699940756, 26.921080699914398 ], [ 75.730326900166403, 26.922465199909027 ], [ 75.730451399612491, 26.925022100189892 ], [ 75.730669499597866, 26.929052900271131 ], [ 75.730742600090991, 26.930893700084368 ], [ 75.73085490023351, 26.932984499734914 ], [ 75.730870499873845, 26.933207199752644 ], [ 75.731031599928372, 26.935480800099015 ], [ 75.731230100089078, 26.937852799767029 ], [ 75.73130790043939, 26.938644300294357 ], [ 75.731458099811618, 26.940138799965723 ], [ 75.731616299552741, 26.941688199650741 ], [ 75.731809400183863, 26.943696800367093 ], [ 75.731990299712663, 26.945712399607658 ], [ 75.732015200141404, 26.945963000192364 ], [ 75.732235200394257, 26.948141300280952 ], [ 75.732567099692005, 26.951561799737419 ], [ 75.732810799778576, 26.953978299658843 ], [ 75.73293339985662, 26.955241499995338 ], [ 75.733006799824125, 26.955686700381079 ], [ 75.733072200321942, 26.956019999923171 ], [ 75.73313369956071, 26.956256900235871 ], [ 75.733218699883196, 26.956503700285566 ], [ 75.733365999841055, 26.956843699777096 ], [ 75.733552899646725, 26.957193500080109 ], [ 75.733740599848943, 26.957470799737678 ], [ 75.733999500276809, 26.957774400068672 ], [ 75.734205999906976, 26.957985999754158 ], [ 75.734439300233589, 26.958213100154524 ], [ 75.734782700061658, 26.958531100430037 ], [ 75.73550949976368, 26.959169399648147 ], [ 75.735659700035285, 26.959311700274895 ], [ 75.735803200357452, 26.959439600057578 ], [ 75.736605900142365, 26.960179500183813 ], [ 75.736983399564281, 26.960517799956563 ], [ 75.737627100110672, 26.961047300092901 ], [ 75.73819849966111, 26.961506400400197 ], [ 75.738831500073729, 26.961991699757164 ], [ 75.741695599772299, 26.964233599900751 ], [ 75.741985800204645, 26.964460800125948 ], [ 75.743522600387791, 26.965663700019775 ], [ 75.744465400158106, 26.966402399551157 ], [ 75.745056899556403, 26.966880499835327 ], [ 75.745330500302543, 26.967088500433931 ], [ 75.745818600148425, 26.967476899639394 ], [ 75.746093500414872, 26.967687299629233 ], [ 75.746773500296854, 26.968209599793283 ], [ 75.747548599888148, 26.968807300016977 ], [ 75.747819499970035, 26.96901639958736 ], [ 75.748893800408723, 26.969866300289709 ], [ 75.749285400301119, 26.970160300357691 ], [ 75.749475800268044, 26.970310899928222 ], [ 75.749679699958222, 26.970478199908996 ], [ 75.749888900252643, 26.970659899834686 ], [ 75.750063199657063, 26.970829600106129 ], [ 75.750209399744165, 26.970995800215974 ], [ 75.750370300149314, 26.971175099851052 ], [ 75.750541999613745, 26.971381800030144 ], [ 75.750689500120473, 26.971585000047867 ], [ 75.751460600426412, 26.97269270040789 ], [ 75.752261399943791, 26.973875999577842 ], [ 75.752775799563551, 26.974644999966927 ], [ 75.753493099726825, 26.97568429969067 ], [ 75.754117999945834, 26.976584399650392 ], [ 75.754281500291199, 26.976813199769538 ], [ 75.754483999736863, 26.977113299938935 ], [ 75.755662500124458, 26.978860299563223 ], [ 75.757389200251509, 26.981367999733379 ], [ 75.757664599641544, 26.981758399930357 ], [ 75.758360500436879, 26.982734099599156 ], [ 75.75943510034972, 26.984316099708394 ], [ 75.759738500131846, 26.984782999835659 ], [ 75.759857600048235, 26.984961999996472 ], [ 75.760044300204413, 26.985239000179831 ], [ 75.760575099861057, 26.985975199595885 ], [ 75.761176900093972, 26.986823200030756 ], [ 75.761767000147074, 26.987669300198093 ], [ 75.762479200255029, 26.988691100014421 ], [ 75.763181899924859, 26.989666299660087 ], [ 75.763590899900294, 26.990256600262057 ], [ 75.764033500345818, 26.990889999973604 ], [ 75.764336499929641, 26.991314200290276 ], [ 75.765747400422242, 26.993337399701261 ], [ 75.766473000428618, 26.994368699955714 ], [ 75.767048700000032, 26.995179 ] ], [ [ 75.736334300000124, 26.889385000000118 ], [ 75.736266500000056, 26.88953320000013 ], [ 75.736177100000077, 26.889714 ], [ 75.736022700000092, 26.890010299999972 ] ], [ [ 75.735427700000116, 26.891319200000112 ], [ 75.735178300000086, 26.891772500000116 ], [ 75.734918100000016, 26.892284400000051 ], [ 75.734776, 26.892538 ], [ 75.734464800000012, 26.893092899999942 ], [ 75.734360200000026, 26.893317800000091 ], [ 75.734169800000132, 26.893667 ], [ 75.7339579, 26.894083300000034 ], [ 75.733783500000129, 26.894394299999988 ], [ 75.733454899999913, 26.894976700000029 ], [ 75.733381200000053, 26.8951156 ], [ 75.733040600000095, 26.895793599999934 ], [ 75.732592599999975, 26.896707400000082 ], [ 75.732421, 26.897025500000098 ], [ 75.732327100000077, 26.897214500000075 ], [ 75.732123300000069, 26.897602 ], [ 75.731892599999981, 26.898058900000137 ], [ 75.731737, 26.898329199999978 ], [ 75.731597500000078, 26.898551700000098 ], [ 75.7314849, 26.898711900000023 ], [ 75.731071800000109, 26.899338599999965 ], [ 75.730658800000015, 26.899946199999988 ], [ 75.730519300000026, 26.900144700000055 ], [ 75.730304700000033, 26.9004294 ], [ 75.7299989, 26.900879100000111 ], [ 75.729639500000076, 26.9014125 ], [ 75.729516100000012, 26.901599 ], [ 75.72924519999998, 26.90198410000005 ], [ 75.729076300000031, 26.902235300000029 ], [ 75.728891199999964, 26.902524700000015 ], [ 75.728775900000016, 26.90274 ], [ 75.728684700000144, 26.90294810000006 ], [ 75.728545199999928, 26.903314100000102 ], [ 75.728483499999982, 26.90349580000003 ], [ 75.7284406, 26.90365369999995 ], [ 75.728411100000073, 26.903866600000015 ], [ 75.728397700000016, 26.904034 ], [ 75.72839230000011, 26.904251700000088 ], [ 75.72842960000014, 26.904983 ], [ 75.7284449, 26.905150800000058 ], [ 75.72851559999998, 26.905772500000126 ], [ 75.728515800000025, 26.905774400000098 ], [ 75.728522600000019, 26.905851 ], [ 75.728545599999961, 26.906109300000139 ], [ 75.728638500000045, 26.906895500000132 ], [ 75.728662200000031, 26.9071166 ], [ 75.728740599999981, 26.907780300000013 ], [ 75.728840600000069, 26.908686700000032 ], [ 75.728947400000038, 26.909661600000049 ], [ 75.729055600000095, 26.910562700000014 ], [ 75.729163799999981, 26.911451699999986 ] ], [ [ 75.729600600000083, 26.91144150000008 ], [ 75.729560399999912, 26.9110756 ], [ 75.729498700000136, 26.9105219 ], [ 75.729339100000118, 26.909155 ], [ 75.729304300000081, 26.908893100000057 ], [ 75.729277399999944, 26.908632399999988 ], [ 75.729136600000061, 26.90733 ], [ 75.7290226, 26.90634220000004 ], [ 75.728957599999944, 26.905839300000139 ], [ 75.728952899999911, 26.905771700000059 ], [ 75.728859, 26.90487360000003 ], [ 75.728851, 26.9046224 ], [ 75.728824100000111, 26.904158399999972 ], [ 75.728840200000036, 26.903919200000075 ], [ 75.728875100000096, 26.903701600000034 ], [ 75.728960900000061, 26.903393 ], [ 75.729103600000144, 26.903007599999967 ], [ 75.729226500000038, 26.902786600000013 ], [ 75.729386100000056, 26.902537900000027 ], [ 75.72989970000009, 26.90176770000005 ], [ 75.7300593, 26.901535700000068 ], [ 75.730652100000043, 26.900671000000102 ], [ 75.731315900000027, 26.899715400000105 ], [ 75.7314761, 26.899475799999948 ], [ 75.731955600000049, 26.898758600000122 ], [ 75.732109799999989, 26.898512200000027 ], [ 75.73225739999998, 26.8982694 ], [ 75.732584600000052, 26.897654600000124 ], [ 75.7328157, 26.8971919 ], [ 75.732922600000109, 26.896977700000036 ], [ 75.733282, 26.89630550000004 ], [ 75.733845600000109, 26.895247200000028 ], [ 75.734396400000037, 26.894158600000026 ], [ 75.734541300000103, 26.893863200000112 ], [ 75.734942300000057, 26.893145600000082 ], [ 75.7351863, 26.892633599999954 ], [ 75.735264300000097, 26.892475500000046 ], [ 75.73527480000007, 26.892454200000032 ], [ 75.73532310000013, 26.892282 ] ], [ [ 75.759850900000117, 26.985140200000046 ], [ 75.7601376, 26.985561200000063 ], [ 75.760318600000062, 26.985843300000113 ], [ 75.7605734, 26.9862066 ], [ 75.760843000000136, 26.986580600000025 ], [ 75.761144800000011, 26.986992900000018 ], [ 75.761340600000096, 26.987291700000071 ], [ 75.761472, 26.987504400000091 ], [ 75.761561800000095, 26.987652600000104 ], [ 75.76167850000013, 26.987829499999975 ], [ 75.76185020000014, 26.988070900000025 ], [ 75.762122400000123, 26.988444900000104 ], [ 75.76233430000002, 26.9887377 ], [ 75.762493900000095, 26.988964800000133 ], [ 75.762632, 26.989159 ], [ 75.762720600000023, 26.989274299999977 ], [ 75.762869400000113, 26.9894918 ], [ 75.7630183, 26.989718899999957 ], [ 75.763273100000106, 26.990092900000036 ], [ 75.763489, 26.990388100000132 ], [ 75.763595, 26.990536299999917 ], [ 75.763754500000118, 26.990768100000082 ], [ 75.763970500000084, 26.9910908 ], [ 75.764410300000065, 26.991676300000108 ], [ 75.764606100000094, 26.991928500000029 ], [ 75.764753700000028, 26.992131600000107 ], [ 75.764820700000087, 26.992232 ], [ 75.764987000000133, 26.992459100000019 ], [ 75.7651912, 26.992764200000067 ], [ 75.765339700000027, 26.99298610000011 ], [ 75.765675, 26.993479600000114 ], [ 75.765995500000088, 26.993931299999986 ], [ 75.766124300000115, 26.994101 ], [ 75.76624500000014, 26.99426590000013 ], [ 75.766498399999989, 26.99463750000001 ], [ 75.766640600000017, 26.9948526 ], [ 75.766773400000147, 26.995029500000101 ], [ 75.766845600000124, 26.995095800000058 ], [ 75.766920600000105, 26.995140500000048 ], [ 75.767048700000032, 26.995179 ] ], [ [ 75.767132600000025, 26.995134500000063 ], [ 75.767127500034235, 26.995127500233991 ], [ 75.767073799716115, 26.995048600013035 ], [ 75.766907499781382, 26.994828699584843 ], [ 75.7665533998196, 26.994312500421643 ], [ 75.766014300319796, 26.993534600341604 ], [ 75.765424200266693, 26.992667000082065 ], [ 75.764692000135767, 26.991623700173761 ], [ 75.764135399828945, 26.990846899964538 ], [ 75.763606700089326, 26.990068099663119 ], [ 75.763014299570273, 26.989213400178414 ], [ 75.761893100386317, 26.987600000239979 ], [ 75.761370099650435, 26.986842399657178 ], [ 75.760678100114376, 26.985912599586982 ], [ 75.760305199825211, 26.985391500017784 ], [ 75.759949800343122, 26.984875299955206 ], [ 75.759770099610591, 26.984600399688759 ], [ 75.759631999717101, 26.984389999698863 ], [ 75.759133099912617, 26.983646700135296 ], [ 75.758744199785042, 26.983082600381863 ], [ 75.758458499560163, 26.982664299617909 ], [ 75.758180900428385, 26.982268700440329 ], [ 75.757515900338717, 26.981300299669158 ], [ 75.756897200045785, 26.980404899566508 ], [ 75.756483100015089, 26.979819899568895 ], [ 75.756087199564718, 26.979240999672527 ], [ 75.755656999870666, 26.978611600145371 ], [ 75.75523350012611, 26.977981599870986 ], [ 75.754801300339921, 26.977355499956502 ], [ 75.754380000336823, 26.976751400157184 ], [ 75.754204799811816, 26.976511999729155 ], [ 75.753875899753154, 26.976025200302786 ], [ 75.753491800206518, 26.975476800014405 ], [ 75.752927200429951, 26.974659800109862 ], [ 75.752355600330816, 26.97381749957799 ], [ 75.751632600264429, 26.97276720024621 ], [ 75.750762200415352, 26.971511400430757 ], [ 75.750571500074841, 26.971244399809336 ], [ 75.750410599669465, 26.971044799777758 ], [ 75.750168600200823, 26.970771000281616 ], [ 75.749933100132523, 26.97056070011638 ], [ 75.749747999870465, 26.970388599554326 ], [ 75.749552200373842, 26.970234399997537 ], [ 75.749365900416137, 26.970085500145842 ], [ 75.748988400094674, 26.969783700257608 ], [ 75.747756499762716, 26.968836000081524 ], [ 75.745342900154867, 26.966931700038003 ], [ 75.744530799756774, 26.966289200086635 ], [ 75.742100899936702, 26.964385999914043 ], [ 75.741781500315994, 26.964135800426959 ], [ 75.740043900405851, 26.962774799717351 ], [ 75.737780000146927, 26.960989999788694 ], [ 75.736708600022041, 26.960098800419416 ], [ 75.736264600231152, 26.959709699742973 ], [ 75.735898399891425, 26.959381000233066 ], [ 75.735742899914953, 26.959235200344267 ], [ 75.735579299744927, 26.95908779966237 ], [ 75.734874199784656, 26.958437800264448 ], [ 75.734234199948389, 26.957824600225251 ], [ 75.733880099986777, 26.957435000424994 ], [ 75.733670899692356, 26.957114599858983 ], [ 75.733525099803614, 26.956836499804751 ], [ 75.733389300376075, 26.956538399727492 ], [ 75.733298100127286, 26.956299299673049 ], [ 75.73321400002618, 26.955992499554213 ], [ 75.733144299869593, 26.955652500062911 ], [ 75.733080400340384, 26.955240199575655 ], [ 75.732984199860994, 26.954303699556249 ], [ 75.732934599552209, 26.953861600032894 ], [ 75.73271550042017, 26.951522400438478 ], [ 75.732494599945881, 26.949271999902862 ], [ 75.732374499983166, 26.94810140005967 ], [ 75.732148600177823, 26.945960000054129 ], [ 75.732128899629117, 26.945694000377955 ], [ 75.732026599947631, 26.944553499944107 ], [ 75.731943499892623, 26.943627399684885 ], [ 75.731769199589053, 26.941829299682468 ], [ 75.731629700350538, 26.940377900020167 ], [ 75.731468799945219, 26.938756700261536 ], [ 75.731321300337811, 26.937362699828782 ], [ 75.730991699707317, 26.933186099858744 ], [ 75.73098149959668, 26.93292179990118 ], [ 75.730901000381039, 26.931310999902905 ], [ 75.730878699892116, 26.930865599867616 ], [ 75.730774099745076, 26.928388099831011 ], [ 75.730644000220479, 26.926035000315096 ], [ 75.730516599561611, 26.923579000370694 ], [ 75.730397299995445, 26.921072700444881 ], [ 75.730386599861674, 26.920763000012471 ], [ 75.730337299926532, 26.919908099979011 ], [ 75.730176799719629, 26.918043700156773 ], [ 75.730090099678534, 26.917195900270656 ], [ 75.729988200195351, 26.916265600177496 ], [ 75.729879599863807, 26.915380599834975 ], [ 75.729869499577887, 26.915279400024303 ], [ 75.729854200311138, 26.915113500287873 ], [ 75.729850100301917, 26.91508530024646 ], [ 75.729706599979693, 26.913790200057804 ], [ 75.729444899962289, 26.911507600195762 ], [ 75.729422299999328, 26.911310000256321 ], [ 75.729185600235382, 26.90927180015359 ], [ 75.72896559998253, 26.907323400054906 ], [ 75.72879980007076, 26.905884000046683 ], [ 75.728772699900276, 26.905649500024595 ], [ 75.728726199554501, 26.905245500279648 ], [ 75.728664499766978, 26.904736000166452 ], [ 75.728656500297291, 26.904531499729046 ], [ 75.728660499582475, 26.904248099969948 ], [ 75.728681999674677, 26.90395149996192 ], [ 75.728734299748282, 26.9036811997276 ], [ 75.728832199946055, 26.903310500079556 ], [ 75.728991799931748, 26.902930200168726 ], [ 75.72911649992659, 26.902678999736167 ], [ 75.729278799676933, 26.902411099792516 ], [ 75.730232299581075, 26.901029799585672 ], [ 75.730972599905726, 26.899958199811067 ], [ 75.731533200396939, 26.899142500326263 ], [ 75.731747700396227, 26.898826699792437 ], [ 75.732048199864721, 26.898329200232467 ], [ 75.732489300241184, 26.897495599742172 ], [ 75.732652100014491, 26.897182700421467 ], [ 75.732703099668413, 26.897084599674599 ], [ 75.733007000372879, 26.896500400073535 ], [ 75.733397299845592, 26.895743400237905 ], [ 75.733584699674225, 26.89536530006859 ], [ 75.733729600240963, 26.895075999857625 ], [ 75.735012600051562, 26.892627899558079 ], [ 75.735118499719078, 26.892414399604888 ], [ 75.735150699944825, 26.892349599854242 ], [ 75.735237200336599, 26.892204800011541 ], [ 75.735310499580066, 26.892076199657026 ], [ 75.73570940016873, 26.891319199821396 ], [ 75.736143900420643, 26.890545299925748 ], [ 75.736424200216845, 26.890046499946152 ], [ 75.736510000036503, 26.889898199942024 ], [ 75.736607900234503, 26.889682900445564 ], [ 75.736646800409687, 26.889551299952586 ], [ 75.736670900441879, 26.889425699736307 ] ], [ [ 75.767132600000025, 26.995134500000063 ], [ 75.767189, 26.995010400000126 ], [ 75.767200099999968, 26.994936900000084 ], [ 75.767159300000117, 26.99482380000012 ], [ 75.7668852, 26.994448799999986 ], [ 75.766577300000108, 26.993979300000035 ], [ 75.766519300000084, 26.993890900000054 ], [ 75.766108700000075, 26.993278700000019 ], [ 75.765641200000118, 26.992637500000058 ], [ 75.765324099999987, 26.992202799999973 ], [ 75.765217700000051, 26.992056200000093 ], [ 75.764847200000133, 26.991545599999938 ], [ 75.764580100000046, 26.991177600000071 ], [ 75.764285600000051, 26.9907323 ], [ 75.763856400000066, 26.990083500000139 ], [ 75.763405200000022, 26.989438700000051 ], [ 75.76324720000008, 26.989219400000025 ], [ 75.762697800000126, 26.988456900000017 ], [ 75.762593400000014, 26.988299300000108 ], [ 75.7622222, 26.987745100000097 ], [ 75.761892800000112, 26.987294 ], [ 75.761375300000111, 26.986535099999969 ], [ 75.761250500000074, 26.98635209999992 ], [ 75.760441500000127, 26.985250800000131 ], [ 75.7603178, 26.985101900000075 ] ], [ [ 75.767048700000032, 26.995179 ], [ 75.767108000034227, 26.995262500164301 ], [ 75.767162599674236, 26.995339199744365 ], [ 75.767205699683302, 26.995396099850097 ], [ 75.767313700167279, 26.995538500301734 ], [ 75.767864999870028, 26.996358299795816 ], [ 75.767995100293831, 26.996542300187059 ], [ 75.76811179991978, 26.99668219962399 ], [ 75.768374699632773, 26.996940299655137 ], [ 75.768574500213163, 26.997108800231103 ], [ 75.768813200069303, 26.997281999764596 ], [ 75.76904389955638, 26.997427799653337 ], [ 75.769289300261107, 26.997554499740431 ], [ 75.769537399831336, 26.997660799606365 ], [ 75.769790899830241, 26.997751599656681 ], [ 75.770104700271872, 26.997855599956097 ], [ 75.771570499878749, 26.998343199779015 ], [ 75.771862900052838, 26.998462600069047 ], [ 75.772064000153534, 26.998552300248605 ], [ 75.772346999714387, 26.998695699846735 ], [ 75.772632699939265, 26.998868900279547 ], [ 75.772919699684508, 26.999043400232893 ], [ 75.774657500143576, 27.000115199656875 ], [ 75.774743799986425, 27.000174800426862 ], [ 75.774896500373302, 27.000280399720793 ], [ 75.775135200229442, 27.000431900411911 ], [ 75.775414599804037, 27.000607699885563 ], [ 75.778160200333048, 27.002373400012459 ], [ 75.782909100075074, 27.005357900047159 ], [ 75.785108074720142, 27.006756822256307 ] ], [ [ 75.785186625825645, 27.006589366513197 ], [ 75.782211600285279, 27.004670600367945 ], [ 75.779275999987476, 27.002857999696914 ], [ 75.776958599959528, 27.001389699974766 ], [ 75.776402800049254, 27.001045599574866 ], [ 75.776298600100461, 27.000981100197635 ], [ 75.77584550006992, 27.000700699677623 ], [ 75.774983599713494, 27.000154000007171 ], [ 75.774748599668271, 27.000018599878558 ], [ 75.773826200119174, 26.999473599926887 ], [ 75.77268090000365, 26.998770900256886 ], [ 75.772245100231373, 26.998522399589206 ], [ 75.771956700241617, 26.998387399658839 ], [ 75.771700600302495, 26.998285799650091 ], [ 75.771075600258769, 26.998065900121276 ], [ 75.769637999793986, 26.997585500270702 ], [ 75.769318799822827, 26.997455300022125 ], [ 75.769054599690094, 26.997320300091928 ], [ 75.768802499935532, 26.997150599820486 ], [ 75.768630799571895, 26.997016699760934 ], [ 75.768459100107464, 26.996868600305731 ], [ 75.768228500445105, 26.996642699601011 ], [ 75.768117200348684, 26.996514899643046 ], [ 75.768000499823358, 26.996363100376868 ], [ 75.767830199704065, 26.996132499815133 ], [ 75.767453700328076, 26.995568700435342 ], [ 75.767339699567572, 26.995408100403552 ], [ 75.767132600000025, 26.995134500000063 ] ] ] } },
{ "type": "Feature", "properties": { "ref": null, "name_1": null, "Labels": null, "Roadname": "NH48, Ajmer Road", "two_wheele": 22.0, "car_jeep_v": 26.0, "IPT": 1.0, "bus": 3.0, "Goods_vehi": 47.0, "tractor": 0.0, "others": 0.0, "private": 48.0, "others2": 0.0 }, "geometry": { "type": "MultiLineString", "coordinates": [ [ [ 75.701353831615279, 26.87227118017023 ], [ 75.706811299601782, 26.874303600430949 ], [ 75.708087999661586, 26.874774900041643 ], [ 75.710469800141311, 26.875564500301493 ], [ 75.710998200406721, 26.875770200434488 ], [ 75.711859199642333, 26.876188899598219 ], [ 75.713142700375442, 26.876825300347377 ], [ 75.715122699952701, 26.877834700311325 ], [ 75.715980600124738, 26.8782865997469 ], [ 75.716667100306609, 26.878655700400429 ], [ 75.716737299586782, 26.878692099560908 ], [ 75.717045199576376, 26.878857199799995 ], [ 75.72117990013237, 26.880928299801326 ], [ 75.722242000367999, 26.881469000094398 ], [ 75.723676999993643, 26.882184300165306 ], [ 75.725165600112348, 26.882930699692224 ], [ 75.726329699656048, 26.883516900284803 ], [ 75.728700800002002, 26.884696299994289 ], [ 75.730790200307581, 26.885744100110287 ], [ 75.731557300429131, 26.886136399675195 ], [ 75.733147899855851, 26.886918700137983 ], [ 75.735246100027496, 26.887937800189491 ], [ 75.735551200427551, 26.888087299889037 ], [ 75.736112999786428, 26.888425800158075 ] ], [ [ 75.701309137132341, 26.872377899409173 ], [ 75.706547700000101, 26.874337200000127 ], [ 75.70710130000009, 26.874535400000013 ], [ 75.707556500000067, 26.874707700000044 ], [ 75.708761100000117, 26.875095900000019 ], [ 75.710507800000016, 26.875678 ], [ 75.711728100000073, 26.876192899999978 ], [ 75.712902699999916, 26.87680469999998 ], [ 75.71346410000001, 26.877102200000081 ], [ 75.713986400000067, 26.8773584 ], [ 75.715238200000101, 26.8779965 ], [ 75.715698399999951, 26.8782175 ], [ 75.716045700000109, 26.878391500000021 ], [ 75.716640400000131, 26.878708299999914 ], [ 75.716697900000099, 26.878744 ], [ 75.7175669, 26.8792608 ], [ 75.717904900000121, 26.879442600000118 ], [ 75.718550500000049, 26.879802 ], [ 75.718596899999966, 26.879827799999987 ], [ 75.718985200000134, 26.880027400000017 ], [ 75.7192111, 26.880143600000054 ], [ 75.719554199999948, 26.8803153 ], [ 75.719668800000022, 26.8803749 ], [ 75.7198977, 26.880473699999982 ], [ 75.720697, 26.880882800000109 ], [ 75.721775300000047, 26.881464200000039 ], [ 75.722172300000068, 26.881643600000132 ], [ 75.722593200000063, 26.881847300000118 ], [ 75.722647, 26.8818733 ], [ 75.72437170000012, 26.882741700000054 ], [ 75.726093600000127, 26.88360769999997 ], [ 75.726906400000075, 26.884026399999925 ], [ 75.72797120000007, 26.884547900000086 ], [ 75.728370800000107, 26.88475370000009 ], [ 75.72904410000001, 26.885105300000021 ], [ 75.729961400000093, 26.885552700000119 ], [ 75.730835800000136, 26.885992900000133 ], [ 75.731324, 26.886246400000118 ], [ 75.7322534, 26.88666610000007 ], [ 75.7327429, 26.886897 ], [ 75.7335567, 26.8872988 ], [ 75.734480900000108, 26.8877587 ], [ 75.73467740000001, 26.887860100000069 ], [ 75.7350616, 26.8880522 ], [ 75.735222300000146, 26.8881384 ], [ 75.735659600000076, 26.888363100000106 ], [ 75.735972200000049, 26.888566900000114 ], [ 75.73610229999997, 26.888654200000076 ], [ 75.736219, 26.888761900000077 ], [ 75.736276700000019, 26.8888361 ], [ 75.736331899999925, 26.888922200000025 ], [ 75.736369200000013, 26.889075300000059 ], [ 75.736377100000141, 26.88922720000005 ], [ 75.736334300000124, 26.889385000000118 ], [ 75.736266500000056, 26.88953320000013 ], [ 75.736177100000077, 26.889714 ], [ 75.736022700000092, 26.890010299999972 ] ], [ [ 75.730682200000047, 26.885555000000124 ], [ 75.729422299999328, 26.884937900164005 ], [ 75.728660499582475, 26.884567099791923 ], [ 75.726420899904667, 26.883449899893094 ], [ 75.725393599834945, 26.882916399572366 ], [ 75.723864700195861, 26.882146099662805 ], [ 75.72122009982786, 26.88082790038743 ], [ 75.720447700001444, 26.880430099669525 ], [ 75.716932000111797, 26.878670999666952 ], [ 75.716522900311759, 26.878438399912397 ], [ 75.71490240022564, 26.877578200173957 ], [ 75.713018500403507, 26.876654400380289 ], [ 75.712302999783674, 26.876265400428053 ], [ 75.711808199988411, 26.876038200202856 ], [ 75.711067899663931, 26.875676800444012 ], [ 75.710654799679276, 26.875530899831347 ], [ 75.709453600403435, 26.875121100358626 ], [ 75.708613700162175, 26.874834599737142 ], [ 75.70766950014746, 26.874499700300987 ], [ 75.701416212877575, 26.872175645223706 ] ], [ [ 75.730682200000047, 26.885555000000124 ], [ 75.730561599999987, 26.88541170000002 ], [ 75.730167900000083, 26.885217700000112 ], [ 75.728993100000082, 26.884622100000058 ], [ 75.728424500000074, 26.884344599999963 ], [ 75.7274698, 26.883867599999974 ], [ 75.727388500000018, 26.883827 ], [ 75.7257181, 26.882992900000033 ], [ 75.725436500000114, 26.882844600000055 ], [ 75.725083800000107, 26.882671100000096 ], [ 75.724314, 26.88227280000001 ], [ 75.723737300000039, 26.881984500000101 ], [ 75.722857500000089, 26.881550300000072 ], [ 75.722351899999978, 26.881296700000064 ], [ 75.721564700000044, 26.880891200000065 ], [ 75.721113600000024, 26.880654500000048 ], [ 75.721047100000021, 26.880619599999989 ], [ 75.720565599999986, 26.880404300000123 ], [ 75.720192800000063, 26.880193800000086 ], [ 75.719463200000064, 26.8798038 ], [ 75.719385700000089, 26.879764500000078 ], [ 75.717776100000094, 26.878947400000015 ], [ 75.716886900000077, 26.878472499999987 ], [ 75.716799400000127, 26.878429200000085 ], [ 75.716598600000054, 26.878333700000042 ], [ 75.715412599999979, 26.877715800000033 ], [ 75.715195800000117, 26.87760279999992 ], [ 75.714273100000014, 26.877136300000075 ], [ 75.7130085, 26.876503500000126 ], [ 75.712109900000087, 26.8760501000001 ], [ 75.711770600000079, 26.87588020000004 ], [ 75.7112087000001, 26.8756434 ], [ 75.710892200000046, 26.875530900000115 ], [ 75.70991790000005, 26.875202600000136 ], [ 75.709567, 26.875086800000133 ], [ 75.708259000000112, 26.8746276 ], [ 75.7072571, 26.874278200000049 ], [ 75.701434058834991, 26.872104261393474 ] ], [ [ 75.736112999786428, 26.888425800158075 ], [ 75.736542863098691, 26.888697645232355 ] ], [ [ 75.736112999786428, 26.888425800158075 ], [ 75.736285999599318, 26.888643499997556 ], [ 75.73637719984788, 26.888770299909481 ], [ 75.736429499921485, 26.888876699600132 ], [ 75.73647019964011, 26.888985100282184 ], [ 75.736498600230277, 26.889134500157184 ], [ 75.736507300271853, 26.889300100419405 ] ], [ [ 75.736542863098691, 26.888697645232355 ], [ 75.736449499944456, 26.888550699855045 ], [ 75.736354099861956, 26.888448599823164 ], [ 75.736216699640977, 26.888334699786753 ], [ 75.736003099863296, 26.888203299842473 ], [ 75.735737500385426, 26.888069299958204 ], [ 75.735427700128355, 26.887923400244745 ], [ 75.73481350004306, 26.887636299775522 ], [ 75.732322500283203, 26.886395300103061 ], [ 75.732101400159536, 26.886286000099005 ], [ 75.731571200350686, 26.885994500146069 ], [ 75.731187599927978, 26.8858041001792 ], [ 75.730951099813524, 26.885686699981363 ], [ 75.730682200000047, 26.885555000000124 ] ], [ [ 75.736542863098691, 26.888697645232355 ], [ 75.736580899944499, 26.888721699823577 ], [ 75.736790000179269, 26.888825399786299 ], [ 75.737028999844483, 26.888931700169053 ], [ 75.73735210000973, 26.88905319982274 ], [ 75.737766299937448, 26.889267800184427 ], [ 75.737843600202098, 26.889301300115051 ], [ 75.738511099999926, 26.889638899999966 ], [ 75.739156200000025, 26.889960799999983 ], [ 75.739213199999938, 26.889989600000035 ], [ 75.739698500000145, 26.890234400000054 ], [ 75.740674800000079, 26.890717 ], [ 75.741037300000073, 26.890898100000072 ], [ 75.74151860000012, 26.891144900000086 ], [ 75.7425629, 26.891684000000112 ], [ 75.743671900000095, 26.892236299999979 ], [ 75.74465379999998, 26.892731600000104 ], [ 75.744987, 26.8929046 ], [ 75.746043200000031, 26.893441600000017 ], [ 75.746317699999963, 26.893577900000139 ], [ 75.747218800000098, 26.894013 ], [ 75.748187, 26.894500900000082 ], [ 75.749308099999951, 26.895053299999972 ], [ 75.749741700000129, 26.895267500000102 ], [ 75.750468900000101, 26.895632400000125 ], [ 75.750874400000043, 26.895830100000126 ], [ 75.750971100000072, 26.895877300000109 ], [ 75.751046300000098, 26.89591230000002 ], [ 75.751341099999934, 26.896055100000069 ], [ 75.7514918, 26.896133600000041 ], [ 75.752262099999939, 26.896532399999955 ], [ 75.75234880000005, 26.896575200000143 ], [ 75.752385600000025, 26.896593300000063 ], [ 75.752430600000025, 26.8966165 ], [ 75.7531945, 26.897010500000079 ], [ 75.753655400000127, 26.89724740000014 ], [ 75.753669200000047, 26.897254500000031 ], [ 75.75373170000006, 26.897285599999918 ], [ 75.754157200000066, 26.897488900000042 ] ], [ [ 75.736143900420643, 26.890545299925748 ], [ 75.736424200216845, 26.890046499946152 ], [ 75.736510000036503, 26.889898199942024 ], [ 75.736607900234503, 26.889682900445564 ], [ 75.736646800409687, 26.889551299952586 ], [ 75.736670900441879, 26.889425699736307 ], [ 75.736679700307945, 26.889258899778497 ], [ 75.736676299971407, 26.889105200244842 ], [ 75.736654500404995, 26.888952900056381 ], [ 75.736610500174493, 26.888804100029347 ], [ 75.736542863098691, 26.888697645232355 ] ], [ [ 75.751122000000123, 26.895833 ], [ 75.751014100000077, 26.895791200000133 ], [ 75.750922100000082, 26.895747800000095 ], [ 75.750753199999963, 26.895668100000023 ], [ 75.750338600000134, 26.895466400000032 ], [ 75.750042900000039, 26.895316600000115 ], [ 75.749996700000111, 26.895292500000039 ], [ 75.749793299999965, 26.8951889 ], [ 75.749280900000031, 26.894928000000107 ], [ 75.74759680000011, 26.894080400000121 ], [ 75.747136800000078, 26.893852900000127 ], [ 75.747009100000014, 26.893789800000093 ], [ 75.7465517, 26.893563800000038 ], [ 75.746506299999965, 26.893541300000095 ], [ 75.746391900000106, 26.893484800000067 ], [ 75.746194500000115, 26.89338719999995 ], [ 75.746090500000037, 26.893337400000121 ], [ 75.745836600000132, 26.893215699999985 ], [ 75.745281300000045, 26.892934700000012 ], [ 75.744669400000021, 26.892625 ], [ 75.7444805, 26.892530399999941 ], [ 75.74406769999996, 26.892323800000099 ], [ 75.743699900000081, 26.892139700000143 ], [ 75.743208400000128, 26.8918936 ], [ 75.7431552, 26.891866700000094 ], [ 75.742017099999941, 26.891291 ], [ 75.74187970000014, 26.891221600000051 ], [ 75.74129060000007, 26.89092410000012 ], [ 75.7410772, 26.890819799999974 ], [ 75.740687800000103, 26.8906285 ], [ 75.740382500000067, 26.890478700000017 ], [ 75.7403471, 26.890460800000142 ], [ 75.74018430000001, 26.890378500000054 ], [ 75.740024, 26.890297400000122 ], [ 75.739911600000028, 26.8902405 ], [ 75.739708700000108, 26.89013790000007 ], [ 75.739487600000075, 26.890026100000057 ], [ 75.7393275, 26.889945100000091 ], [ 75.739140000000134, 26.8898514 ], [ 75.738761100000033, 26.88965440000004 ], [ 75.738075799758406, 26.889290900354865 ], [ 75.738016799867921, 26.889257700041469 ], [ 75.737876500050277, 26.889178600106334 ], [ 75.737639800168381, 26.889040500159581 ], [ 75.737109099802751, 26.888754700134655 ], [ 75.737007100148901, 26.88870760003806 ], [ 75.73690169987691, 26.888658899994198 ], [ 75.736124400210485, 26.888167999826749 ] ], [ [ 75.754353499999979, 26.89757980000013 ], [ 75.755002100000013, 26.897883600000057 ], [ 75.755646, 26.898206300000084 ], [ 75.755956100000049, 26.898338600000045 ], [ 75.756266100000119, 26.898470799999927 ], [ 75.756572899999924, 26.898556300000109 ], [ 75.756912300000124, 26.8986064 ], [ 75.757260299999984, 26.898619900000028 ], [ 75.757611900000086, 26.898631100000046 ], [ 75.757917000000134, 26.8986218 ], [ 75.758249100000057, 26.898624500000039 ], [ 75.758878500000094, 26.898620700000095 ], [ 75.75928540000001, 26.898616700000105 ], [ 75.7602384, 26.898601 ], [ 75.76102149999997, 26.898572 ], [ 75.761538, 26.898569500000121 ], [ 75.762046800000064, 26.898564 ], [ 75.7623592, 26.8985646000001 ], [ 75.763025200000016, 26.898565799999972 ], [ 75.76322550000009, 26.8985662 ], [ 75.76353030000007, 26.89856640000005 ], [ 75.763920700000028, 26.898576100000128 ], [ 75.76436910000001, 26.898584400000118 ], [ 75.764860199999987, 26.898584400000118 ], [ 75.765020700000093, 26.898584400000118 ], [ 75.765620300000137, 26.89858810000004 ], [ 75.765909300000089, 26.89859180000002 ], [ 75.766164, 26.898634800000025 ], [ 75.766341799999964, 26.898702800000137 ], [ 75.766562500000134, 26.898827100000119 ], [ 75.767012500000078, 26.899061299999971 ], [ 75.767182700000092, 26.899149799999975 ], [ 75.768230500000129, 26.899709300000097 ], [ 75.769062500000018, 26.900164 ], [ 75.769641400000125, 26.900468600000067 ], [ 75.770117500000083, 26.900719 ], [ 75.771159199999943, 26.901252400000089 ], [ 75.77203529999997, 26.90171690000011 ], [ 75.77214790000005, 26.901777 ], [ 75.772307100000091, 26.901862500000107 ], [ 75.772573900000111, 26.902004200000079 ], [ 75.773684300000014, 26.902597000000128 ], [ 75.774409000000105, 26.902877300000057 ], [ 75.774754300000041, 26.903023400000052 ], [ 75.774885400000073, 26.903129 ], [ 75.774993000000109, 26.903246300000035 ], [ 75.775148699999988, 26.903537300000096 ], [ 75.775490800000057, 26.904167500000028 ], [ 75.775892900000144, 26.904792200000031 ], [ 75.7761577, 26.905132200000082 ], [ 75.776549400000079, 26.9056417 ], [ 75.776894, 26.906055300000105 ], [ 75.777012, 26.906197 ], [ 75.777530700000113, 26.90682780000003 ], [ 75.777922400000023, 26.907261800000072 ], [ 75.778092300000026, 26.907441800000072 ], [ 75.778444400000012, 26.9077774000001 ], [ 75.778774300000123, 26.908079500000042 ], [ 75.779113499999937, 26.908368900000028 ], [ 75.7792963, 26.9085164 ], [ 75.779565500000047, 26.9086906 ], [ 75.7798955, 26.908868699999971 ], [ 75.780371100000082, 26.909124500000019 ], [ 75.780948200000068, 26.909418800000026 ], [ 75.781271600000025, 26.909583100000134 ], [ 75.781768100000022, 26.90984190000006 ], [ 75.782452700000022, 26.910201499999971 ], [ 75.7825042, 26.910228600000039 ], [ 75.783163, 26.910544500000071 ], [ 75.783343900000034, 26.9106271 ], [ 75.783680800000013, 26.910778100000073 ] ], [ [ 75.759113099999979, 26.898544900000047 ], [ 75.758973100000105, 26.898542300000031 ], [ 75.758784300000116, 26.898534400000074 ] ], [ [ 75.793411400000082, 26.9142683 ], [ 75.790310200000022, 26.913250199999936 ], [ 75.790187900000035, 26.913174900000115 ], [ 75.789759600000082, 26.91303860000005 ], [ 75.788524900000084, 26.912659300000087 ], [ 75.787572200000113, 26.912328700000103 ], [ 75.787367, 26.912258800000018 ], [ 75.787303200000053, 26.912239900000031 ], [ 75.7869824, 26.912083300000063 ], [ 75.786172800000145, 26.911642200000131 ], [ 75.785871, 26.911480700000084 ], [ 75.78544560000006, 26.911272300000064 ], [ 75.784561, 26.910952800000132 ], [ 75.783825100000058, 26.910706800000014 ], [ 75.783658800000012, 26.910638300000016 ] ], [ [ 75.800665500000093, 26.9168335 ], [ 75.800118600000133, 26.916633200000092 ], [ 75.799314700000025, 26.916322299999933 ], [ 75.798932900000068, 26.916174499999954 ], [ 75.798844, 26.916135100000076 ], [ 75.7986639, 26.9160632 ], [ 75.798195000000135, 26.915875899999946 ], [ 75.797716499999979, 26.915675800000088 ], [ 75.797267799999986, 26.915501200000051 ], [ 75.797067100000049, 26.915434900000093 ], [ 75.796878900000138, 26.915372800000057 ], [ 75.796866599999987, 26.915369000000112 ], [ 75.796143900000061, 26.915144700000042 ], [ 75.795915399999956, 26.915078700000095 ], [ 75.7953273, 26.914888099999928 ], [ 75.79492770000013, 26.914766499999985 ], [ 75.7944903, 26.9146308 ], [ 75.794165500000133, 26.914524500000084 ], [ 75.793941500000074, 26.914454799999987 ], [ 75.793513700000062, 26.9142986 ] ], [ [ 75.802517200000011, 26.917374699999982 ], [ 75.802389600000083, 26.917311100000063 ], [ 75.8022707, 26.917289600000061 ], [ 75.80190319999997, 26.917242300000055 ], [ 75.801657200000079, 26.917199 ], [ 75.801440600000092, 26.917138499999965 ], [ 75.8011712, 26.917032500000118 ] ], [ [ 75.763126200000045, 26.942515600000036 ], [ 75.763174500000105, 26.942569400000025 ], [ 75.763177199999973, 26.942583099999922 ], [ 75.763177199999973, 26.942597800000101 ], [ 75.763170500000115, 26.942610800000125 ], [ 75.763161800000148, 26.942619 ], [ 75.76312450000006, 26.942633900000033 ], [ 75.76301490000003, 26.9426525 ], [ 75.762844799999982, 26.942682100000127 ], [ 75.762786199999937, 26.942740900000047 ] ] ] } },
{ "type": "Feature", "properties": { "ref": "SH2C;90", "name_1": "SH2C;90", "Labels": "SH2C;90", "Roadname": "SH2C, Kalwad Road", "two_wheele": 63.0, "car_jeep_v": 26.0, "IPT": 2.0, "bus": 3.0, "Goods_vehi": 4.0, "tractor": 1.0, "others": 1.0, "private": 89.0, "others2": 2.0 }, "geometry": { "type": "MultiLineString", "coordinates": [ [ [ 75.773181, 26.940131300000132 ], [ 75.772755800000084, 26.940179900000032 ], [ 75.772741200000098, 26.940181600000017 ], [ 75.772387100000117, 26.940241199999946 ], [ 75.77206440000009, 26.940328700000123 ], [ 75.770699400000126, 26.940742900000089 ], [ 75.769844199975012, 26.941022099845213 ], [ 75.76967039966928, 26.94101400039591 ], [ 75.76789079962083, 26.941552900246336 ], [ 75.767546399746664, 26.941660499632462 ] ], [ [ 75.7696118, 26.9410959 ], [ 75.76745470000003, 26.94178990000006 ], [ 75.766423299999985, 26.942092099999968 ], [ 75.766003100000034, 26.942186600000014 ], [ 75.765583000000106, 26.9422811 ], [ 75.764960500000086, 26.94242760000003 ], [ 75.764548800000114, 26.942505700000083 ], [ 75.76418910000001, 26.942556200000013 ], [ 75.763607, 26.942620199999965 ] ], [ [ 75.7632913, 26.942591500000105 ], [ 75.763345700000059, 26.942630100000088 ], [ 75.763464399999918, 26.94269660000009 ] ], [ [ 75.762786199999937, 26.942740900000047 ], [ 75.7624156, 26.942783199999951 ] ], [ [ 75.762122299804332, 26.942865500342691 ], [ 75.761910499570092, 26.942816800255173 ], [ 75.761580600364539, 26.942710399665316 ], [ 75.761213200328996, 26.942602800279019 ], [ 75.761077700375665, 26.942583699578108 ], [ 75.760869799601608, 26.942572899619677 ], [ 75.760635099929971, 26.942601599684224 ], [ 75.760525899750576, 26.942620700385135 ], [ 75.760484899658536, 26.942627900357479 ], [ 75.760018200080026, 26.942781000043112 ], [ 75.759424099842363, 26.943021299793202 ], [ 75.759241700244388, 26.943095400332595 ], [ 75.759031200429661, 26.943168300276966 ], [ 75.758793800093997, 26.943230500087623 ], [ 75.758575200085488, 26.943266400124344 ], [ 75.758234599847015, 26.943308199713726 ], [ 75.757867099986754, 26.943328500110283 ], [ 75.757471400085137, 26.943330900400724 ], [ 75.757318599873543, 26.943290299607781 ], [ 75.757130799846607, 26.94326759981999 ], [ 75.756909500073448, 26.943249599889157 ], [ 75.756732500005, 26.943238899755443 ], [ 75.756522100014934, 26.943221899870878 ], [ 75.756378700416747, 26.943209699667932 ], [ 75.756144900067227, 26.943177500341505 ], [ 75.755897000146547, 26.943140899732725 ], [ 75.755699599856825, 26.943107700360258 ], [ 75.755428900323636, 26.943052900171324 ], [ 75.755246800199643, 26.943010400010053 ], [ 75.755101799808244, 26.942985999604275 ], [ 75.75505709990523, 26.942980100051614 ], [ 75.755026100274506, 26.942976000042393 ], [ 75.754916400071977, 26.942927499604593 ], [ 75.754343600276968, 26.942886200038174 ], [ 75.754146100162586, 26.942887600282688 ], [ 75.753547899915759, 26.942903799770704 ], [ 75.753123699599087, 26.942928800024276 ], [ 75.752679799633086, 26.942956300393007 ], [ 75.751765699927262, 26.943012999950042 ], [ 75.751197599989325, 26.943052999995984 ], [ 75.750439899581863, 26.943120000387751 ], [ 75.750289300011332, 26.943133299562305 ], [ 75.749799500446727, 26.943183600442921 ], [ 75.749677500216535, 26.943198600235235 ], [ 75.748933099882777, 26.943307500041215 ], [ 75.748881200007474, 26.943315100211862 ], [ 75.74842440016613, 26.943400800206859 ], [ 75.748375100230817, 26.943410000271399 ], [ 75.747885899614573, 26.943501800367983 ], [ 75.747783199735068, 26.943522599888126 ], [ 75.746911600190344, 26.943697900238021 ], [ 75.746814700038442, 26.943718799583053 ], [ 75.746471900058225, 26.943788300090091 ], [ 75.746124199672238, 26.943858699919133 ], [ 75.7451332996622, 26.944059499646187 ], [ 75.744825399672607, 26.944121900005769 ], [ 75.744610500374392, 26.944165800411383 ], [ 75.743877800220332, 26.944319599769869 ], [ 75.743724199612188, 26.944351799995673 ], [ 75.743381899655105, 26.944432099561936 ], [ 75.742952399633623, 26.944518000105688 ], [ 75.742245400305023, 26.944659399611623 ], [ 75.741911800389346, 26.944712199708363 ], [ 75.741881299882152, 26.944716100068092 ], [ 75.741579300344597, 26.944754500220085 ], [ 75.741133099912759, 26.944795899611222 ], [ 75.740846700015368, 26.944814100090753 ], [ 75.740363999698843, 26.944844900072155 ], [ 75.74027219960243, 26.944851600021366 ], [ 75.739834000438918, 26.944883700422622 ], [ 75.739743599687529, 26.944890299647795 ], [ 75.739702399945941, 26.944893299786088 ], [ 75.738413100384435, 26.944987699822661 ], [ 75.737602699704894, 26.945047000219063 ], [ 75.737517899931277, 26.945053200145139 ], [ 75.736393400235272, 26.945135499803655 ], [ 75.736145399590498, 26.945153700283129 ], [ 75.735973100278443, 26.945170600342976 ], [ 75.735580299791195, 26.945209200144575 ], [ 75.735490300137428, 26.945218000010811 ], [ 75.734780199946329, 26.945292900047377 ], [ 75.734470799887504, 26.94533690027788 ], [ 75.734041799889326, 26.945398000217551 ], [ 75.733940899552863, 26.945416500171518 ], [ 75.733157699768014, 26.945559999594309 ], [ 75.732299000098806, 26.945716899815125 ], [ 75.731837500400445, 26.945839200418902 ], [ 75.731542799760518, 26.945904500192682 ], [ 75.730650999643956, 26.946090599601632 ], [ 75.730506099976594, 26.94612079973524 ], [ 75.730321300088121, 26.946161299804317 ], [ 75.729457500363367, 26.946341999683568 ], [ 75.728783999881671, 26.94649839988142 ], [ 75.728696500343403, 26.946514899742965 ], [ 75.728411099592734, 26.946580300240782 ], [ 75.727492499679272, 26.946789800009412 ], [ 75.72717279968515, 26.946857599898351 ], [ 75.726963100266971, 26.946880100036594 ], [ 75.726896900271754, 26.946887200184278 ], [ 75.726631899742529, 26.946906200161152 ], [ 75.726254500145103, 26.946906299985869 ], [ 75.72585799984688, 26.94690639981053 ], [ 75.725403999594903, 26.94693149988899 ], [ 75.725368899954901, 26.946930900041195 ], [ 75.725135999826591, 26.946962200045562 ], [ 75.724807900164649, 26.94703209985164 ], [ 75.724546999644474, 26.947101700183396 ], [ 75.724363699825062, 26.947152900386016 ], [ 75.723685299836745, 26.947342199582977 ], [ 75.72337310018861, 26.947427899577974 ], [ 75.723048099590244, 26.947491299983653 ], [ 75.722578700246856, 26.947565699997085 ], [ 75.722090600400975, 26.947645999563349 ], [ 75.721942800419981, 26.947670300144296 ], [ 75.721341500210201, 26.947765300028664 ], [ 75.721015399741077, 26.94781679970572 ], [ 75.7206699998207, 26.947868599756191 ], [ 75.719821199888656, 26.947996200064665 ], [ 75.719162500449158, 26.948095200133423 ], [ 75.718399500336773, 26.948208799796419 ], [ 75.717364400446911, 26.948362799703489 ], [ 75.717152200014198, 26.948399299588004 ], [ 75.716896100075076, 26.948443399643168 ], [ 75.71681109975259, 26.948458699809294 ], [ 75.716291600077284, 26.948567599615103 ], [ 75.715718900107163, 26.948685300186526 ], [ 75.715567632428815, 26.948717245438104 ] ], [ [ 75.71559337223357, 26.948790207659954 ], [ 75.715604900246092, 26.94878780041671 ], [ 75.715916099848187, 26.948724900034165 ], [ 75.716308099939056, 26.948645599614792 ], [ 75.716855199807753, 26.948534900265543 ], [ 75.717213200129208, 26.948466899827736 ], [ 75.717964599886557, 26.948351800095679 ], [ 75.718421700101487, 26.948283900381739 ], [ 75.71850459960757, 26.948271600354246 ], [ 75.719844500423505, 26.948066800442632 ], [ 75.719874199634774, 26.948062300234994 ], [ 75.720686300032696, 26.947934799751181 ], [ 75.721337699675189, 26.947832000046787 ], [ 75.722112599616935, 26.947708200273382 ], [ 75.72234890008184, 26.947670499793844 ], [ 75.722582099684189, 26.947633200411929 ], [ 75.723300200244182, 26.947516400061886 ], [ 75.723654700404268, 26.94742560001157 ], [ 75.723681699850658, 26.947418700412811 ], [ 75.724219800203741, 26.94727040040874 ], [ 75.724560699916481, 26.94718030003088 ], [ 75.724826400118388, 26.947110000026669 ], [ 75.725113999711425, 26.947052400248253 ], [ 75.725342299807437, 26.947016299662607 ], [ 75.725382000379113, 26.947012900225218 ], [ 75.725405499664134, 26.947012300377423 ], [ 75.72581250044658, 26.946993099851795 ], [ 75.726090300127396, 26.946984600359144 ], [ 75.726256600062129, 26.946979500303826 ], [ 75.726379899812628, 26.946975699768814 ], [ 75.726587900411403, 26.946969999865701 ], [ 75.726698800309578, 26.946966899902577 ], [ 75.726941899649148, 26.946952400133171 ], [ 75.727198700159988, 26.946921000303973 ], [ 75.72746579970692, 26.946864000373353 ], [ 75.727831699673231, 26.946782100013934 ], [ 75.728080599640009, 26.946729399742082 ], [ 75.728795500412161, 26.946578200323756 ], [ 75.728986100028635, 26.946537899904229 ], [ 75.729184500364397, 26.946493700024348 ], [ 75.729479600303421, 26.946427900227491 ], [ 75.729787100094711, 26.946359399766493 ], [ 75.730185899959508, 26.946270400158994 ], [ 75.730285200401852, 26.946248300218997 ], [ 75.731355499756603, 26.946009399814102 ], [ 75.731557699728228, 26.94596019970345 ], [ 75.731656799621646, 26.945936099671258 ], [ 75.731838899745412, 26.945899099763778 ], [ 75.732308399812894, 26.945797099556557 ] ] ] } },
{ "type": "Feature", "properties": { "ref": null, "name_1": null, "Labels": null, "Roadname": "NH52, Sikar Road", "two_wheele": 37.0, "car_jeep_v": 37.0, "IPT": 1.0, "bus": 6.0, "Goods_vehi": 17.0, "tractor": 1.0, "others": 1.0, "private": 74.0, "others2": 2.0 }, "geometry": { "type": "MultiLineString", "coordinates": [ [ [ 75.845334300000104, 26.903124600000069 ], [ 75.84523780000012, 26.903170900000021 ], [ 75.845108900000128, 26.903290400000117 ], [ 75.844774400000119, 26.903736400000071 ], [ 75.844608700000094, 26.903916800000047 ], [ 75.844474199999979, 26.904068400000028 ] ], [ [ 75.844063899999981, 26.90382 ], [ 75.844053200000133, 26.904069900000138 ], [ 75.844029, 26.904205000000104 ], [ 75.843990100000099, 26.904315099999963 ], [ 75.843928500000118, 26.904451400000085 ], [ 75.8438413, 26.904557899999986 ], [ 75.843673599999988, 26.904713300000083 ], [ 75.843430899999987, 26.904945300000065 ], [ 75.8432633, 26.905106800000112 ], [ 75.843038, 26.905322099999978 ], [ 75.842867600000091, 26.905485900000031 ], [ 75.842655699999966, 26.905680800000027 ], [ 75.842532400000096, 26.905780100000072 ], [ 75.842215899999985, 26.906044400000098 ], [ 75.8421189, 26.906121 ], [ 75.841942400000107, 26.906244 ], [ 75.841843, 26.906305900000064 ], [ 75.841791200000046, 26.906351800000095 ], [ 75.841756299999986, 26.906394300000045 ], [ 75.841706199999919, 26.90650740000001 ], [ 75.841473700000051, 26.906630700000107 ], [ 75.841106600000046, 26.906863 ], [ 75.841032299999938, 26.906914200000074 ], [ 75.8410311, 26.906915 ], [ 75.841030499999988, 26.906915600000048 ], [ 75.840208500000017, 26.9074716 ], [ 75.83977770000007, 26.907766500000093 ], [ 75.839311800000075, 26.908087900000055 ], [ 75.838936800000113, 26.908361400000103 ], [ 75.838843600000075, 26.908474400000046 ] ], [ [ 75.845004500000016, 26.903848799999935 ], [ 75.845419800000059, 26.903283 ], [ 75.845443900000134, 26.903169400000024 ] ], [ [ 75.842166099999986, 26.90635229999998 ], [ 75.84228429999996, 26.906361300000015 ], [ 75.842429300000106, 26.9062692 ], [ 75.842461300000082, 26.906248899999923 ], [ 75.842503199999953, 26.906217500000025 ], [ 75.842611500000032, 26.906136500000059 ], [ 75.842717799999946, 26.906043399999987 ], [ 75.84275770000005, 26.906008499999928 ], [ 75.842835499999921, 26.905951099999982 ], [ 75.8430742, 26.905734700000039 ], [ 75.843297399999983, 26.90551929999998 ], [ 75.843386600000088, 26.905374700000095 ], [ 75.843507400000135, 26.905225 ], [ 75.843676100000039, 26.905053200000111 ], [ 75.843894200000136, 26.904834900000026 ], [ 75.844003400000133, 26.904720300000122 ], [ 75.844098499999973, 26.904620500000021 ], [ 75.8441843, 26.904534399999989 ], [ 75.844223500000055, 26.904502200000024 ], [ 75.844272, 26.90448640000011 ], [ 75.844323400000121, 26.904486100000099 ], [ 75.844371700000011, 26.904493900000034 ], [ 75.844448100000136, 26.9045041 ], [ 75.844591600000115, 26.904528 ] ], [ [ 75.841092800000013, 26.906986800000084 ], [ 75.840401199999974, 26.907438399999933 ], [ 75.839701299999945, 26.907926800000041 ], [ 75.838959900000077, 26.908440800000108 ], [ 75.838843600000075, 26.908474400000046 ] ], [ [ 75.838843600000075, 26.908474400000046 ], [ 75.838423400000124, 26.908779700000082 ], [ 75.837921499999936, 26.909159600000066 ], [ 75.8377547, 26.909317 ], [ 75.837730599999986, 26.909360700000036 ], [ 75.83746780000007, 26.909769600000118 ], [ 75.837409600000058, 26.909839800000043 ] ], [ [ 75.837409600000058, 26.909839800000043 ], [ 75.837120700000128, 26.910125400000027 ], [ 75.837027300000045, 26.910241900000074 ], [ 75.836911900000075, 26.910372700000096 ], [ 75.836745600000029, 26.910531500000104 ], [ 75.836329900000067, 26.910914199999922 ], [ 75.835926, 26.911286099999984 ], [ 75.835257000000126, 26.911901200000102 ], [ 75.835114400000066, 26.912034800000129 ], [ 75.834502600000064, 26.912607800000103 ], [ 75.8344333, 26.912677299999984 ], [ 75.834207900000024, 26.9128816 ], [ 75.8340083, 26.913031699999976 ], [ 75.833863800000131, 26.913122700000088 ], [ 75.833701099999985, 26.9131817 ], [ 75.8331579, 26.91331190000011 ], [ 75.83280950000011, 26.913405300000022 ], [ 75.8326882, 26.913435400000026 ], [ 75.831963100000053, 26.913603600000044 ], [ 75.831360100000097, 26.913741800000139 ], [ 75.831310600000108, 26.9137531 ], [ 75.831265200000075, 26.913764300000025 ], [ 75.83100120000006, 26.913829600000099 ], [ 75.830015300000014, 26.914073300000041 ], [ 75.82935329999998, 26.914240100000143 ], [ 75.828783300000055, 26.914380200000039 ], [ 75.827966300000128, 26.91458090000009 ], [ 75.827920200000051, 26.914600200000109 ], [ 75.827710899999943, 26.914687600000036 ] ], [ [ 75.827710899999943, 26.914687600000036 ], [ 75.827989600000137, 26.914647500000115 ], [ 75.828279200000111, 26.914574200000061 ], [ 75.828416600000082, 26.914540300000112 ], [ 75.829496200000051, 26.914274100000114 ], [ 75.830468600000074, 26.9140473 ], [ 75.831321800000126, 26.913835600000084 ], [ 75.831400800000097, 26.913813 ], [ 75.831658500000117, 26.9137391000001 ], [ 75.8317085, 26.913724799999954 ], [ 75.832164300000045, 26.913620400000013 ], [ 75.832532100000094, 26.91353950000007 ], [ 75.832715199999939, 26.913498300000072 ], [ 75.832824500000129, 26.9134717 ], [ 75.832946500000105, 26.913442700000076 ], [ 75.833352600000126, 26.913346 ], [ 75.833728300000132, 26.913244800000029 ], [ 75.833884800000078, 26.913180200000056 ], [ 75.8340531, 26.913084200000071 ], [ 75.834192200000132, 26.912990400000126 ], [ 75.834205699999984, 26.912981300000069 ], [ 75.834360300000014, 26.912835 ], [ 75.834471000000121, 26.912730300000135 ], [ 75.834550100000058, 26.912656900000059 ], [ 75.834724100000074, 26.912495400000012 ], [ 75.835115200000132, 26.91215660000006 ], [ 75.8357727, 26.91153810000003 ], [ 75.836130500000081, 26.911223899999982 ], [ 75.836534, 26.910831800000039 ], [ 75.836872500000027, 26.910517800000036 ], [ 75.837087100000019, 26.91031310000011 ], [ 75.837271900000019, 26.910090000000139 ], [ 75.837326400000109, 26.909982200000115 ], [ 75.837409600000058, 26.909839800000043 ] ], [ [ 75.827710899999943, 26.914687600000036 ], [ 75.827506799999981, 26.914740900000027 ], [ 75.827187099999946, 26.914824300000021 ], [ 75.82664990000012, 26.914964500000053 ], [ 75.826306300000113, 26.915060199999971 ], [ 75.825990700000091, 26.915136500000074 ], [ 75.825577800000019, 26.915188699999931 ], [ 75.825452900000016, 26.915189600000019 ] ], [ [ 75.825452900000016, 26.915189600000019 ], [ 75.825293400000135, 26.915124300000116 ], [ 75.824864700000035, 26.915124699999978 ], [ 75.824685, 26.915110700000071 ], [ 75.824687100000062, 26.915206000000126 ] ], [ [ 75.824687100000062, 26.915206000000126 ], [ 75.824843200000032, 26.915207200000054 ], [ 75.825007, 26.915207200000054 ], [ 75.825316700000087, 26.9152305 ], [ 75.825452900000016, 26.915189600000019 ] ], [ [ 75.818837, 26.916258299999981 ], [ 75.818516, 26.9163077 ], [ 75.817522800000063, 26.916504799999927 ], [ 75.817474300000129, 26.916513899999984 ], [ 75.8172515, 26.916532400000108 ] ], [ [ 75.818544900000063, 26.916420900000105 ], [ 75.819996500000116, 26.916132 ], [ 75.820333, 26.916051 ], [ 75.820430699999974, 26.916030799999987 ], [ 75.820559600000138, 26.916004200000089 ], [ 75.82075279999998, 26.915956700000095 ], [ 75.821329, 26.915837300000135 ], [ 75.8219343, 26.915707900000086 ], [ 75.822389500000043, 26.915610500000014 ], [ 75.823002300000098, 26.9154767 ], [ 75.823234500000126, 26.915426800000091 ], [ 75.823524300000145, 26.915364500000123 ], [ 75.823651199999972, 26.915340600000093 ], [ 75.824035900000013, 26.915268200000128 ], [ 75.8242912, 26.915229899999986 ], [ 75.824588600000084, 26.915211800000066 ], [ 75.824608200000114, 26.915342700000053 ], [ 75.824644300000102, 26.915543900000046 ], [ 75.824680100000023, 26.915821800000117 ], [ 75.824698600000147, 26.915894 ], [ 75.824759700000016, 26.916030699999965 ], [ 75.8247938, 26.916130200000055 ], [ 75.825023400000021, 26.916812700000037 ], [ 75.825144300000034, 26.91723020000012 ], [ 75.82532910000009, 26.9178688 ], [ 75.825640600000099, 26.91893 ], [ 75.825869099999977, 26.919913400000098 ], [ 75.825965699999983, 26.920209300000067 ], [ 75.826052900000093, 26.920480800000121 ], [ 75.826214100000129, 26.920947099999978 ], [ 75.826225000000136, 26.920986200000016 ], [ 75.826660400000094, 26.92254000000014 ], [ 75.826602900000125, 26.922847800000056 ] ], [ [ 75.816486100000077, 26.916912500000137 ], [ 75.816610300000036, 26.916886100000056 ], [ 75.816783200000145, 26.916838900000073 ], [ 75.816915500000107, 26.916791600000067 ], [ 75.81705050000005, 26.916735 ], [ 75.817189199999973, 26.916676799999948 ] ], [ [ 75.802999900000145, 26.917245599999944 ], [ 75.803125600000044, 26.917220199999974 ], [ 75.803570800000102, 26.91714880000012 ], [ 75.803851400000042, 26.91710380000012 ], [ 75.803997300000049, 26.917080399999975 ], [ 75.804369, 26.917020700000023 ], [ 75.804448500000092, 26.917008 ], [ 75.804650200000083, 26.916977100000111 ], [ 75.804719599999942, 26.916963900000098 ], [ 75.80501090000007, 26.916912700000125 ], [ 75.805293900000038, 26.916871800000138 ], [ 75.805507300000102, 26.916840900000068 ], [ 75.805771000000107, 26.916802800000085 ], [ 75.806118200000014, 26.916741699999989 ], [ 75.806391200000064, 26.91669370000011 ], [ 75.806643399999984, 26.91664940000004 ], [ 75.806739800000116, 26.9166389 ], [ 75.807269900000108, 26.916564800000117 ], [ 75.807306499999925, 26.916561 ], [ 75.808283, 26.91645840000001 ], [ 75.808851600000082, 26.916398700000059 ], [ 75.809269900000061, 26.91634120000009 ], [ 75.809727400000043, 26.916266300000132 ], [ 75.8098938, 26.916254200000026 ], [ 75.810119499999985, 26.916234299999928 ], [ 75.810266500000068, 26.9162366 ], [ 75.810706, 26.916261400000053 ], [ 75.810789700000043, 26.916277200000138 ], [ 75.811067200000082, 26.916329500000018 ], [ 75.811349800000016, 26.916403100000082 ], [ 75.811620800000071, 26.916491600000086 ], [ 75.812011200000029, 26.916626700000108 ], [ 75.812434500000052, 26.916718400000036 ], [ 75.813632200000029, 26.916776300000038 ], [ 75.8141493, 26.9167951 ], [ 75.814751400000091, 26.916834800000061 ], [ 75.815272600000014, 26.9168575 ], [ 75.815879000000109, 26.916871600000093 ], [ 75.816006600000037, 26.916923100000076 ], [ 75.816396899999972, 26.91692450000005 ] ], [ [ 75.794096300000092, 26.920711500000039 ], [ 75.794160400000067, 26.920453399999985 ], [ 75.794183500000031, 26.920385900000099 ], [ 75.794231900000113, 26.920306100000062 ], [ 75.794309599999963, 26.920242599999938 ], [ 75.794439800000077, 26.920182899999986 ], [ 75.795144000000107, 26.919981700000051 ], [ 75.795584, 26.919856 ], [ 75.796107300000074, 26.919693900000027 ], [ 75.796514699999989, 26.919567800000095 ], [ 75.7965532, 26.919555600000137 ], [ 75.797058200000038, 26.919396200000108 ], [ 75.798315899999977, 26.918954900000017 ], [ 75.7985243, 26.918879600000139 ], [ 75.799427499999979, 26.918564700000047 ], [ 75.799916700000097, 26.918403399999988 ], [ 75.800254399999972, 26.918284 ], [ 75.800520199999937, 26.918196500000136 ], [ 75.800955300000055, 26.918053199999974 ], [ 75.801303400000108, 26.917941100000121 ], [ 75.801389300000096, 26.91791390000003 ], [ 75.801715300000069, 26.917791800000032 ], [ 75.802425, 26.917486100000133 ], [ 75.802554600000065, 26.9173988 ], [ 75.802640200000042, 26.917341200000067 ], [ 75.802517200000011, 26.917374699999982 ], [ 75.802311299999985, 26.9174309 ], [ 75.802107500000034, 26.917509799999948 ], [ 75.801663500000075, 26.9176928 ], [ 75.801432899999952, 26.917787800000042 ], [ 75.801350400000103, 26.917817700000057 ], [ 75.801255400000059, 26.917852200000084 ], [ 75.801052, 26.917918600000064 ], [ 75.800208100000077, 26.918206800000064 ], [ 75.800044400000047, 26.918261800000039 ], [ 75.799866, 26.9183193 ], [ 75.799699900000121, 26.918378700000119 ], [ 75.7987774, 26.918694700000117 ], [ 75.798486700000126, 26.9187943 ], [ 75.79825210000007, 26.918876200000057 ], [ 75.797898, 26.918998400000021 ], [ 75.797021800000039, 26.9193007 ], [ 75.796125800000141, 26.919597700000054 ], [ 75.795775200000094, 26.91971390000009 ], [ 75.7954648, 26.919809 ], [ 75.795283300000108, 26.919859600000052 ], [ 75.79506049999992, 26.919921800000054 ], [ 75.794789700000081, 26.919996900000058 ], [ 75.794417900000042, 26.920099900000025 ], [ 75.79440139999997, 26.920104500000093 ], [ 75.794227500000147, 26.9201784 ], [ 75.794162800000095, 26.920257799999945 ], [ 75.794106100000022, 26.9203569 ], [ 75.7940825, 26.920435200000099 ], [ 75.794009099999982, 26.920682300000124 ], [ 75.793960800000093, 26.920893200000137 ], [ 75.793897900000047, 26.921168099999988 ], [ 75.793817300000114, 26.921519800000112 ], [ 75.793763500000125, 26.921766699999921 ], [ 75.79373970000006, 26.921876100000134 ], [ 75.793661099999952, 26.922237199999984 ], [ 75.79364240000001, 26.922337799999923 ], [ 75.793611600000133, 26.922463200000038 ], [ 75.793492400000048, 26.922958200000096 ], [ 75.793483700000024, 26.922994400000107 ], [ 75.793452, 26.923165200000028 ], [ 75.793374500000084, 26.923514500000124 ], [ 75.79332260000001, 26.92374540000003 ], [ 75.79318400000011, 26.924362599999938 ], [ 75.793028800000059, 26.925103299999989 ], [ 75.792993300000148, 26.925259 ], [ 75.7929464, 26.925369000000103 ], [ 75.792864600000144, 26.925431100000083 ], [ 75.792582700000082, 26.925558500000136 ] ], [ [ 75.8269836, 26.922781600000064 ], [ 75.8268397, 26.922673800000041 ], [ 75.826765200000068, 26.922521099999983 ], [ 75.826314300000035, 26.920960900000068 ], [ 75.826166100000023, 26.920456800000068 ], [ 75.826002600000038, 26.91989719999998 ], [ 75.825711, 26.918882 ], [ 75.825416500000017, 26.917857299999923 ], [ 75.825234500000079, 26.91721 ], [ 75.825116500000092, 26.916790300000116 ], [ 75.824892800000043, 26.915980300000058 ], [ 75.824862099999962, 26.915908399999978 ], [ 75.82482020000009, 26.915794900000037 ], [ 75.824774099999956, 26.9156251 ], [ 75.824705900000026, 26.915332300000102 ], [ 75.824687100000062, 26.915206000000126 ] ], [ [ 75.826338500000077, 26.923017800000082 ], [ 75.825174900000093, 26.923258 ], [ 75.823939, 26.923531500000138 ], [ 75.822865200000138, 26.92374180000013 ], [ 75.822639600000116, 26.923786 ], [ 75.822522100000015, 26.923809 ], [ 75.822338500000058, 26.923847000000137 ], [ 75.821332699999971, 26.924043600000061 ], [ 75.820173399999987, 26.924281000000121 ], [ 75.818969, 26.924538899999959 ], [ 75.818907, 26.92454749999996 ], [ 75.818844900000045, 26.924533200000042 ], [ 75.818659799999978, 26.924447700000087 ] ], [ [ 75.818134200000031, 26.924641100000088 ], [ 75.8174618, 26.924797400000045 ], [ 75.816953800000078, 26.924905700000124 ], [ 75.815920399999982, 26.9251059 ], [ 75.814863100000082, 26.925315300000079 ], [ 75.81444410000006, 26.925398700000073 ], [ 75.8138143, 26.925524 ], [ 75.813189099999931, 26.92565 ], [ 75.812768000000119, 26.9257349 ], [ 75.811713500000053, 26.925961600000107 ], [ 75.810640700000135, 26.926189100000101 ], [ 75.809871600000065, 26.926344099999937 ], [ 75.809716800000047, 26.926376000000118 ], [ 75.809623700000031, 26.926383800000053 ], [ 75.809548800000016, 26.92637689999998 ], [ 75.809529800000064, 26.92637510000003 ], [ 75.809465200000034, 26.926383800000053 ], [ 75.809426700000074, 26.926393 ], [ 75.809287200000028, 26.926436200000126 ], [ 75.809172900000021, 26.926475 ], [ 75.809088300000099, 26.9264968 ], [ 75.80899260000001, 26.926517500000102 ], [ 75.808668800000021, 26.926541899999961 ] ], [ [ 75.818734200000108, 26.9247712 ], [ 75.818867299999908, 26.924686400000098 ], [ 75.819009599999958, 26.924624699999981 ], [ 75.819769899999983, 26.924463300000127 ], [ 75.820038, 26.924405499999978 ], [ 75.820205499999986, 26.924381200000084 ], [ 75.821081299999946, 26.9241935 ], [ 75.821349400000145, 26.924139200000127 ], [ 75.822194300000035, 26.923968100000025 ], [ 75.822388400000136, 26.923928800000112 ], [ 75.822544, 26.923897300000021 ], [ 75.82265110000003, 26.923875599999974 ], [ 75.822660700000085, 26.9238737 ], [ 75.822722900000088, 26.923861100000011 ], [ 75.823150800000121, 26.92377730000004 ], [ 75.82395750000012, 26.923616600000059 ], [ 75.825202, 26.9233433 ], [ 75.825966900000083, 26.923190100000113 ], [ 75.826371399999971, 26.923113199999989 ], [ 75.826572, 26.923109700000055 ] ], [ [ 75.806460700000116, 26.927437 ], [ 75.806517400000018, 26.927407600000038 ], [ 75.806720499999983, 26.927341400000046 ], [ 75.806870500000116, 26.927292500000078 ], [ 75.806948700000021, 26.927267 ], [ 75.807306, 26.927142600000138 ], [ 75.807686600000125, 26.927039400000126 ], [ 75.80773060000007, 26.9270275 ], [ 75.808106200000054, 26.926962899999978 ], [ 75.808354300000133, 26.926949700000137 ], [ 75.808447, 26.926943400000141 ], [ 75.808542100000068, 26.926933 ], [ 75.808659399999954, 26.926896399999976 ], [ 75.808764699999983, 26.926844000000131 ], [ 75.808825, 26.926815800000099 ], [ 75.808999400000062, 26.926721300000054 ], [ 75.809133400000121, 26.9266796 ], [ 75.809186100000034, 26.92666429999997 ], [ 75.809377600000062, 26.926618100000042 ], [ 75.809597599999961, 26.926536100000021 ], [ 75.80965180000004, 26.926526100000103 ], [ 75.809749899999986, 26.926508 ], [ 75.81067210000009, 26.926335300000119 ], [ 75.810694200000114, 26.926330900000096 ], [ 75.811756899999921, 26.926117600000055 ], [ 75.812224600000093, 26.926012 ], [ 75.812799700000085, 26.925908400000139 ], [ 75.813875899999914, 26.925679300000013 ], [ 75.814892200000031, 26.925459300000114 ], [ 75.815943799999957, 26.925244400000111 ], [ 75.8169873, 26.925039700000013 ], [ 75.8172727, 26.924981600000024 ], [ 75.8181702, 26.924787400000127 ] ], [ [ 75.806460700000116, 26.927437 ], [ 75.806352200000049, 26.927452600000038 ], [ 75.805355299999974, 26.92785230000004 ], [ 75.805052000000103, 26.927986700000133 ], [ 75.804839400000105, 26.928112700000099 ], [ 75.804766400000119, 26.928155899999922 ], [ 75.804114800000036, 26.928618200000017 ], [ 75.803889700000013, 26.928777900000057 ], [ 75.80380150000002, 26.92884040000007 ] ], [ [ 75.797063600000115, 26.933026200000029 ], [ 75.796982199999945, 26.933060099999977 ], [ 75.796625, 26.933209400000067 ], [ 75.796614900000122, 26.933213700000067 ], [ 75.79642750000005, 26.933293400000139 ], [ 75.796065000000112, 26.933447700000102 ], [ 75.795809100000042, 26.933556600000031 ], [ 75.795579400000065, 26.933653400000082 ], [ 75.795454900000095, 26.933710099999928 ], [ 75.795147800000052, 26.933888 ], [ 75.794988400000022, 26.933983300000023 ], [ 75.794821, 26.934083400000134 ], [ 75.79428020000006, 26.934442699999977 ], [ 75.794269900000074, 26.9344494 ], [ 75.794126699999936, 26.934542700000122 ], [ 75.794042300000058, 26.934596500000112 ], [ 75.794008800000142, 26.934618699999987 ], [ 75.793911200000082, 26.93468340000004 ], [ 75.793404100000032, 26.935015100000101 ], [ 75.7931246, 26.935198000000128 ], [ 75.792810700000132, 26.935400600000037 ], [ 75.792504400000041, 26.935598300000038 ], [ 75.792406600000106, 26.935658500000045 ], [ 75.792363200000068, 26.935686200000021 ], [ 75.792349600000023, 26.935694900000044 ], [ 75.792157400000065, 26.935817600000064 ], [ 75.7919311, 26.935962000000131 ], [ 75.791545700000086, 26.936225400000069 ], [ 75.79120620000009, 26.936438300000077 ], [ 75.790727800000127, 26.936738200000036 ], [ 75.790499400000044, 26.936884100000043 ], [ 75.790009700000041, 26.93719700000014 ], [ 75.789529300000083, 26.937503400000082 ], [ 75.789246700000149, 26.937683700000093 ], [ 75.7888456, 26.937939799999981 ], [ 75.788419, 26.938212200000123 ], [ 75.788088400000049, 26.938423600000021 ], [ 75.787955300000021, 26.9385087 ], [ 75.787837900000113, 26.938575000000128 ], [ 75.787757700000043, 26.938601399999982 ], [ 75.7876951, 26.938622099999918 ], [ 75.787532700000042, 26.938649 ], [ 75.78737469999993, 26.938676800000053 ], [ 75.787356600000066, 26.93867970000008 ], [ 75.787153100000069, 26.938693600000022 ], [ 75.786919400000102, 26.938721 ], [ 75.786887200000137, 26.938724800000102 ], [ 75.78671010000005, 26.938741700000094 ], [ 75.786664, 26.93875440000005 ] ], [ [ 75.785874400000012, 26.9386336 ], [ 75.78582380000006, 26.938344200000017 ], [ 75.785799600000018, 26.938194800000133 ], [ 75.785724500000015, 26.937869600000056 ], [ 75.785713100000123, 26.937812300000076 ], [ 75.785671400000069, 26.937602699999957 ], [ 75.785653500000024, 26.937512700000013 ], [ 75.785644100000127, 26.937465499999973 ], [ 75.785469700000078, 26.9364564 ], [ 75.785282900000084, 26.934989600000108 ], [ 75.78527390000005, 26.93492329999998 ], [ 75.785185000000126, 26.9342648 ], [ 75.785181099999988, 26.934236000000112 ], [ 75.785125199999982, 26.933900700000095 ], [ 75.784956100000045, 26.932841 ], [ 75.784935899999937, 26.932702 ], [ 75.784863800000039, 26.93223949999998 ], [ 75.784817200000077, 26.931931700000064 ], [ 75.785125600000015, 26.931711200000109 ], [ 75.785249599999986, 26.931622700000105 ], [ 75.786556300000086, 26.930699600000082 ], [ 75.787105200000042, 26.930329900000061 ], [ 75.787589, 26.929971100000046 ], [ 75.788141900000028, 26.929579600000125 ], [ 75.788337900000045, 26.9294448 ], [ 75.788633, 26.929241900000079 ], [ 75.789064900000028, 26.928926100000069 ], [ 75.7893335, 26.928729699999963 ], [ 75.7894169, 26.92867149999995 ], [ 75.790001300000029, 26.928263399999935 ], [ 75.79018, 26.92813510000002 ], [ 75.790420900000129, 26.927962200000081 ], [ 75.790641100000016, 26.927797100000078 ], [ 75.79076270000013, 26.92770940000014 ], [ 75.790852600000107, 26.927644500000099 ], [ 75.7912141, 26.927385399999935 ], [ 75.791320300000109, 26.927307 ], [ 75.791836600000011, 26.926947700000142 ], [ 75.791942300000073, 26.926875900000084 ], [ 75.79203270000005, 26.926814499999978 ], [ 75.792296700000065, 26.92663280000005 ] ], [ [ 75.785874400000012, 26.9386336 ], [ 75.785882799999968, 26.938681400000064 ], [ 75.785900200000015, 26.938893 ], [ 75.785916300000054, 26.939203900000109 ], [ 75.785880500000133, 26.939478200000053 ] ], [ [ 75.786664, 26.93875440000005 ], [ 75.786480600000061, 26.938773200000014 ], [ 75.786345500000039, 26.93877580000003 ], [ 75.786156400000039, 26.9387711 ], [ 75.786049100000071, 26.938749500000029 ], [ 75.785955200000103, 26.93869930000011 ], [ 75.785874400000012, 26.9386336 ] ], [ [ 75.786664, 26.93875440000005 ], [ 75.786595299999931, 26.938773200000014 ], [ 75.786447499999952, 26.938836200000082 ], [ 75.786328300000037, 26.938930600000049 ], [ 75.7861818, 26.939066400000115 ], [ 75.786119900000074, 26.939131 ], [ 75.786090400000091, 26.939170400000023 ], [ 75.7860612, 26.939212 ], [ 75.785880500000133, 26.939478200000053 ] ], [ [ 75.785880500000133, 26.939478200000053 ], [ 75.785824300000115, 26.939573399999972 ], [ 75.785805400000129, 26.939603699999964 ], [ 75.785686800000121, 26.939793600000087 ], [ 75.785521600000095, 26.939992000000132 ], [ 75.785349, 26.940157900000031 ], [ 75.785162500000069, 26.94031080000002 ], [ 75.784823700000118, 26.940554299999917 ], [ 75.7845797, 26.940702699999974 ], [ 75.784444399999984, 26.940785300000073 ], [ 75.784319400000129, 26.940821000000142 ], [ 75.784191800000031, 26.940842 ], [ 75.784035500000073, 26.940820400000121 ], [ 75.78385389999994, 26.940762400000096 ], [ 75.783660400000144, 26.9406922 ], [ 75.783290300000033, 26.9405097 ], [ 75.782379400000025, 26.940102400000058 ] ], [ [ 75.774042000000122, 26.9403486 ], [ 75.773820100000023, 26.940417000000139 ], [ 75.773717500000089, 26.940437300000042 ], [ 75.773664600000131, 26.9404366 ], [ 75.773625900138484, 26.940432200061935 ], [ 75.773631399884778, 26.940525700000592 ] ], [ [ 75.774042000000122, 26.9403486 ], [ 75.774304200000131, 26.940286300000139 ], [ 75.774869199999955, 26.940204399999971 ], [ 75.775756700000045, 26.94014530000004 ], [ 75.77680040000007, 26.940087500000061 ], [ 75.777198899999973, 26.940044400000033 ], [ 75.777589399999954, 26.939980800000114 ], [ 75.777987500000052, 26.939933900000142 ], [ 75.77807219999994, 26.9399239 ], [ 75.778360500000019, 26.939899400000115 ], [ 75.779119, 26.939863599999967 ], [ 75.779325100000051, 26.9398445 ], [ 75.779677400000082, 26.939789900000108 ], [ 75.779939, 26.939762799999983 ], [ 75.78018440000011, 26.939743099999987 ], [ 75.780533400000024, 26.939732400000139 ], [ 75.7806857, 26.939727700000105 ], [ 75.7809514, 26.939756400000022 ], [ 75.78101740000011, 26.939764699999955 ], [ 75.781208800000115, 26.939720800000089 ], [ 75.7815486, 26.939844099999959 ], [ 75.781931800000109, 26.9400033 ], [ 75.782274500000028, 26.940163500000097 ], [ 75.782990600000119, 26.940500900000131 ], [ 75.78318930000006, 26.940604800000017 ], [ 75.783646600000054, 26.940819500000032 ], [ 75.783801900000128, 26.94087850000011 ], [ 75.7840602, 26.940956299999982 ], [ 75.78419300000013, 26.940963600000032 ], [ 75.784379899999976, 26.940916500000071 ], [ 75.784496900000079, 26.940862300000049 ], [ 75.784809100000132, 26.940673100000026 ], [ 75.785100899999918, 26.940492199999937 ], [ 75.785147500000051, 26.9404563 ], [ 75.785512600000061, 26.94015080000014 ], [ 75.785545699999943, 26.940116000000103 ], [ 75.785661500000117, 26.939994099999979 ], [ 75.7857674, 26.9398721 ], [ 75.785908200000108, 26.93966300000011 ], [ 75.785993, 26.939536500000088 ], [ 75.786111400000038, 26.939359800000034 ], [ 75.786185300000113, 26.939250400000049 ], [ 75.786219100000096, 26.939200299999982 ], [ 75.786277100000063, 26.939117800000076 ], [ 75.786391, 26.939010500000109 ], [ 75.78645210000002, 26.938956800000085 ], [ 75.786533499999962, 26.938912900000048 ], [ 75.7866755, 26.938847300000077 ], [ 75.786771599999952, 26.938822900000048 ], [ 75.786959200000013, 26.938785200000098 ], [ 75.7873836, 26.938733400000103 ], [ 75.787616, 26.938705 ], [ 75.787815299999977, 26.938661599999989 ], [ 75.7879228, 26.938618199999951 ], [ 75.7879767, 26.938584 ], [ 75.789157400000022, 26.937835 ], [ 75.789852900000028, 26.937386700000047 ], [ 75.790183500000012, 26.937172200000077 ], [ 75.7905336, 26.936945 ], [ 75.7905462, 26.936937100000137 ], [ 75.7914331, 26.936378200000092 ], [ 75.791952900000013, 26.936045200000081 ], [ 75.79214630000007, 26.935921300000132 ], [ 75.792340299999921, 26.935797 ], [ 75.792413200000112, 26.935748200000035 ], [ 75.7925515, 26.935659000000101 ], [ 75.792894100000126, 26.935426 ], [ 75.793387, 26.935114000000112 ], [ 75.793443400000058, 26.93508 ], [ 75.79381560000013, 26.934844 ], [ 75.794066100000066, 26.9346898 ], [ 75.794176399999969, 26.934614399999987 ], [ 75.794281899999987, 26.934536899999955 ], [ 75.79430919999993, 26.934525400000098 ], [ 75.794355200000041, 26.934504399999923 ], [ 75.794649800000059, 26.9342835 ], [ 75.794682, 26.934259300000122 ], [ 75.79485950000003, 26.934150499999987 ], [ 75.795074, 26.934019100000114 ], [ 75.795138299999962, 26.933983900000044 ], [ 75.795397400000127, 26.933842300000038 ], [ 75.795511100000112, 26.933780100000035 ], [ 75.795631200000116, 26.933729299999925 ], [ 75.796261600000037, 26.93345370000003 ], [ 75.79680639999998, 26.933215600000096 ], [ 75.797095200000058, 26.93308930000012 ], [ 75.797229500000014, 26.933030700000074 ], [ 75.797287099999949, 26.933007900000121 ], [ 75.797548899999981, 26.93289429999993 ], [ 75.798181600000078, 26.932622400000014 ], [ 75.798212699999965, 26.932609 ], [ 75.798911100000055, 26.932306 ], [ 75.799270899999954, 26.932155500000135 ], [ 75.799544, 26.932016100000112 ], [ 75.799695100000065, 26.931930500000135 ], [ 75.7999714, 26.931751100000042 ], [ 75.8001966, 26.931599100000085 ], [ 75.800364100000024, 26.931473499999981 ], [ 75.800552499999981, 26.931329199999936 ], [ 75.800912500000095, 26.931069200000138 ], [ 75.801151099999913, 26.930897 ], [ 75.801280599999984, 26.9307996 ], [ 75.801416400000051, 26.930697500000065 ], [ 75.801441000000125, 26.930679 ], [ 75.801541500000098, 26.930602900000054 ], [ 75.80175330000003, 26.93044250000014 ], [ 75.802818400000035, 26.929669000000104 ], [ 75.803158699999926, 26.929421600000012 ], [ 75.803370200000018, 26.929267800000105 ], [ 75.803691099999924, 26.929027100000098 ], [ 75.803717099999972, 26.929004499999962 ], [ 75.803765500000054, 26.928962400000046 ], [ 75.803865, 26.928876 ], [ 75.804467800000111, 26.928456600000118 ], [ 75.804818100000091, 26.928198400000099 ], [ 75.805019600000094, 26.928064100000142 ], [ 75.805213299999934, 26.927978900000028 ], [ 75.805403600000091, 26.927895100000057 ], [ 75.806243, 26.927563299999917 ], [ 75.806409200000132, 26.927497599999981 ], [ 75.806460700000116, 26.927437 ] ], [ [ 75.773631399884778, 26.940525700000592 ], [ 75.773627600000111, 26.940575900000113 ] ], [ [ 75.773631399884778, 26.940525700000592 ], [ 75.773575499709636, 26.941271300030508 ], [ 75.773443300268184, 26.942060799566264 ], [ 75.773417899816309, 26.942326499768228 ], [ 75.773377999595198, 26.942923399595372 ], [ 75.77331569995971, 26.943775199665879 ], [ 75.773301899862815, 26.944093299766052 ], [ 75.773246700375012, 26.944746400026531 ], [ 75.773210499964705, 26.945301799738331 ], [ 75.773179500333754, 26.945646499986083 ], [ 75.773117400347815, 26.94640220030135 ], [ 75.773108200283275, 26.946590500351419 ], [ 75.773033700444955, 26.947606100241444 ], [ 75.772951100413081, 26.948227600123801 ], [ 75.772862599929169, 26.948478799656925 ], [ 75.772715799994273, 26.948765699577507 ], [ 75.772496500313309, 26.949135999926625 ], [ 75.772447599677037, 26.949239100004604 ], [ 75.772262500314184, 26.9495116998051 ], [ 75.772098900144158, 26.949753100325495 ], [ 75.771809199734889, 26.950190699641212 ], [ 75.771637600095346, 26.950448900396566 ], [ 75.771625999740138, 26.950468400396403 ], [ 75.771516900284837, 26.950652100414288 ], [ 75.771428299976208, 26.950876900348646 ], [ 75.771364000248525, 26.951072900394195 ], [ 75.771342500156322, 26.951171000241573 ], [ 75.771330399778208, 26.951248699867676 ], [ 75.771327799838218, 26.951307199867529 ], [ 75.771323699828997, 26.951451899885342 ], [ 75.771319699644494, 26.952077099578617 ], [ 75.77131570035948, 26.952472800379439 ], [ 75.771314399939797, 26.952744199585311 ], [ 75.77131840012413, 26.953034700391299 ], [ 75.771321099889008, 26.953467400200452 ], [ 75.771321099889008, 26.953901299705194 ], [ 75.771331800022608, 26.954754900218518 ], [ 75.771335800207112, 26.955120700360169 ], [ 75.771341199736639, 26.955339400193338 ], [ 75.771346500340883, 26.955698000362474 ], [ 75.771354599635117, 26.95611640005194 ], [ 75.771365299768831, 26.956543200308545 ], [ 75.771370700197735, 26.95686590044113 ], [ 75.771374700382296, 26.957226999826219 ], [ 75.771370700197735, 26.957341700259349 ], [ 75.771369299953392, 26.957564099903323 ], [ 75.771373399962613, 26.957750499685858 ], [ 75.771369299953392, 26.958227500099213 ], [ 75.771366700013232, 26.958578900296175 ], [ 75.771364299722791, 26.958752699677461 ], [ 75.771370700197735, 26.958982999865611 ], [ 75.771381500156224, 26.95925359957414 ], [ 75.771398800414488, 26.959940400129426 ], [ 75.771397499994805, 26.96025240012824 ], [ 75.771404199944016, 26.960496299864531 ], [ 75.771428499625586, 26.96112039968682 ], [ 75.771445700059189, 26.961351500271576 ], [ 75.771524299906559, 26.961999100278433 ], [ 75.771547899915788, 26.9621394997381 ], [ 75.771624100372037, 26.962673000058999 ], [ 75.771695600072064, 26.963119199591461 ], [ 75.771780800043928, 26.963656600272031 ], [ 75.771813699942356, 26.963888700003622 ], [ 75.771859600440337, 26.964224800034629 ], [ 75.772021699641812, 26.965262900062839 ], [ 75.77206290028272, 26.965612700365853 ], [ 75.772120400236361, 26.965996000415146 ], [ 75.772141799604469, 26.966191999561318 ], [ 75.772184799788874, 26.966425600261346 ], [ 75.772220600000765, 26.966587399988555 ], [ 75.772343000429203, 26.967380100211528 ], [ 75.772357000175475, 26.96763300036281 ], [ 75.772401999552812, 26.968056599932311 ], [ 75.77241540035044, 26.968515600414719 ], [ 75.772403999645007, 26.968874599882895 ], [ 75.772333400166417, 26.969816799805642 ], [ 75.772295099839027, 26.970537699955003 ], [ 75.772287499668437, 26.970840200415012 ], [ 75.772282899636252, 26.970934800100963 ], [ 75.77227819977918, 26.971216099943092 ], [ 75.772228399820904, 26.972209199694817 ], [ 75.772213499853251, 26.972660299633219 ], [ 75.77218770010245, 26.973446999579494 ], [ 75.77217769964119, 26.973672000062777 ], [ 75.772146899659788, 26.974313400143387 ], [ 75.772131999692135, 26.974593600114702 ], [ 75.772144500268553, 26.974965100159295 ], [ 75.772171300065565, 26.975213699752487 ], [ 75.772193400005392, 26.97541350033282 ], [ 75.772221000199181, 26.975537700304756 ], [ 75.772256500037486, 26.975680400230374 ], [ 75.772334900235592, 26.975908099579158 ], [ 75.772442200147509, 26.976184200440628 ], [ 75.772532500174862, 26.976373600361455 ], [ 75.772815700284468, 26.976991100059251 ], [ 75.773069700306564, 26.977462100195908 ], [ 75.773215799669572, 26.977781599641276 ], [ 75.773227800222969, 26.97780869981176 ], [ 75.773520300221776, 26.978466300279706 ], [ 75.773619999963216, 26.978733899849772 ], [ 75.773745500354664, 26.979014500019332 ], [ 75.773830800151359, 26.979228800368901 ], [ 75.773951699611416, 26.979487000225049 ], [ 75.774038799850814, 26.979681799675404 ], [ 75.774151699841127, 26.980026499923156 ], [ 75.774217700186739, 26.980316999829768 ], [ 75.774260800195862, 26.980575199685745 ], [ 75.774300999891295, 26.980885999989084 ], [ 75.774314399789773, 26.981254099696969 ], [ 75.774311700025066, 26.981650799644683 ], [ 75.774292899697741, 26.981909000400037 ], [ 75.774263900158985, 26.982064899675436 ], [ 75.774145999938014, 26.982518999752074 ], [ 75.774125099693606, 26.982599499867092 ], [ 75.774052299574066, 26.982870499773867 ], [ 75.773765200003993, 26.983939100309385 ], [ 75.773575300060088, 26.984658700039063 ], [ 75.773412299738027, 26.985276599935275 ], [ 75.773286400047368, 26.985703400191937 ], [ 75.773210499964705, 26.986140299835142 ], [ 75.773157500218588, 26.986403900120024 ], [ 75.773082899656231, 26.986933000057945 ], [ 75.773056099859218, 26.987101399909704 ], [ 75.773028800039185, 26.987289100111923 ], [ 75.772992099605744, 26.987521699866704 ], [ 75.772861800431826, 26.988347700186182 ], [ 75.772725199708361, 26.989228899993918 ], [ 75.77271179980977, 26.989341200136437 ], [ 75.77258969975486, 26.989973400152337 ], [ 75.772447599677037, 26.990649800048402 ], [ 75.772182000199336, 26.991598600095472 ], [ 75.772051200102908, 26.992132399890409 ], [ 75.772017099609627, 26.992271400005279 ], [ 75.771984599909445, 26.992448200424235 ], [ 75.771976899914137, 26.992490099838278 ], [ 75.771959400006494, 26.992572600045492 ], [ 75.771897700218801, 26.992787699892574 ], [ 75.771826699642531, 26.993063700029836 ], [ 75.771640200035336, 26.993725799805873 ], [ 75.771500799722162, 26.994206199656446 ], [ 75.771342500156322, 26.994865800216587 ], [ 75.771126599912691, 26.995620999609571 ], [ 75.771042099613339, 26.995924500115734 ], [ 75.770905300139532, 26.996400100284575 ], [ 75.770674099729945, 26.997141600304701 ], [ 75.770623400449608, 26.997328299561445 ], [ 75.770607600260576, 26.99739909958879 ], [ 75.770570999651966, 26.997558099726689 ], [ 75.770529100237923, 26.997740199850455 ] ], [ [ 75.773787500000026, 26.94056970000014 ], [ 75.7738604, 26.940454600000066 ], [ 75.774042000000122, 26.9403486 ] ], [ [ 75.770374700132379, 26.998438599861686 ], [ 75.7703695002524, 26.99846570003217 ], [ 75.770351399597587, 26.998560600091707 ], [ 75.770253500298963, 26.999222600043083 ], [ 75.770216000368123, 26.999561999686591 ], [ 75.770183800142377, 27.000054300265901 ], [ 75.770146200386876, 27.000866899787638 ], [ 75.770119399690657, 27.001731999931849 ], [ 75.770143600446886, 27.002142999999421 ], [ 75.77024549993007, 27.002996200314442 ], [ 75.770336600353971, 27.003591100049277 ], [ 75.770401099730975, 27.004011900029184 ], [ 75.770535200339282, 27.004867499735496 ], [ 75.770558699624473, 27.005288799738366 ], [ 75.77054460005337, 27.005925999985095 ], [ 75.770512499652284, 27.006305799872791 ], [ 75.770502300440853, 27.006426899881546 ], [ 75.770443400242868, 27.006799999820259 ], [ 75.770321099639091, 27.007280000371907 ], [ 75.770083499653936, 27.008055500161277 ], [ 75.769681199627712, 27.009292100350251 ], [ 75.769448300398778, 27.010061300388884 ], [ 75.7693377997997, 27.010478399658496 ], [ 75.769300100219539, 27.010706799579168 ], [ 75.769260100173597, 27.011276899609243 ], [ 75.769244600358093, 27.011907999754555 ], [ 75.769241799869178, 27.012021100293623 ], [ 75.769229599666403, 27.01250720004731 ], [ 75.769170700367624, 27.013840099641016 ], [ 75.769173099758916, 27.014240399574874 ], [ 75.769199000233698, 27.01457999976725 ], [ 75.769273599896906, 27.015192500133764 ], [ 75.769298299776892, 27.015395600326826 ], [ 75.769340100265481, 27.015738900330177 ], [ 75.769424800214551, 27.01690209965227 ], [ 75.769476861608496, 27.017483618176982 ] ], [ [ 75.769565036911501, 27.017473404965017 ], [ 75.769562300260077, 27.017441500425036 ], [ 75.769459100357381, 27.016186000084019 ], [ 75.769344200274702, 27.015187300253785 ], [ 75.769328200436235, 27.015048200314254 ], [ 75.76925740040889, 27.014400700132228 ], [ 75.76926089967094, 27.013833600240559 ], [ 75.769289499910656, 27.013154499680581 ], [ 75.769305599573897, 27.012772800424557 ], [ 75.769332500094833, 27.011915699749864 ], [ 75.769334400362368, 27.011858699819243 ], [ 75.769359299891903, 27.011116299577679 ], [ 75.769395699951758, 27.010723499989638 ], [ 75.769448400223609, 27.010413400258301 ], [ 75.769574499563646, 27.009925400237137 ], [ 75.769745500254771, 27.009372800114818 ], [ 75.770086999815305, 27.008317100353963 ], [ 75.770347500137063, 27.007497600334148 ], [ 75.770450100192136, 27.007095300307924 ], [ 75.7705185997537, 27.006794899764941 ], [ 75.770564100053207, 27.0065243998813 ], [ 75.770593800163851, 27.006302899559216 ], [ 75.770602000182294, 27.006159900159332 ], [ 75.770610499674945, 27.006010100086201 ], [ 75.770630300048367, 27.00575640043769 ], [ 75.770646100237457, 27.005466200005287 ], [ 75.7706350997301, 27.005169699821977 ], [ 75.770634800255891, 27.005161099605232 ], [ 75.770628999628684, 27.00499629973956 ], [ 75.770626399688695, 27.004921100228785 ], [ 75.770608499582579, 27.004744799832793 ], [ 75.770576900104004, 27.004434700101513 ], [ 75.770543199808856, 27.004232199756302 ], [ 75.770481500021333, 27.00395449990026 ], [ 75.77042149995242, 27.003590600026314 ], [ 75.770368900404605, 27.00318739977871 ], [ 75.770307199717536, 27.002752400402983 ], [ 75.770256200063614, 27.00238679991088 ], [ 75.770223999837867, 27.002044999976931 ], [ 75.770207900174569, 27.001724799959675 ], [ 75.770223999837867, 27.001316100357883 ], [ 75.770234799796299, 27.000900299709201 ], [ 75.770253500298963, 27.00042950012147 ], [ 75.770293799819115, 26.999679100410219 ], [ 75.770341999883499, 26.999270399909221 ], [ 75.770409100099926, 26.998859399841422 ], [ 75.77049260035335, 26.998429299972315 ], [ 75.770572700269952, 26.998118499669147 ], [ 75.77065180014057, 26.997893799559392 ], [ 75.770683299794484, 26.997794699665803 ], [ 75.770595599707292, 26.997764799905781 ] ] ] } },
{ "type": "Feature", "properties": { "ref": "NH248", "name_1": "NH248", "Labels": "NH248", "Roadname": "NH248, Delhi Road", "two_wheele": 31.0, "car_jeep_v": 44.0, "IPT": 2.0, "bus": 10.0, "Goods_vehi": 11.0, "tractor": 1.0, "others": 1.0, "private": 75.0, "others2": 2.0 }, "geometry": { "type": "MultiLineString", "coordinates": [ [ [ 75.836867400310268, 26.834615299956226 ], [ 75.837338100073396, 26.834582900080932 ], [ 75.838598300271428, 26.834623699624217 ], [ 75.838970699638253, 26.834627900357304 ], [ 75.839280599720041, 26.834639300163758 ], [ 75.839552099649779, 26.834625099868617 ], [ 75.839890799620775, 26.834613700062334 ], [ 75.840189700094754, 26.834594700085461 ], [ 75.840385999614284, 26.834582300233137 ], [ 75.840747000074032, 26.834590799725788 ], [ 75.841098400270994, 26.834619399965447 ], [ 75.841287800191992, 26.83461050027455 ], [ 75.84163470018143, 26.834624699670314 ], [ 75.841667100056725, 26.834625099868617 ], [ 75.841986600401299, 26.834625099868617 ], [ 75.842136199925733, 26.834628699854704 ], [ 75.84218480018842, 26.83462990044967 ], [ 75.842456200293441, 26.834636499674843 ], [ 75.84267919978538, 26.834651199992948 ], [ 75.842916299747628, 26.834656399872983 ], [ 75.84343700001773, 26.834659300186729 ], [ 75.843693500154927, 26.834659300186729 ], [ 75.843830000154526, 26.834659300186729 ], [ 75.844063199756931, 26.834665000089842 ], [ 75.84429199987602, 26.834678999836115 ], [ 75.844389099677301, 26.834684900287982 ], [ 75.844734200123298, 26.834684900287982 ], [ 75.845091999896056, 26.834684900287982 ], [ 75.84525660011218, 26.83468850027424 ], [ 75.845357100250169, 26.834690600191095 ], [ 75.845656300198186, 26.834703099868307 ], [ 75.845699000008949, 26.834704900310953 ], [ 75.846194200002515, 26.83472479960983 ], [ 75.846472100407254, 26.834719099706717 ], [ 75.846876799824486, 26.834741300370808 ], [ 75.84692580028559, 26.83473620031549 ], [ 75.847214300100063, 26.834747699946433 ], [ 75.847357099850399, 26.834753300024886 ], [ 75.847641399830934, 26.834759800324548 ], [ 75.847730900360943, 26.834761900241574 ], [ 75.848068899760051, 26.834771899803457 ], [ 75.848408199578898, 26.834781900264545 ], [ 75.848662300325032, 26.83479349972032 ], [ 75.848782000089273, 26.834798999973941 ], [ 75.849184599589648, 26.834804699877054 ], [ 75.849500900146609, 26.834807500365969 ], [ 75.849718099910547, 26.834810399780167 ], [ 75.850055700010614, 26.834810399780167 ], [ 75.85054660034541, 26.834826100144596 ], [ 75.850647099584023, 26.83482179958645 ], [ 75.850732500104982, 26.834820199692558 ], [ 75.850982999965652, 26.834818999996912 ], [ 75.851963000192427, 26.834831600398161 ], [ 75.85355230009867, 26.834852100444266 ], [ 75.854858399895306, 26.834881400356437 ], [ 75.8564782003088, 26.834917800416292 ], [ 75.857253399724698, 26.834932599659908 ], [ 75.859162000326194, 26.834977000088656 ], [ 75.860646200062092, 26.835004100259141 ], [ 75.860765299978709, 26.835004000434253 ], [ 75.864879200115183, 26.835109499903524 ], [ 75.866700400103468, 26.835157399594493 ], [ 75.866811100352095, 26.835159299861971 ], [ 75.86831639998195, 26.83518609965887 ], [ 75.868826900141414, 26.835203499741851 ], [ 75.869347700236176, 26.835221300023079 ], [ 75.869846299667074, 26.835238299907587 ], [ 75.870404700416714, 26.835257399709349 ], [ 75.870560099668978, 26.835262700313365 ], [ 75.87062209983003, 26.835264800230448 ], [ 75.870839099944646, 26.83527219985217 ], [ 75.873054599590262, 26.835319399870457 ], [ 75.873199400332112, 26.83532249983358 ], [ 75.875616699750879, 26.835369199828733 ], [ 75.876683999866771, 26.835394999579705 ], [ 75.877657300144449, 26.835418599588763 ], [ 75.877844799797742, 26.835422199575021 ], [ 75.878715709562528, 26.83541978489518 ] ], [ [ 75.882735601766683, 26.835518835326127 ], [ 75.882634900180619, 26.835516599611424 ], [ 75.882544199954964, 26.835513999671434 ], [ 75.882152699887229, 26.835510700058933 ], [ 75.880647699731583, 26.835497999832796 ], [ 75.880070399729334, 26.835473200128149 ], [ 75.879770054044798, 26.835460360507398 ] ], [ [ 75.890306431996294, 26.835709358500253 ], [ 75.89162890035351, 26.835739000154717 ], [ 75.892033214861044, 26.835750985419793 ] ], [ [ 75.898806199846376, 26.836631941510973 ], [ 75.89885299966636, 26.836627700308213 ], [ 75.899771099556688, 26.83664489984244 ], [ 75.899895699726869, 26.836648999851491 ], [ 75.900541199816701, 26.836670300294315 ], [ 75.900563929281986, 26.836671050328846 ] ], [ [ 75.833560200000079, 26.8389525 ], [ 75.833369300000072, 26.83931489999992 ], [ 75.833185200000116, 26.83960929999995 ] ], [ [ 75.833673800000042, 26.838955100000021 ], [ 75.834428099999911, 26.837445399999979 ], [ 75.834800900000062, 26.836689100000115 ], [ 75.835004700000013, 26.836318099999971 ], [ 75.835221199999978, 26.83598139999998 ], [ 75.835367099999985, 26.835785699999974 ], [ 75.835863700000061, 26.835234300000025 ], [ 75.83637560000011, 26.834799800000098 ], [ 75.83681380000013, 26.834512399999937 ] ], [ [ 75.831759200000079, 26.841515400000105 ], [ 75.83047120000009, 26.843322 ], [ 75.829533400000116, 26.844569800000045 ], [ 75.829475500000115, 26.844646900000043 ], [ 75.829141100000015, 26.845128500000101 ], [ 75.82857080000008, 26.845949599999983 ], [ 75.8282284, 26.846414700000139 ], [ 75.827752700000076, 26.847060899999917 ], [ 75.827071700000033, 26.847983500000055 ], [ 75.825634100000059, 26.849962700000049 ], [ 75.825382300000058, 26.850225 ], [ 75.825352800000076, 26.850252400000045 ], [ 75.825299100000052, 26.850302400000089 ], [ 75.825169099999982, 26.850442699999974 ], [ 75.825025800000049, 26.850598900000136 ], [ 75.824942700000065, 26.850710500000105 ] ], [ [ 75.831861700000047, 26.841590300000121 ], [ 75.831924800000081, 26.841504 ], [ 75.832681900000068, 26.840468099999953 ], [ 75.83286460000005, 26.840218800000116 ], [ 75.8330934, 26.83991200000014 ], [ 75.833247, 26.83970910000005 ] ], [ [ 75.824750000000108, 26.851154 ], [ 75.824733, 26.85140350000006 ], [ 75.824614100000076, 26.85214220000006 ], [ 75.824522799999954, 26.852646700000093 ], [ 75.824499600000024, 26.852772600000037 ], [ 75.82446449999992, 26.852963700000032 ], [ 75.8244522, 26.853030600000068 ], [ 75.824284, 26.854162 ], [ 75.824206, 26.854611899999952 ] ], [ [ 75.8243857, 26.854625400000032 ], [ 75.824434399999916, 26.854300400000113 ], [ 75.824464100000114, 26.854102 ], [ 75.824609500000065, 26.85313160000004 ], [ 75.824676400000044, 26.852753700000051 ], [ 75.8247958, 26.852078899999981 ], [ 75.82481770000004, 26.851955100000055 ] ], [ [ 75.824109300000032, 26.855139100000088 ], [ 75.824141800000064, 26.855194 ], [ 75.824146800000108, 26.855242 ], [ 75.824020099999927, 26.85626840000009 ], [ 75.823880700000132, 26.8571905 ], [ 75.823833400000126, 26.857503400000098 ], [ 75.82359880000007, 26.859055100000091 ], [ 75.823533100000134, 26.859409800000094 ], [ 75.8235272, 26.859437700000115 ], [ 75.8235095, 26.859520600000053 ], [ 75.822995500000104, 26.862550800000122 ], [ 75.822880100000134, 26.863310400000103 ], [ 75.822563800000069, 26.865456700000038 ], [ 75.822465700000123, 26.8661305 ], [ 75.8224343, 26.866350700000112 ], [ 75.822416400000122, 26.866496500000096 ], [ 75.8224002, 26.866625400000089 ], [ 75.822264000000132, 26.868116900000075 ], [ 75.82223850000014, 26.868247800000063 ], [ 75.822222400000044, 26.8683845 ], [ 75.8222151, 26.86844630000013 ], [ 75.822077400000126, 26.869247 ], [ 75.822065900000098, 26.869313799999986 ], [ 75.822052800000051, 26.86939 ], [ 75.822026199999982, 26.869469300000048 ], [ 75.821915700000091, 26.869797800000015 ], [ 75.821716600000116, 26.870431400000086 ], [ 75.821474, 26.871154700000034 ], [ 75.8212686, 26.871673299999941 ], [ 75.821217300000058, 26.871927300000038 ], [ 75.8210707, 26.87256780000007 ], [ 75.820993100000123, 26.872906300000011 ], [ 75.820858800000053, 26.873493 ], [ 75.82082320000012, 26.873646099999974 ], [ 75.820733100000098, 26.874009699999988 ], [ 75.82060679999995, 26.874496399999941 ], [ 75.8204657, 26.875118500000099 ], [ 75.820429600000068, 26.875312300000132 ], [ 75.820345900000063, 26.875784100000089 ], [ 75.820445100000086, 26.875812399999973 ] ], [ [ 75.820445100000086, 26.875812399999973 ], [ 75.820530100000042, 26.875313600000084 ], [ 75.820567600000118, 26.875136299999951 ], [ 75.8206672, 26.874648500000092 ], [ 75.82070750000014, 26.874510200000032 ], [ 75.820849899999985, 26.873941 ], [ 75.820887500000083, 26.8737585 ], [ 75.820929800000044, 26.87357529999997 ], [ 75.821328600000015, 26.871947300000102 ], [ 75.821388199999944, 26.871700800000099 ], [ 75.821614800000077, 26.871052800000143 ], [ 75.821668400000078, 26.870900899999981 ], [ 75.821829500000035, 26.870444900000109 ], [ 75.822029700000087, 26.869849700000088 ], [ 75.8221251, 26.869497900000113 ], [ 75.822142, 26.86940629999998 ], [ 75.822380900000041, 26.8681163 ], [ 75.822481700000026, 26.866751400000055 ], [ 75.822487700000011, 26.866670100000078 ], [ 75.822490300000027, 26.866634400000123 ], [ 75.822506500000145, 26.866505100000097 ], [ 75.822527500000092, 26.866357600000129 ], [ 75.822555400000056, 26.866171400000042 ], [ 75.822559600000091, 26.866143299999976 ], [ 75.822653700000046, 26.865467200000012 ], [ 75.822981700000014, 26.863340700000094 ], [ 75.822984700000063, 26.8633223 ], [ 75.823106700000039, 26.862547400000039 ], [ 75.823395100000084, 26.860830600000099 ], [ 75.823615400000051, 26.859519599999942 ], [ 75.823629900000014, 26.859457500000133 ] ], [ [ 75.820445100000086, 26.875812399999973 ], [ 75.820882400000016, 26.8759182 ], [ 75.821530600000017, 26.876115200000129 ], [ 75.821572100000083, 26.876131400000077 ], [ 75.822118100000125, 26.876344600000095 ], [ 75.823437, 26.877084400000058 ], [ 75.824145900000076, 26.8774707 ], [ 75.828157699999963, 26.879657100000088 ], [ 75.830964400000028, 26.881119300000137 ], [ 75.831687200000147, 26.881508699999983 ], [ 75.832065700000044, 26.881773500000065 ], [ 75.832337100000132, 26.882041500000014 ], [ 75.832543900000019, 26.8822879 ], [ 75.83272809999994, 26.882482600000117 ], [ 75.8331905, 26.883032 ], [ 75.833225700000071, 26.883078600000033 ], [ 75.833494200000132, 26.8834238 ], [ 75.833821399999977, 26.883767700000021 ], [ 75.8340493, 26.884006899999918 ], [ 75.834136899999976, 26.884098800000061 ], [ 75.834442100000047, 26.8844115 ], [ 75.834492899999987, 26.884461 ], [ 75.8347468, 26.884708500000102 ], [ 75.834989900000039, 26.8849396 ], [ 75.83590920000006, 26.885866200000123 ], [ 75.836429000000123, 26.886404300000038 ], [ 75.836852799999974, 26.8868349 ], [ 75.837288199999989, 26.887261300000091 ], [ 75.837602600000025, 26.887620400000117 ], [ 75.83784820000011, 26.887876800000015 ], [ 75.838231, 26.888306900000089 ], [ 75.838526, 26.888613500000076 ], [ 75.838576499999988, 26.888667899999916 ], [ 75.838707599999964, 26.888803400000143 ], [ 75.8389204, 26.889023200000054 ], [ 75.839260800000091, 26.889372100000116 ], [ 75.839494400000092, 26.889634300000125 ], [ 75.839525900000012, 26.889666799999986 ], [ 75.839795400000128, 26.8899442 ], [ 75.839827100000093, 26.889976900000079 ], [ 75.840158, 26.890318800000102 ], [ 75.840500099999986, 26.890663700000061 ], [ 75.840767700000072, 26.890937600000143 ], [ 75.840860599999985, 26.891035800000111 ], [ 75.841290500000014, 26.89148780000005 ], [ 75.841480500000102, 26.891679400000044 ], [ 75.841800400000068, 26.892013599999984 ], [ 75.842218600000081, 26.892477 ], [ 75.842535100000134, 26.892851600000085 ], [ 75.842912100000035, 26.8933146 ], [ 75.843095500000118, 26.893557600000065 ], [ 75.843190100000129, 26.893757400000027 ], [ 75.843332900000064, 26.894223400000044 ], [ 75.84343130000002, 26.894943799999965 ], [ 75.8434696, 26.895758100000023 ], [ 75.843457400000034, 26.896136100000035 ], [ 75.84346069999998, 26.8961999 ], [ 75.84345060000004, 26.8966231 ], [ 75.843450099999984, 26.896710100000121 ], [ 75.84347050000008, 26.8970470000001 ], [ 75.843477, 26.897763600000076 ], [ 75.843463400000019, 26.898110200000133 ], [ 75.843520699999942, 26.898654100000044 ], [ 75.8435619, 26.89900310000013 ], [ 75.843606400000112, 26.899133800000072 ], [ 75.8436218, 26.899760600000093 ], [ 75.843637700000045, 26.900301400000046 ], [ 75.843662199999926, 26.900362399999949 ], [ 75.843708200000037, 26.900419100000022 ], [ 75.84396380000004, 26.900554100000022 ] ], [ [ 75.843534800000043, 26.900329600000077 ], [ 75.84354090000005, 26.900546200000065 ], [ 75.843599100000063, 26.900790700000073 ] ], [ [ 75.843603999624918, 26.90090160032878 ], [ 75.843546200197125, 26.901118300069641 ], [ 75.843515400215722, 26.901307199967277 ], [ 75.84350239961617, 26.901755199942556 ], [ 75.84349800013274, 26.902394400281423 ], [ 75.843508700266341, 26.902661099630052 ], [ 75.843515400215722, 26.902785400326025 ], [ 75.84352749969446, 26.902903799670753 ], [ 75.843555599911042, 26.903022199914687 ], [ 75.843609300229161, 26.903162200075656 ], [ 75.843684399915276, 26.903310500079556 ], [ 75.843855999554819, 26.903568199912627 ], [ 75.844063900328933, 26.903820000192979 ], [ 75.844239000129903, 26.904042499661784 ], [ 75.844331300249451, 26.904168699725858 ], [ 75.844591600022511, 26.904527999567676 ], [ 75.84476929976347, 26.904758799778961 ], [ 75.844973200353024, 26.90507809957478 ], [ 75.845266900047477, 26.905476299591555 ], [ 75.846028200441197, 26.906547400242403 ], [ 75.846190900389843, 26.90683249972011 ], [ 75.846268699840607, 26.906976000042505 ], [ 75.846346500190975, 26.907148200429276 ], [ 75.846441699724721, 26.907377899870255 ], [ 75.846508700116431, 26.907587100164676 ], [ 75.846567999613683, 26.90785319966551 ], [ 75.846814500189168, 26.908958499735093 ], [ 75.846991500257673, 26.909776399861016 ], [ 75.847269200113658, 26.911059200022237 ], [ 75.847492499979012, 26.912106299566233 ], [ 75.847792699973297, 26.913481800045076 ], [ 75.848151399967264, 26.914933799555172 ], [ 75.848476299841366, 26.91629700000658 ], [ 75.848492500228701, 26.916364600246084 ], [ 75.848658200315811, 26.917054700414212 ], [ 75.84868369969297, 26.917161100104863 ], [ 75.848791299978643, 26.917590500301515 ], [ 75.848844899572555, 26.917875099756088 ], [ 75.848870399849147, 26.91813340033633 ], [ 75.848872800139759, 26.918251199833037 ], [ 75.848873800185856, 26.91831770020184 ], [ 75.84886770008444, 26.918647600306542 ], [ 75.848843600052248, 26.918822200084605 ], [ 75.848796700407547, 26.918956100143987 ], [ 75.848717499812835, 26.919183300369184 ], [ 75.848576700154695, 26.919434400077478 ], [ 75.848501599569204, 26.919545600349238 ], [ 75.848425200362783, 26.919655699850694 ], [ 75.848330400127907, 26.919780600394461 ], [ 75.84760470029687, 26.920662099676179 ], [ 75.84744589980852, 26.92084760013671 ], [ 75.847276800284078, 26.921052999896119 ], [ 75.847127799708289, 26.921233299577239 ], [ 75.847042099713292, 26.921335500333214 ], [ 75.846539699747382, 26.921972199657432 ], [ 75.846125900090271, 26.922485899604681 ], [ 75.846029599786391, 26.922615099807047 ], [ 75.845809999731785, 26.922974000349939 ], [ 75.845697400115057, 26.923201099850928 ], [ 75.845628100156773, 26.923359500140975 ], [ 75.845571000401435, 26.923542799960387 ], [ 75.84552969993581, 26.923729599941169 ], [ 75.845486799576292, 26.923995099594208 ], [ 75.845457300014516, 26.92425340017445 ], [ 75.845414399654999, 26.92478190026452 ], [ 75.845387599857986, 26.925044899802401 ], [ 75.84535810029621, 26.925366599888719 ], [ 75.845332600019674, 26.92562129958344 ], [ 75.845277600181191, 26.926030199733987 ], [ 75.84510189963305, 26.92705489986389 ], [ 75.845002699914744, 26.92760499987088 ], [ 75.844977199638208, 26.927768799690455 ], [ 75.844954400025699, 26.927897900068103 ], [ 75.844935599698147, 26.928029399837044 ], [ 75.844866500288788, 26.928502200416347 ], [ 75.844828299786286, 26.928761199769724 ], [ 75.844811999574233, 26.929005300054598 ], [ 75.844809199984695, 26.929261099620135 ], [ 75.844835800132216, 26.92952949958692 ], [ 75.844852499643139, 26.929686700181151 ], [ 75.844875300155024, 26.929851699696314 ], [ 75.844932899933497, 26.930118300119489 ], [ 75.844997300385216, 26.930460299703157 ], [ 75.845037500080707, 26.930664700315674 ], [ 75.845050999803846, 26.930739999651337 ], [ 75.845120699960376, 26.931016200337524 ], [ 75.845174299554344, 26.931267300045988 ], [ 75.845234699821674, 26.93152080004495 ], [ 75.845319200121082, 26.931919000061896 ], [ 75.845463999963783, 26.932587299764236 ], [ 75.845516300037389, 26.93281809997552 ], [ 75.845651799990662, 26.933457800337351 ], [ 75.845681799575516, 26.933678799736924 ], [ 75.845752399953312, 26.934105699818303 ], [ 75.845787100294615, 26.934298199702198 ], [ 75.845845000446502, 26.934569099784312 ], [ 75.845957000215378, 26.935235199744739 ], [ 75.845999000353686, 26.935428400200578 ], [ 75.84619620009471, 26.936396200224522 ], [ 75.846335700232544, 26.937170199944831 ], [ 75.846475200370378, 26.937800200219158 ], [ 75.846514099646015, 26.937948500223285 ], [ 75.846540900342404, 26.938068100162809 ], [ 75.846607999659625, 26.938320299742088 ], [ 75.846675000051334, 26.938523599584641 ], [ 75.846722000420073, 26.938650299671679 ], [ 75.846810500004665, 26.938817700376717 ], [ 75.846897700068894, 26.938952800131744 ], [ 75.846979700253144, 26.939067999688518 ], [ 75.8472323998555, 26.939418700212912 ], [ 75.847857200249678, 26.940182999845604 ], [ 75.848008100193795, 26.940379099715813 ], [ 75.848234699671821, 26.940671999913036 ], [ 75.848327300164954, 26.940799899695719 ], [ 75.848400999606554, 26.940917100244008 ], [ 75.848488199670783, 26.941064199653283 ], [ 75.848582099684222, 26.941233899924725 ], [ 75.848721599822056, 26.941529200412447 ], [ 75.848799300347537, 26.941708599871959 ], [ 75.848896999996612, 26.941941699649874 ], [ 75.849152400263051, 26.942516399712133 ], [ 75.849211699760303, 26.942649899573269 ], [ 75.849424900239057, 26.943093599889778 ], [ 75.84957959981881, 26.943415399800926 ], [ 75.849722399569146, 26.943712599656749 ], [ 75.849800500292872, 26.943933299582284 ], [ 75.849851900145268, 26.944078700171985 ], [ 75.849878299743864, 26.944183800342159 ], [ 75.849991199734177, 26.944970000265471 ], [ 75.850084300250273, 26.945550699705109 ], [ 75.850104800296378, 26.945618700143086 ], [ 75.850144300319187, 26.945749600064062 ], [ 75.850161099655168, 26.945805199750339 ], [ 75.850193899728765, 26.945914200280185 ] ], [ [ 75.850397800318319, 26.945905299689855 ], [ 75.850274600392538, 26.945611900369045 ], [ 75.85023029978862, 26.945479299829969 ], [ 75.850200800226901, 26.94536210018083 ], [ 75.850179399959359, 26.945247399747871 ], [ 75.850160599632034, 26.945111299946575 ], [ 75.85014559983972, 26.944998300131545 ], [ 75.850124400121103, 26.944833699915421 ], [ 75.85006270033341, 26.944435599723136 ], [ 75.850033199872314, 26.9442609999453 ], [ 75.850000999646568, 26.944118800042645 ], [ 75.849944599563742, 26.943950199642131 ], [ 75.849817199804022, 26.943615499855525 ], [ 75.849589299906313, 26.943149199576055 ], [ 75.849518200404702, 26.943006899848683 ], [ 75.849214500249047, 26.942322899782141 ], [ 75.849031400079184, 26.941907000207948 ], [ 75.848969700291491, 26.941767099871868 ], [ 75.848909300024275, 26.941608099734196 ], [ 75.848839599867688, 26.941474199674758 ], [ 75.848674600352695, 26.941154999703599 ], [ 75.848539200224081, 26.94090280012415 ], [ 75.84843050006765, 26.940739000304745 ], [ 75.848130100423987, 26.940346799665178 ], [ 75.847683499793732, 26.939775300289853 ], [ 75.847080800238928, 26.938991599582721 ], [ 75.846959800054833, 26.938823699754096 ], [ 75.846932900433103, 26.938773200123137 ], [ 75.846844899972325, 26.938608000059332 ], [ 75.846771599829651, 26.938423100345858 ], [ 75.846720600175729, 26.9382605002221 ], [ 75.846661399603988, 26.93805370021812 ], [ 75.846549200185507, 26.937625899915361 ], [ 75.846527399719719, 26.93753540023863 ], [ 75.846496099715353, 26.937405700013187 ], [ 75.846399300287544, 26.936927999927434 ], [ 75.846319499845208, 26.936387600007777 ], [ 75.846286599946723, 26.936218299934637 ], [ 75.846195000399064, 26.935729500416244 ], [ 75.846113500237948, 26.935371099896315 ], [ 75.846067800288893, 26.935150399970951 ], [ 75.846032699749344, 26.934973800100977 ], [ 75.846014799643399, 26.934842099783111 ], [ 75.845985899929474, 26.934662999797581 ], [ 75.845933800404623, 26.934414400204446 ], [ 75.845907499731311, 26.934278099854566 ], [ 75.84586370004979, 26.934097999822995 ], [ 75.845787499593484, 26.933674300428663 ], [ 75.845747899745845, 26.933453599604093 ], [ 75.845714200350187, 26.933310399655284 ], [ 75.845595399907836, 26.932757099860339 ], [ 75.845551200028012, 26.932551499552176 ], [ 75.845435899747031, 26.931985899729568 ], [ 75.845270900231981, 26.931201600073962 ], [ 75.845202499595757, 26.930916999719841 ], [ 75.845148900001789, 26.930644399919117 ], [ 75.845116699776042, 26.93050089959695 ], [ 75.844951999735031, 26.929583600103172 ], [ 75.844944500288648, 26.929526299799079 ], [ 75.844915499850515, 26.929256200113514 ], [ 75.844920900279419, 26.928981200022406 ], [ 75.844946399656806, 26.928700199654543 ], [ 75.845037500080707, 26.928114300334698 ], [ 75.84506839988677, 26.92792660013265 ], [ 75.84509919986823, 26.927774700142322 ], [ 75.845119400440069, 26.927639600387295 ], [ 75.845127399909643, 26.927594199912448 ], [ 75.845222600342765, 26.927076499780753 ], [ 75.845244100434968, 26.926905499988834 ], [ 75.8453003997937, 26.926599400442058 ], [ 75.845390299622807, 26.926024200356665 ], [ 75.84546270044325, 26.925367799584308 ], [ 75.845509600087951, 26.924908600351728 ], [ 75.84552709999582, 26.924630000274306 ], [ 75.845555200212516, 26.924286800095842 ], [ 75.845575300060204, 26.92403330009688 ], [ 75.845598099672713, 26.923904199719232 ], [ 75.845626299714127, 26.923753500323869 ], [ 75.845665199889083, 26.923623200250518 ], [ 75.845705399584574, 26.923508399992727 ], [ 75.845781900414408, 26.923325500371732 ], [ 75.84586229980539, 26.923131700067927 ], [ 75.845950800289302, 26.922964300262436 ], [ 75.846048699587925, 26.922788599714295 ], [ 75.84616270034843, 26.922641500305019 ], [ 75.847149199975661, 26.921408199728717 ], [ 75.848204500437419, 26.92014350022248 ], [ 75.848447199578743, 26.919838200172933 ], [ 75.848615600329879, 26.919580299791164 ], [ 75.848738999905038, 26.9193913998933 ], [ 75.848832899918477, 26.91922640037825 ], [ 75.848854300185849, 26.91916779965436 ], [ 75.848915999973485, 26.918993199876354 ], [ 75.848954900148669, 26.918807800139859 ], [ 75.84899509984416, 26.918578199624392 ], [ 75.849005600328383, 26.918303099708396 ], [ 75.84900699967335, 26.918217700086814 ], [ 75.848996500088504, 26.918048499838505 ], [ 75.84896160009788, 26.917786600171553 ], [ 75.848882299678507, 26.917449099896203 ], [ 75.848516200062647, 26.915843099579433 ], [ 75.848264200132917, 26.914820400441272 ], [ 75.848094900059778, 26.91406939998285 ], [ 75.847955599571264, 26.913451300437259 ], [ 75.847645900038401, 26.912077200202759 ], [ 75.847456000094496, 26.911210000141466 ], [ 75.84740980012225, 26.91101950034971 ], [ 75.847133999634423, 26.909747799621357 ], [ 75.846970799662813, 26.908924699615227 ], [ 75.846742000443044, 26.90782799976256 ], [ 75.846675000051334, 26.907557200404653 ], [ 75.846582500282238, 26.907258299930675 ], [ 75.846489999613823, 26.907038199853162 ], [ 75.84639470025536, 26.906839699692512 ], [ 75.846267000122054, 26.906618599568844 ], [ 75.84621210010846, 26.906546199647437 ], [ 75.846197299965468, 26.906474199924446 ], [ 75.846050400205911, 26.906261500367975 ], [ 75.84473310025254, 26.90447649989062 ], [ 75.844502399865917, 26.904190699841024 ], [ 75.844038400052227, 26.903636999847777 ], [ 75.843936499669837, 26.903510199935852 ], [ 75.843865400168113, 26.903400200259114 ], [ 75.843743399938091, 26.903170499918758 ], [ 75.843675000201188, 26.902988799993295 ], [ 75.843644100394954, 26.902871600344156 ], [ 75.843622700127582, 26.902749600114021 ], [ 75.843603899800257, 26.902595299833365 ], [ 75.843594799560435, 26.902387999806422 ], [ 75.843591800321519, 26.901756899661336 ], [ 75.843596500178535, 26.901631300344206 ], [ 75.843605300044601, 26.90157390021551 ], [ 75.843647499832286, 26.901435199574848 ], [ 75.843701100325575, 26.901355700405247 ], [ 75.843826499993099, 26.901247400447289 ], [ 75.843988699918611, 26.901111600120373 ] ], [ [ 75.850397800318319, 26.945905299689855 ], [ 75.850352300018812, 26.945874999731586 ], [ 75.850311100277224, 26.945858599694702 ], [ 75.85027790000521, 26.945853399814723 ], [ 75.850238800180648, 26.945854200211272 ], [ 75.850208199848623, 26.945874899906755 ], [ 75.850193899728765, 26.945914200280185 ] ], [ [ 75.850193899728765, 26.945914200280185 ], [ 75.850201300249864, 26.945959500030995 ], [ 75.850228799719389, 26.946015099717044 ], [ 75.850257099585519, 26.946058799574132 ], [ 75.850281199617712, 26.946087700187263 ], [ 75.850308600161895, 26.946109999776809 ], [ 75.850330299903476, 26.946123299850569 ] ], [ [ 75.850466700078186, 26.946004699957086 ], [ 75.850442500221334, 26.945957199565214 ], [ 75.850397800318319, 26.945905299689855 ] ], [ [ 75.850330299903476, 26.946123299850569 ], [ 75.85035599982956, 26.946132999938015 ], [ 75.85037180001865, 26.946135199679759 ], [ 75.850405100115381, 26.946134400182586 ], [ 75.850445899658666, 26.946117400297851 ], [ 75.850469200193515, 26.946089200256438 ], [ 75.850475800318065, 26.946049899883008 ], [ 75.850466700078186, 26.946004699957086 ] ], [ [ 75.850330299903476, 26.946123299850569 ], [ 75.850539799672106, 26.946256400412608 ], [ 75.850673199708581, 26.946357000375428 ], [ 75.850978399933297, 26.946570799802657 ], [ 75.851418100065416, 26.946886200138181 ], [ 75.852648500328144, 26.947715000047253 ], [ 75.853903599571538, 26.948587599638074 ], [ 75.854667400080587, 26.949110399825202 ], [ 75.85497000036537, 26.949327200290099 ], [ 75.855013399848644, 26.949359799814943 ], [ 75.855264799930751, 26.949534399592949 ], [ 75.855428400100777, 26.949639599587954 ], [ 75.855559899869547, 26.949716100417845 ], [ 75.855754300020976, 26.949810499555042 ], [ 75.855908499577765, 26.949865500292674 ], [ 75.856077500176525, 26.949916900144899 ], [ 75.85638869977879, 26.949969499692713 ], [ 75.856666299809888, 26.950016800435037 ], [ 75.85679759992928, 26.950032400075202 ], [ 75.857472999779304, 26.950112599816805 ], [ 75.858800599667973, 26.950245300180597 ], [ 75.85977110035617, 26.950328199686851 ], [ 75.860262599639384, 26.950392299764985 ], [ 75.860453999652407, 26.950417300018444 ], [ 75.860713699577616, 26.950464400212013 ], [ 75.860896100075138, 26.950512299902812 ], [ 75.861058399825481, 26.950567299741124 ], [ 75.861239400078318, 26.950643799671752 ], [ 75.86138159998103, 26.95071669961618 ], [ 75.861546499671363, 26.950820699915539 ], [ 75.861680700104387, 26.95092709960602 ], [ 75.861951000338479, 26.951129500126399 ], [ 75.862024000107567, 26.951184099766579 ], [ 75.862164799765878, 26.95128450007968 ], [ 75.86224930006523, 26.951350299876594 ], [ 75.862302600184933, 26.951389600250025 ], [ 75.862769600137085, 26.951751900230079 ], [ 75.862905100090359, 26.951861899906874 ], [ 75.863469699866926, 26.952300699817556 ], [ 75.863629299852391, 26.952432199586497 ], [ 75.863776800359176, 26.952560100268556 ], [ 75.863949800243063, 26.952708300447796 ], [ 75.864096000330335, 26.952848199884556 ], [ 75.864274399743806, 26.953043000234459 ], [ 75.864417800241483, 26.953234300422764 ], [ 75.864651200392757, 26.953548699812814 ], [ 75.864881899879833, 26.953933599755828 ], [ 75.864987800446727, 26.954112900290284 ], [ 75.865132700114088, 26.954422499998429 ], [ 75.865245299730873, 26.954711800209452 ], [ 75.865319099896681, 26.954925800185606 ], [ 75.865451800260416, 26.95541110044212 ], [ 75.865573900315269, 26.955919200310916 ], [ 75.865646300236733, 26.956208499622733 ], [ 75.865761599618168, 26.956707000127949 ], [ 75.866112999815243, 26.958172500260787 ], [ 75.866341700109501, 26.959102499980474 ], [ 75.866420100307494, 26.959384600219153 ], [ 75.866514000320933, 26.959725300282514 ], [ 75.866587799587364, 26.959907000207977 ], [ 75.866687000205047, 26.960103000253355 ], [ 75.866821099913977, 26.960333699740602 ], [ 75.867019600074457, 26.960621800255922 ], [ 75.867151000018737, 26.960816599706448 ], [ 75.867733499901192, 26.961660500132098 ], [ 75.867788100440578, 26.961738500131787 ], [ 75.868216600415792, 26.962351600346153 ], [ 75.868960200353001, 26.963366300014798 ], [ 75.869106400440216, 26.96357310001855 ], [ 75.869682999870633, 26.964398999614218 ], [ 75.869825199773345, 26.964591500397546 ], [ 75.869978099809657, 26.964816199608038 ], [ 75.870145700164016, 26.965103100427768 ], [ 75.870244899882323, 26.965288400339546 ], [ 75.870329400181731, 26.965462900292721 ], [ 75.870542699585997, 26.965920700180277 ], [ 75.870694200277285, 26.966316300257063 ], [ 75.870790800055374, 26.966655799725459 ], [ 75.870864500396522, 26.966970100190053 ], [ 75.870935599898075, 26.967372900239184 ], [ 75.871059000372668, 26.968506099976594 ], [ 75.871207900224533, 26.969912899560825 ], [ 75.871241399970813, 26.970272700324927 ], [ 75.87134059968912, 26.971329199582954 ], [ 75.871402300376019, 26.971847999585577 ], [ 75.871555200412274, 26.973463899639341 ], [ 75.871624899669484, 26.974072299996806 ], [ 75.871736299590623, 26.975088200260416 ], [ 75.871780500369994, 26.975474299899076 ], [ 75.871850300351241, 26.975855500031344 ], [ 75.871905200364836, 26.976144800242366 ], [ 75.871969599917236, 26.976370600222992 ], [ 75.872066199695496, 26.976602500305262 ], [ 75.872182400197744, 26.976842600405746 ], [ 75.872663300071224, 26.977803199558196 ], [ 75.873092100420251, 26.97866540028798 ], [ 75.873400600257639, 26.979276100211905 ], [ 75.873651399592575, 26.979764899730412 ], [ 75.874041600139833, 26.980509499713719 ], [ 75.874363499875813, 26.981209799992428 ], [ 75.874914699753731, 26.982364300172321 ], [ 75.875076899679243, 26.982696599668373 ], [ 75.875185599835675, 26.982948700322311 ], [ 75.875239200328963, 26.983094500211109 ], [ 75.875296899932096, 26.983269000164228 ], [ 75.875381400231504, 26.983594099688105 ], [ 75.875490999709939, 26.984245000206613 ], [ 75.875545500424664, 26.984752000204708 ], [ 75.875602100156812, 26.985723400214908 ], [ 75.875622799852465, 26.986249099816291 ], [ 75.875585999594364, 26.986696099745245 ], [ 75.87547220028199, 26.987519500124961 ], [ 75.875406600134625, 26.987951500261602 ], [ 75.875368700005538, 26.988200800426625 ], [ 75.875279999872248, 26.988827299640207 ], [ 75.875133500310824, 26.989798199627273 ], [ 75.875072299647059, 26.990282400012859 ], [ 75.87506049964253, 26.990565399573711 ], [ 75.875077500426414, 26.990850900149042 ], [ 75.875112500241755, 26.991112399617521 ], [ 75.875192299784885, 26.991527600418578 ], [ 75.875278700351771, 26.991879100440201 ], [ 75.875601600133905, 26.993213000080004 ], [ 75.875771000031705, 26.993923600294067 ], [ 75.875825400022165, 26.994193600154574 ], [ 75.875864900045201, 26.994389399651197 ], [ 75.875893399560823, 26.994514800217928 ], [ 75.87593450037707, 26.994661799802316 ], [ 75.876110200025835, 26.995292899947458 ], [ 75.876241799619493, 26.995773199973314 ], [ 75.876309600407922, 26.996065399598535 ], [ 75.876336973937839, 26.996424416716422 ] ], [ [ 75.876419957478788, 26.996401951989128 ], [ 75.876421600176855, 26.9963521996944 ], [ 75.876393199586516, 26.996020400221369 ], [ 75.876393999983236, 26.996015900013845 ], [ 75.87625030001152, 26.995486600426375 ], [ 75.876027400344242, 26.994705399834345 ], [ 75.876014100270709, 26.994646499636417 ], [ 75.875998300081619, 26.994576599830282 ], [ 75.875973700026293, 26.994457099715419 ], [ 75.875910900367842, 26.994177600316164 ], [ 75.875884300220321, 26.994059200072059 ], [ 75.875724600410138, 26.993328400185646 ], [ 75.875693000032015, 26.993196400393742 ], [ 75.875554900138525, 26.992618399819435 ], [ 75.875523100111025, 26.992480700124247 ], [ 75.875338700420855, 26.991766099725794 ], [ 75.875194000402871, 26.991131699968037 ], [ 75.875157399794261, 26.99081900029671 ], [ 75.875149099951159, 26.990332799818987 ], [ 75.875212299807856, 26.989900000184946 ], [ 75.875310399655405, 26.989264100358128 ], [ 75.875499400277135, 26.987964199588191 ], [ 75.875607100387469, 26.987222999941594 ], [ 75.875668300152029, 26.98679109962967 ], [ 75.8757201002025, 26.986099299742932 ], [ 75.875689499870589, 26.985518700128011 ], [ 75.875681100202655, 26.985384600419025 ], [ 75.875637699820118, 26.984692699808306 ], [ 75.87557049977886, 26.984012399552682 ], [ 75.87554500040153, 26.983837899599564 ], [ 75.87547259958086, 26.983520000048031 ], [ 75.875410899793224, 26.98327139955552 ], [ 75.8753116002502, 26.982988200345289 ], [ 75.875224500010859, 26.982771899903355 ], [ 75.875134600181752, 26.982567500190044 ], [ 75.874924100367025, 26.982146800034968 ], [ 75.874497599584572, 26.98126479983074 ], [ 75.874119399590768, 26.98047840025805 ], [ 75.873985299881838, 26.980198800134588 ], [ 75.873686199758311, 26.979627500408981 ], [ 75.87343820001297, 26.979138699991097 ], [ 75.873214300299821, 26.978700800301795 ], [ 75.872968699945716, 26.978205200109926 ], [ 75.872494300371841, 26.977267100196627 ], [ 75.872381299657263, 26.977045900248129 ], [ 75.872263299611632, 26.97681879984782 ], [ 75.872186199833322, 26.976637199746961 ], [ 75.872126500138052, 26.976482400342547 ], [ 75.872069500207374, 26.976330000329426 ], [ 75.872012799750962, 26.976156000399214 ], [ 75.871965599732675, 26.97592959967136 ], [ 75.871871699719236, 26.975414500378918 ], [ 75.871840899737833, 26.975169499872607 ], [ 75.871726399853571, 26.974057099655511 ], [ 75.871701399599942, 26.973901400029717 ], [ 75.871670499793879, 26.973549999832755 ], [ 75.871575300259906, 26.972608100283651 ], [ 75.871438499886949, 26.97129340027027 ], [ 75.871417099619634, 26.971091399948193 ], [ 75.87134199993352, 26.970270300034485 ], [ 75.8711906997911, 26.968618599768661 ], [ 75.871066999842355, 26.967607199712688 ], [ 75.870975799593566, 26.967016700360489 ], [ 75.870900699907452, 26.966684499790006 ], [ 75.870824299801654, 26.966432300210556 ], [ 75.870739800401452, 26.966164500091736 ], [ 75.870605699793373, 26.96585009980231 ], [ 75.87034549984503, 26.965276399786092 ], [ 75.870071899998209, 26.964788700138513 ], [ 75.869634699981589, 26.964145600339293 ], [ 75.869151899840404, 26.963482200143574 ], [ 75.86894540021018, 26.963179800407545 ], [ 75.868109900351726, 26.962023899983137 ], [ 75.867521199643818, 26.961157299769638 ], [ 75.8673777002208, 26.960925399687596 ], [ 75.867175199875589, 26.960668400426414 ], [ 75.866935099775105, 26.960318199925098 ], [ 75.866783599983194, 26.96008510014741 ], [ 75.866670899642372, 26.959835299959252 ], [ 75.866569000159416, 26.959522100264792 ], [ 75.866514000320933, 26.959328399785818 ], [ 75.866448300348907, 26.959088199860673 ], [ 75.866322200109494, 26.958581299687239 ], [ 75.866024500230537, 26.957351299622815 ], [ 75.86584750016209, 26.956623300225317 ], [ 75.865765699627389, 26.956286200148043 ], [ 75.865740200250173, 26.956194099678044 ], [ 75.865717700111873, 26.956098499945995 ], [ 75.865697299890655, 26.956006500199862 ], [ 75.865555099987944, 26.955408799976169 ], [ 75.865478699882146, 26.955133799885004 ], [ 75.865410300145413, 26.954893500134972 ], [ 75.865309700182593, 26.954599500066934 ], [ 75.865158099666644, 26.954238399782298 ], [ 75.865065599897548, 26.95405550016136 ], [ 75.86494490008721, 26.953844000300535 ], [ 75.864884599644711, 26.953742299567523 ], [ 75.864800100244508, 26.953607299637213 ], [ 75.864586799941037, 26.953270199560109 ], [ 75.864523799733661, 26.953186499657249 ], [ 75.864481900319618, 26.953132099666789 ], [ 75.864431899812416, 26.953073499842276 ], [ 75.864372299941749, 26.953003600036141 ], [ 75.864197200140779, 26.952801499889404 ], [ 75.864030300358081, 26.95263779989466 ], [ 75.863829100432781, 26.952459600130567 ], [ 75.863662799598671, 26.952311399951327 ], [ 75.863485800429373, 26.952170399744261 ], [ 75.863155900324671, 26.951911500215601 ], [ 75.862577899750306, 26.951448299899255 ], [ 75.862378000244632, 26.951294100342523 ], [ 75.86225730043418, 26.951201999872524 ], [ 75.862045400375052, 26.951064599651716 ], [ 75.861664600441088, 26.950771700353812 ], [ 75.861507700220272, 26.950674800201909 ], [ 75.861311899824443, 26.95056009976895 ], [ 75.861158999788188, 26.950483599838265 ], [ 75.860984599659673, 26.950418999737167 ], [ 75.860764700130915, 26.950360399912654 ], [ 75.860520599845813, 26.95031980001886 ], [ 75.86015309998561, 26.950268400166692 ], [ 75.859231800307441, 26.95017159983945 ], [ 75.857910599994227, 26.950030900006197 ], [ 75.857037799854652, 26.949946799904865 ], [ 75.856465099884588, 26.94986669998832 ], [ 75.856145899913372, 26.949805699873309 ], [ 75.8558871002096, 26.94974359988737 ], [ 75.855677899915179, 26.949654499555606 ], [ 75.855539700197198, 26.949584599749528 ], [ 75.855393599934814, 26.949487800321833 ], [ 75.855103900424751, 26.949289300161183 ], [ 75.854737899734346, 26.949036499834733 ], [ 75.853879500438723, 26.948436900242882 ], [ 75.853069400132767, 26.947869099779155 ], [ 75.851771199980931, 26.94697249998103 ], [ 75.851065799647074, 26.946473899650925 ], [ 75.850746599675915, 26.946227700348231 ], [ 75.850532300225552, 26.946057000030692 ], [ 75.850466700078186, 26.946004699957086 ] ] ] } },
{ "type": "Feature", "properties": { "ref": "NH52", "name_1": "NH52", "Labels": "NH52", "Roadname": "NH52, Tonk Road", "two_wheele": 45.0, "car_jeep_v": 34.0, "IPT": 3.0, "bus": 5.0, "Goods_vehi": 11.0, "tractor": 1.0, "others": 2.0, "private": 79.0, "others2": 3.0 }, "geometry": { "type": "MultiLineString", "coordinates": [ [ [ 75.829347171760901, 26.776169078280873 ], [ 75.829286899670819, 26.776251900005263 ], [ 75.828920200207165, 26.776721200423196 ], [ 75.828304800426395, 26.77747069991284 ], [ 75.827978500307552, 26.777891499892974 ], [ 75.827649899723156, 26.778317399928198 ], [ 75.827081699960502, 26.779018800077722 ], [ 75.826872999689215, 26.779269399763109 ], [ 75.82665620012358, 26.779520799845159 ], [ 75.826535699962619, 26.779679299959696 ], [ 75.826514500244173, 26.779707099802863 ], [ 75.826011600255299, 26.780368599731275 ], [ 75.825782499762624, 26.780677099568493 ], [ 75.825283900331897, 26.781348500133333 ], [ 75.825260499972217, 26.781378200243807 ], [ 75.825111799769843, 26.78156550024778 ], [ 75.824851400172122, 26.781893599909893 ], [ 75.824415700224506, 26.78244250022118 ], [ 75.823688600148898, 26.783456000194406 ], [ 75.823613499563407, 26.783559999594445 ], [ 75.823346200366984, 26.783902799574662 ], [ 75.822934999750487, 26.784431000190693 ], [ 75.822687500028223, 26.784762500189345 ], [ 75.822342000283186, 26.78520869972175 ], [ 75.822329700255523, 26.785227199675717 ], [ 75.821918200164987, 26.785756000139372 ], [ 75.821554099741888, 26.786226199879309 ], [ 75.820835199684893, 26.787175499949512 ], [ 75.819816999854709, 26.788495999690724 ], [ 75.819424599565707, 26.789004899956296 ], [ 75.818686499882119, 26.789981700395231 ], [ 75.818651199693193, 26.790028299666346 ], [ 75.818433800279706, 26.790315699610005 ], [ 75.817887900106655, 26.791042299662479 ], [ 75.817759399576801, 26.791210300215312 ], [ 75.817580799614404, 26.791443800191303 ], [ 75.817206400155271, 26.791938900360151 ], [ 75.817088999957434, 26.792096100055005 ], [ 75.816619499890123, 26.792724600260158 ], [ 75.81618589985942, 26.793305100050418 ], [ 75.815955999869516, 26.793612800390463 ], [ 75.815814999662621, 26.793801499739459 ], [ 75.815095099559187, 26.794747199823519 ], [ 75.814715299671491, 26.79524449973394 ], [ 75.814398099792527, 26.7956555996264 ], [ 75.813881299882269, 26.79638169965574 ], [ 75.813769700311411, 26.796537099807495 ], [ 75.813695699596906, 26.796640600083776 ], [ 75.813655200427206, 26.796689599645333 ], [ 75.813567799814223, 26.796795600036887 ], [ 75.81352950038621, 26.796842600405853 ], [ 75.813402199552002, 26.796997700183852 ], [ 75.813288800437931, 26.797143000049459 ], [ 75.812731399734332, 26.797877399922129 ], [ 75.812370400173961, 26.798371400220049 ], [ 75.812179600008619, 26.798620700385072 ], [ 75.812058400175147, 26.798772800024835 ], [ 75.811369700251589, 26.799665700012213 ], [ 75.810435499798587, 26.800880300085851 ], [ 75.809804399653444, 26.801717700211839 ], [ 75.809605299645, 26.801969200118606 ], [ 75.808874599583135, 26.802929399971902 ], [ 75.808615100206794, 26.803278100404157 ], [ 75.808442399796945, 26.803549499609858 ], [ 75.808365600392221, 26.803641199881554 ], [ 75.808272499876125, 26.803769599687371 ], [ 75.80815809981658, 26.803920600355525 ], [ 75.808000099725007, 26.804134899805888 ], [ 75.807879200264949, 26.804298900174217 ], [ 75.807256399962966, 26.805104400447817 ], [ 75.807168400401508, 26.805218199760191 ], [ 75.806841100236625, 26.805651500316515 ], [ 75.806499499951997, 26.806108099609276 ], [ 75.805982799866456, 26.806795800385942 ], [ 75.805857300374214, 26.806969599767399 ], [ 75.805635300029167, 26.807276999733858 ], [ 75.80558149988633, 26.807350700074835 ], [ 75.805339100219442, 26.80768270009662 ], [ 75.805316400431593, 26.807717400437866 ], [ 75.804778399903398, 26.80842639985849 ], [ 75.804716799940422, 26.808507499821303 ], [ 75.804110700048852, 26.809323800053505 ], [ 75.803773500147088, 26.80976989976125 ], [ 75.8036133003136, 26.809981799820378 ], [ 75.803032400325037, 26.810750499835819 ], [ 75.802984800108504, 26.810813000020062 ], [ 75.802770200284556, 26.811095999580743 ], [ 75.802617300248244, 26.811297700428554 ], [ 75.802296500383363, 26.811704800136454 ], [ 75.802014900167705, 26.812086000268721 ], [ 75.801848200034499, 26.812299900420214 ], [ 75.801749500339326, 26.812434699801599 ], [ 75.801298100027395, 26.813051099628638 ], [ 75.800960800300743, 26.813505000055898 ], [ 75.800839399918345, 26.81367380010596 ], [ 75.800682800071343, 26.813891300243483 ], [ 75.80050470013191, 26.814149099901215 ], [ 75.800157300119338, 26.814651800240483 ], [ 75.799956500392227, 26.814942399971812 ], [ 75.79988840012976, 26.815040999842324 ], [ 75.799677000093595, 26.815331099550633 ], [ 75.799517900131093, 26.815552300398508 ], [ 75.79926960001211, 26.815880300235733 ], [ 75.79913290036319, 26.816082799681567 ], [ 75.799112400317085, 26.816111499745944 ], [ 75.799097699998981, 26.816130999745951 ], [ 75.799078399648465, 26.81614770015625 ], [ 75.798988700368284, 26.81617940035909 ], [ 75.798961899672065, 26.816193199556608 ], [ 75.798937400340776, 26.816215099847057 ], [ 75.798777300332176, 26.816421399827902 ], [ 75.798656800171386, 26.816584599799512 ], [ 75.798547599991821, 26.816729199992665 ], [ 75.797953499754385, 26.817511700105001 ], [ 75.797710600064306, 26.817819699919255 ], [ 75.79743149996375, 26.818163699595118 ], [ 75.797338500171747, 26.818274499668576 ], [ 75.797250100411873, 26.818377499921723 ], [ 75.796855200007599, 26.818812099998524 ] ], [ [ 75.796855200007599, 26.818812099998524 ], [ 75.796785099652709, 26.818894500381077 ] ], [ [ 75.796855200007599, 26.818812099998524 ], [ 75.796700399703809, 26.818791000104625 ], [ 75.79632250008342, 26.818766700423055 ], [ 75.796098800019763, 26.818758700053991 ], [ 75.795991299558978, 26.818750300386171 ], [ 75.795185599635829, 26.81872199962072 ], [ 75.794564400127115, 26.818716100068059 ], [ 75.794430800441148, 26.818711800409289 ], [ 75.793577399577373, 26.81868449968988 ], [ 75.79197049993877, 26.818633000013051 ], [ 75.79177940029922, 26.818629599676285 ], [ 75.791322700282365, 26.818621500382108 ], [ 75.791303499756793, 26.818621100183805 ], [ 75.791206800153759, 26.818619399565705 ], [ 75.790808699961701, 26.818599400442054 ], [ 75.790478100184259, 26.818582799856472 ], [ 75.789706099656939, 26.818544000405325 ], [ 75.789338699621396, 26.818520100022681 ], [ 75.788962200245521, 26.818496400188792 ], [ 75.788387600007923, 26.818473300202697 ], [ 75.788368100007915, 26.818472499806148 ], [ 75.788168199602865, 26.818464500336574 ], [ 75.787356399578357, 26.818469999690819 ], [ 75.787035200414152, 26.818472099607845 ], [ 75.786407700255324, 26.818533900119576 ], [ 75.785667499755505, 26.818606899888664 ], [ 75.785362599904147, 26.818636900372724 ], [ 75.785237800084474, 26.818649200400387 ], [ 75.78479449996621, 26.818692900257247 ], [ 75.784641099906992, 26.818707999874448 ], [ 75.78439169991708, 26.818732599929604 ], [ 75.783737099587597, 26.818769400187762 ], [ 75.783416600096132, 26.818787400118538 ], [ 75.783043199783833, 26.81880669956962 ], [ 75.782987000249932, 26.81881150015073 ], [ 75.782599100168454, 26.818835500358034 ], [ 75.782565300048589, 26.818838799970706 ], [ 75.782451599661727, 26.81884990030278 ], [ 75.782288000391077, 26.818877100298096 ], [ 75.781893900383295, 26.818942800270122 ], [ 75.781839500392664, 26.818991399633433 ], [ 75.78161790024609, 26.819423899793208 ], [ 75.781395300053248, 26.81985830022046 ], [ 75.781092900317219, 26.820467099876851 ], [ 75.780680400180415, 26.821297300030437 ], [ 75.780451199863023, 26.821758699904137 ], [ 75.780239199979235, 26.822185400336082 ], [ 75.779814899837902, 26.823039499972992 ], [ 75.779318799622956, 26.824093099816764 ], [ 75.779176700444509, 26.824405599838713 ], [ 75.779081699660878, 26.824595899980977 ], [ 75.778936100320834, 26.824883700122712 ], [ 75.778923400094925, 26.824908700376341 ], [ 75.778745700353909, 26.825248900416568 ], [ 75.778408200078559, 26.825877600271212 ], [ 75.77824479955791, 26.826139900136411 ], [ 75.778137299996445, 26.826252700302064 ], [ 75.777953199780484, 26.826425700186007 ], [ 75.777835799582476, 26.82652179994119 ], [ 75.776679900057445, 26.827215199721763 ], [ 75.776298399551592, 26.827484200435606 ], [ 75.776099199718431, 26.827645500139852 ], [ 75.775890000323329, 26.827847000438794 ], [ 75.775532000001874, 26.828210599939325 ], [ 75.77542019988249, 26.828334000413861 ], [ 75.775345600219339, 26.828416200247489 ], [ 75.774975299870391, 26.828784999628056 ], [ 75.774939100359234, 26.828822100259742 ], [ 75.774079600293476, 26.829703800090385 ], [ 75.773642299552591, 26.83014899957675 ], [ 75.772878999966053, 26.830926100159559 ], [ 75.771985099932579, 26.831854199611598 ], [ 75.771627700358124, 26.832225300357493 ], [ 75.771291200128815, 26.83257480028692 ], [ 75.770407299657279, 26.833562100310871 ], [ 75.770371600169256, 26.833603800075423 ], [ 75.770311100077208, 26.833684499839819 ], [ 75.770254600169721, 26.833827400314362 ], [ 75.770063700179662, 26.834219100031476 ], [ 75.769507400246425, 26.835465500132841 ], [ 75.769034099643989, 26.836569099584267 ], [ 75.768886799686186, 26.836903700445419 ], [ 75.768729299617519, 26.837252499803185 ], [ 75.768692799733003, 26.837337299576802 ], [ 75.768575100060957, 26.83760790018448 ], [ 75.768152399813516, 26.838542300287031 ], [ 75.767738699981066, 26.839426199859417 ], [ 75.767670500000122, 26.839595200000019 ] ], [ [ 75.797146399586666, 26.818886500011956 ], [ 75.796855200007599, 26.818812099998524 ] ], [ [ 75.797146399586666, 26.818886500011956 ], [ 75.797545599649766, 26.818375700378454 ], [ 75.797767799644305, 26.818093600139662 ], [ 75.797816499731823, 26.81803519996464 ], [ 75.798333600015667, 26.81741399955655 ], [ 75.79877780035531, 26.816827399664874 ], [ 75.798867700184189, 26.816708600121842 ], [ 75.798913400133472, 26.816659099637775 ], [ 75.799178999611172, 26.816299100123501 ], [ 75.799162599574458, 26.816187899851741 ], [ 75.799413200159165, 26.815841599710097 ], [ 75.799797299705688, 26.815310899878114 ], [ 75.799876799774609, 26.815204000164499 ], [ 75.800160099708876, 26.814808800286016 ], [ 75.800986299678073, 26.813668500401093 ], [ 75.801265499603119, 26.81327600028726 ], [ 75.801635200104442, 26.812751200007938 ], [ 75.801832700219052, 26.812475699893639 ], [ 75.80189070019577, 26.812394699755657 ], [ 75.801919599909695, 26.812354400235506 ], [ 75.802137199871936, 26.812063599955309 ], [ 75.802995500242218, 26.810917000319421 ], [ 75.80305739967929, 26.810834299563339 ], [ 75.803793599994776, 26.8098508000744 ], [ 75.804246000352805, 26.809246300076779 ], [ 75.804461399673926, 26.808953899902633 ], [ 75.80466609976088, 26.808685099737602 ], [ 75.805086000418783, 26.808134100408381 ], [ 75.805922199949691, 26.807036899633374 ], [ 75.806254000321985, 26.806601400234513 ], [ 75.80657620043138, 26.806167499830394 ], [ 75.806697699739061, 26.806008899890969 ], [ 75.808308300088015, 26.803908599802071 ], [ 75.808394099907844, 26.803791300328328 ], [ 75.80848310041489, 26.803673400107357 ], [ 75.808555000313049, 26.803573999840296 ], [ 75.808711600160279, 26.803350199951808 ], [ 75.810168400251655, 26.801467700374076 ], [ 75.810590599576585, 26.800900200284161 ], [ 75.810706600429398, 26.800748599768212 ], [ 75.811905699788269, 26.799182200198516 ], [ 75.812307200317093, 26.798678999836056 ], [ 75.813018000180648, 26.797725099733668 ], [ 75.813783600233023, 26.796765399903336 ], [ 75.813904600417118, 26.796617900295928 ], [ 75.814511800179559, 26.795727899722976 ], [ 75.81466849985145, 26.795502800314011 ], [ 75.814810699754162, 26.795318100250199 ], [ 75.815208200098425, 26.794836999827794 ], [ 75.815929899745186, 26.793888900352556 ], [ 75.81640869970181, 26.793223900262944 ], [ 75.816436500444127, 26.793185299561969 ], [ 75.816716800240329, 26.792796000135297 ], [ 75.81730280028404, 26.792011400106105 ], [ 75.818014000345897, 26.791116699676081 ], [ 75.818113700087338, 26.790978900156233 ], [ 75.818782800186227, 26.790054499615565 ], [ 75.81947090026199, 26.789143700421619 ], [ 75.819520499671512, 26.789078100274082 ], [ 75.81974750024699, 26.788783799832686 ], [ 75.820010700333626, 26.788442400096812 ], [ 75.820580900188588, 26.787702900168824 ], [ 75.820732300155669, 26.787506599749918 ], [ 75.820931099790528, 26.787248800092186 ], [ 75.821650499870657, 26.786298800349471 ], [ 75.822273900020662, 26.785466399554821 ], [ 75.822287700117386, 26.785447899600854 ], [ 75.822388999752718, 26.785325000048829 ], [ 75.82242899979866, 26.785270600058197 ], [ 75.822466800102859, 26.785215500395054 ], [ 75.82251190020412, 26.785166499934121 ], [ 75.822746900249342, 26.784834699561884 ], [ 75.823434000279008, 26.78395499982355 ], [ 75.823748200019566, 26.783552799622043 ], [ 75.823883600148179, 26.78337950026372 ], [ 75.824362599754352, 26.782731599883618 ], [ 75.82501660023604, 26.7818469997394 ], [ 75.82515639984814, 26.78166129962932 ], [ 75.825336599704372, 26.781421900100725 ], [ 75.82648149962165, 26.779901300304914 ], [ 75.826597200100707, 26.779747599871939 ], [ 75.826684400164993, 26.779631799567994 ], [ 75.826731700008111, 26.779568900084712 ], [ 75.826756300063266, 26.779536199835945 ], [ 75.826776100436859, 26.779509999886727 ], [ 75.826835599583262, 26.779433900154515 ], [ 75.826906299785946, 26.779344000325409 ], [ 75.826939800431603, 26.779300599942758 ], [ 75.827143600296949, 26.779063499980509 ], [ 75.828031599878557, 26.777952099809681 ], [ 75.828627600383641, 26.777210300315176 ], [ 75.829003699561213, 26.776740400049448 ], [ 75.829360900385382, 26.776277000083553 ], [ 75.829397339945729, 26.776224774021898 ] ], [ [ 75.796785099652709, 26.818894500381077 ], [ 75.797098999919058, 26.818950899564527 ], [ 75.797146399586666, 26.818886500011956 ] ], [ [ 75.7965337, 26.819217900000126 ], [ 75.796181599999954, 26.8196694 ], [ 75.795987400000058, 26.819946300000026 ], [ 75.795815, 26.820160499999986 ], [ 75.795722299999966, 26.82035030000003 ], [ 75.795654, 26.820473900000138 ], [ 75.7955336, 26.820830100000137 ], [ 75.795404599999983, 26.821363600000041 ], [ 75.795442400000127, 26.821500300000139 ], [ 75.795274800000072, 26.82218250000011 ], [ 75.795232000000112, 26.822380300000134 ], [ 75.7950373, 26.823341 ], [ 75.794921499999987, 26.823829400000136 ] ], [ [ 75.795555, 26.8215159 ], [ 75.795648700000129, 26.821394699999928 ], [ 75.795757200000025, 26.820968700000037 ], [ 75.795791, 26.820836100000065 ], [ 75.79588890000008, 26.820591900000124 ], [ 75.79596760000004, 26.820428699999979 ], [ 75.796093100000121, 26.820214199999953 ] ], [ [ 75.794844800000021, 26.824131900000111 ], [ 75.794739600000014, 26.82453060000006 ], [ 75.794618100000093, 26.824990800000137 ], [ 75.794397000000117, 26.8258778 ], [ 75.794305000000122, 26.826246700000127 ], [ 75.7942958000001, 26.826283699999976 ], [ 75.794234099999983, 26.826565800000083 ], [ 75.794209900000112, 26.8268526 ], [ 75.794190600000093, 26.827244600000085 ], [ 75.794173400000091, 26.827591700000028 ], [ 75.79416539999994, 26.8277546 ], [ 75.794081100000085, 26.829479100000071 ], [ 75.794064000000105, 26.829829700000118 ], [ 75.794021300000111, 26.830703300000096 ], [ 75.793964800000083, 26.831440499999985 ], [ 75.793883300000061, 26.832505099999935 ], [ 75.793763200000058, 26.83445039999998 ], [ 75.793761300000085, 26.834804200000121 ], [ 75.793756500000029, 26.835672 ] ], [ [ 75.793888599999946, 26.83865389999994 ], [ 75.793889900000067, 26.838498400000049 ], [ 75.793898500000068, 26.838217699999916 ], [ 75.79390380000001, 26.83766490000005 ], [ 75.793910099999948, 26.836939200000018 ], [ 75.7938934, 26.8366638 ], [ 75.793888300000106, 26.83616660000007 ] ], [ [ 75.7937258, 26.83946490000011 ], [ 75.793719399999986, 26.839713400000051 ], [ 75.793692700000122, 26.840579899999966 ], [ 75.793683700000088, 26.840812700000072 ], [ 75.79367730000007, 26.840962199999979 ], [ 75.793658500000106, 26.84131450000001 ], [ 75.793653200000051, 26.841414900000132 ], [ 75.79357020000009, 26.842464300000131 ], [ 75.79356649999994, 26.842701299999987 ], [ 75.793520400000034, 26.842733299999963 ], [ 75.793506900000011, 26.842778800000019 ], [ 75.79349220000006, 26.843154500000026 ], [ 75.793489099999931, 26.843220299999984 ], [ 75.79346, 26.843827 ], [ 75.793452, 26.844099800000095 ], [ 75.79345330000001, 26.84427960000005 ], [ 75.793462700000077, 26.844436 ], [ 75.793481500000041, 26.844720800000118 ], [ 75.793497300000126, 26.844949500000041 ], [ 75.793505200000027, 26.845063800000105 ], [ 75.793519300000128, 26.845261100000073 ], [ 75.793520300000068, 26.8452752 ], [ 75.793548, 26.845629299999985 ], [ 75.793560600000035, 26.8459497 ], [ 75.7935928, 26.846215299999983 ], [ 75.793619600000113, 26.846506100000056 ], [ 75.793648099999984, 26.8468446 ], [ 75.793666600000051, 26.847146800000132 ], [ 75.793704800000057, 26.847817500000019 ], [ 75.793730900000071, 26.848180099999979 ], [ 75.793744300000128, 26.848474399999986 ], [ 75.793769800000064, 26.848786700000119 ], [ 75.79381, 26.849149300000079 ], [ 75.793842200000029, 26.84954410000006 ], [ 75.793859, 26.849756700000057 ] ], [ [ 75.767905900000073, 26.839496800000063 ], [ 75.768010299735693, 26.839185599735742 ], [ 75.768784800378342, 26.83736839993179 ], [ 75.769112900040454, 26.836611900119124 ], [ 75.770322700432416, 26.833867099986719 ], [ 75.770399400012423, 26.833717299913587 ], [ 75.770448199924601, 26.83364349974778 ], [ 75.770487199924446, 26.833586999840236 ], [ 75.772048199964615, 26.831902299851322 ], [ 75.774131099970361, 26.829804999900887 ], [ 75.775431099665639, 26.82845649976781 ], [ 75.775515900338576, 26.828371500344531 ], [ 75.775600700112363, 26.828286500021989 ], [ 75.775907299682274, 26.827946200157101 ], [ 75.776150200271502, 26.827718099710637 ], [ 75.776343800026439, 26.827548199789646 ], [ 75.776722000020413, 26.827281600265678 ], [ 75.777881799905174, 26.826585999844156 ], [ 75.778025200402851, 26.826479500328844 ], [ 75.778197100416037, 26.826304500352535 ], [ 75.778315099562292, 26.826184400389877 ], [ 75.77854639979671, 26.825793099971634 ], [ 75.77898009965196, 26.824945499735065 ], [ 75.779004599882398, 26.824899299763047 ], [ 75.779159800384662, 26.824606600114691 ], [ 75.77922799957264, 26.824458300110621 ], [ 75.779373199613588, 26.824096599978191 ], [ 75.779876999823841, 26.823068000387991 ], [ 75.779902400275716, 26.823016900009975 ], [ 75.78050590022724, 26.821833500115986 ], [ 75.780752999751201, 26.821325900270097 ], [ 75.780950200391544, 26.820920699930525 ], [ 75.78115999963444, 26.82049310017652 ], [ 75.781456200343541, 26.819889200026751 ], [ 75.781709700342503, 26.819445499710071 ], [ 75.781928599825051, 26.819062500034534 ], [ 75.781954699949608, 26.819028600090007 ], [ 75.782068799635567, 26.818975399794965 ], [ 75.782499799726111, 26.818936100320911 ], [ 75.782624300071404, 26.818924999988894 ], [ 75.782955800070226, 26.818895399703081 ], [ 75.782996300139132, 26.818892799763091 ], [ 75.78305509961325, 26.818889000127285 ], [ 75.783731200034936, 26.818844499873876 ], [ 75.784075699733933, 26.818822800132295 ], [ 75.784287699617721, 26.818803499781836 ], [ 75.784798299601846, 26.818757000335381 ], [ 75.784872499965957, 26.818750199662134 ], [ 75.785241300245843, 26.818712099883669 ], [ 75.785375200305225, 26.818698299786774 ], [ 75.785670300244249, 26.818667900003675 ], [ 75.786312200347766, 26.818601700008458 ], [ 75.786384799918778, 26.818594199662698 ], [ 75.787295400362495, 26.818536599884283 ], [ 75.787360600311615, 26.818532499875062 ], [ 75.788213600077711, 26.818556799556745 ], [ 75.788384099846496, 26.818561600137855 ], [ 75.788637099822495, 26.818568800110199 ], [ 75.788926400033461, 26.818580799764277 ], [ 75.790475400419382, 26.8186417000544 ], [ 75.790804400302932, 26.818654599929914 ], [ 75.791299000448646, 26.818668999874603 ], [ 75.791316600181005, 26.818669499897567 ], [ 75.792287400343355, 26.818697899588528 ], [ 75.793204299638887, 26.818758299855688 ], [ 75.794258900427963, 26.818784800178548 ], [ 75.795385800414465, 26.818800999666507 ], [ 75.796401099930904, 26.818848300408831 ], [ 75.796633900234383, 26.818866099790739 ], [ 75.796785099652709, 26.818894500381077 ] ], [ [ 75.7680059, 26.83953310000004 ], [ 75.767905900000073, 26.839496800000063 ] ], [ [ 75.767670500000122, 26.839595200000019 ], [ 75.767848300179537, 26.839661299864645 ] ], [ [ 75.767670500000122, 26.839595200000019 ], [ 75.767368399632119, 26.840252800026747 ], [ 75.767013299624239, 26.84105070012987 ], [ 75.765431000040792, 26.844491300333402 ], [ 75.7649019001027, 26.845643900245989 ], [ 75.764709400218749, 26.846074099939813 ], [ 75.764670099845318, 26.846154500230114 ], [ 75.764554699739676, 26.846413799957077 ], [ 75.764417400242905, 26.846722299794465 ], [ 75.764357099800407, 26.846858000296663 ], [ 75.76431649990667, 26.846949300369943 ], [ 75.764048500138301, 26.847551400077123 ], [ 75.763869900175791, 26.847952799881909 ], [ 75.763297700228804, 26.849154199706675 ], [ 75.763218100335166, 26.849313199844346 ], [ 75.763171900362977, 26.849417799991556 ], [ 75.76274219979274, 26.85035039965129 ], [ 75.76265170011601, 26.850561799687398 ], [ 75.762408400227685, 26.851169500372237 ], [ 75.762381200232369, 26.851237300261289 ], [ 75.762111499845901, 26.851757899807353 ], [ 75.761582899930943, 26.852928399825885 ], [ 75.761393900208418, 26.853346800414499 ], [ 75.761351300222486, 26.853441199551753 ], [ 75.76117359958215, 26.85379409981789 ], [ 75.761026699822423, 26.854053799743099 ], [ 75.760908699776735, 26.854222499968444 ], [ 75.760790699731103, 26.854357700447565 ], [ 75.760669999920594, 26.854470100414915 ], [ 75.760563299856528, 26.854566700193232 ], [ 75.760130900420791, 26.854958300085457 ], [ 75.759666399684647, 26.855372800314626 ], [ 75.758947600351519, 26.856016599786301 ], [ 75.758918500088839, 26.856042299712442 ], [ 75.758794099568206, 26.856153300334654 ], [ 75.758683800417089, 26.856251699656184 ], [ 75.758584599799576, 26.856340200140153 ], [ 75.758400100284518, 26.85649730001046 ], [ 75.757672500185777, 26.857174100104658 ], [ 75.757301199790732, 26.857493600449459 ], [ 75.757120099712836, 26.85765869978934 ], [ 75.756719100106523, 26.858033199972169 ], [ 75.756546100222408, 26.858216200317543 ], [ 75.756419999983052, 26.858401699878698 ], [ 75.756286000098953, 26.858610699624194 ], [ 75.756225599831566, 26.858719899803589 ], [ 75.756048599763119, 26.859023799608792 ], [ 75.75592520018796, 26.859276299561657 ], [ 75.755896699772904, 26.859353400239343 ], [ 75.755714599649139, 26.85971299955537 ], [ 75.755552299898795, 26.860026399798699 ], [ 75.755427599903953, 26.860284800203431 ], [ 75.755241200121418, 26.8606557004004 ], [ 75.755108300108077, 26.860918299739808 ], [ 75.754645800363448, 26.861899999685306 ], [ 75.754485599630755, 26.862212300057706 ], [ 75.754248800042149, 26.862674000304992 ], [ 75.754062400259556, 26.863061699837601 ], [ 75.75401599973867, 26.863151599666651 ], [ 75.753725800205643, 26.863654200181315 ], [ 75.753674699827627, 26.863804899576508 ], [ 75.753205000110825, 26.864754099821994 ], [ 75.752710499789771, 26.865753500223889 ], [ 75.752674300278841, 26.865821700311244 ], [ 75.7524892998415, 26.866211700309748 ], [ 75.752007800119941, 26.867198699960113 ], [ 75.751838199673216, 26.867546699820366 ], [ 75.751518300029716, 26.868147400182522 ], [ 75.751346599665908, 26.868506299826038 ], [ 75.751273300422611, 26.868651900065288 ], [ 75.750997999957917, 26.869198999933985 ], [ 75.750779399949408, 26.869663099572506 ], [ 75.750633199862364, 26.869956200318484 ], [ 75.750021800265984, 26.871221999695649 ], [ 75.749428899724137, 26.872449299995253 ], [ 75.749377900070215, 26.872546200147156 ], [ 75.748751700330899, 26.873872499616141 ], [ 75.74828289993593, 26.874849700253549 ], [ 75.747917499992752, 26.87558429977571 ], [ 75.747519100326258, 26.876316900104939 ], [ 75.747454799699369, 26.876458000136665 ], [ 75.747428599750151, 26.876574799587502 ], [ 75.747419200036234, 26.876667999928259 ], [ 75.747418600188439, 26.876742700315503 ], [ 75.747429300321983, 26.876822900056936 ], [ 75.747452099934492, 26.876941300300814 ], [ 75.747502999763753, 26.877074099590118 ], [ 75.747747100048798, 26.877672200012057 ], [ 75.747881199757728, 26.877949700218551 ], [ 75.748055599886015, 26.878306199571625 ], [ 75.748160200033226, 26.878543000059437 ], [ 75.748223200240602, 26.878697400164924 ], [ 75.748250000037501, 26.878825399772495 ], [ 75.748263399936093, 26.87895569984579 ], [ 75.748252699802322, 26.879120200237026 ], [ 75.748246700425, 26.879189600020197 ], [ 75.748236600139023, 26.879270600158179 ], [ 75.748224399936248, 26.879351999595258 ] ], [ [ 75.767848300179537, 26.839661299864645 ], [ 75.767905900000073, 26.839496800000063 ] ], [ [ 75.767848300179537, 26.839661299864645 ], [ 75.768114800000149, 26.839751199999967 ] ], [ [ 75.794753699999944, 26.85340089999994 ], [ 75.794816500000024, 26.853341099999966 ], [ 75.794816, 26.853245600000093 ], [ 75.794750700000066, 26.852764 ], [ 75.794671, 26.85226740000013 ], [ 75.794645500000058, 26.852120200000059 ], [ 75.794575200000111, 26.851819600000056 ], [ 75.794562400000132, 26.851764899999978 ], [ 75.794361199999969, 26.850956 ], [ 75.794331199999988, 26.850826200000085 ], [ 75.794289300000059, 26.8506875 ], [ 75.794185500000026, 26.850286 ], [ 75.794107100000133, 26.84992630000005 ], [ 75.794075599999985, 26.8497284 ] ], [ [ 75.794654900000126, 26.853560800000025 ], [ 75.794784100000015, 26.854683600000044 ], [ 75.794812200000024, 26.854861600000049 ], [ 75.794987799999944, 26.8560827 ], [ 75.795092800000134, 26.856812900000023 ], [ 75.795152, 26.85718920000005 ], [ 75.795235600000069, 26.857762800000103 ], [ 75.795322200000101, 26.858272399999976 ] ], [ [ 75.795248600000036, 26.856784300000129 ], [ 75.794950700000072, 26.854836800000101 ] ], [ [ 75.795742600000096, 26.860374900000011 ], [ 75.795636400000149, 26.85961930000002 ], [ 75.79552110000003, 26.85879280000006 ] ], [ [ 75.795663500000103, 26.860394800000051 ], [ 75.795909, 26.862528900000086 ], [ 75.796250900000018, 26.864646199999925 ] ], [ [ 75.797497399999941, 26.873506300000088 ], [ 75.797476900000049, 26.873346 ], [ 75.797451700000067, 26.873114700000031 ], [ 75.797389, 26.87241169999993 ], [ 75.797345000000121, 26.872027600000138 ], [ 75.797327400000086, 26.871911300000136 ], [ 75.797308700000144, 26.871799500000122 ], [ 75.797248200000126, 26.871049600000049 ], [ 75.797021700000016, 26.86941939999997 ], [ 75.796912400000053, 26.868632600000069 ], [ 75.7969036, 26.868570900000122 ], [ 75.796879900000022, 26.86839980000002 ], [ 75.796818, 26.867952300000127 ], [ 75.796787900000027, 26.8677343 ], [ 75.796680400000014, 26.866957 ], [ 75.796658099999945, 26.8667959 ], [ 75.796627200000103, 26.8665727 ], [ 75.796608499999934, 26.866443499999946 ], [ 75.796542399999964, 26.8659884 ], [ 75.796508, 26.865751400000079 ], [ 75.796495400000026, 26.865664400000014 ], [ 75.7964033, 26.865029900000081 ], [ 75.796389, 26.864931400000103 ], [ 75.796384300000057, 26.864898900000071 ] ], [ [ 75.748224399936248, 26.879351999595258 ], [ 75.748217199963904, 26.879447600226683 ], [ 75.748208999945462, 26.879556500032436 ] ], [ [ 75.748224399936248, 26.879351999595258 ], [ 75.747990499761784, 26.879351100273198 ], [ 75.746886099913638, 26.879344500148648 ], [ 75.745622799752596, 26.879313399793659 ], [ 75.744900000234963, 26.879330200028846 ], [ 75.744489600015186, 26.879348100134735 ], [ 75.744156299573717, 26.879368299807254 ], [ 75.743976599740392, 26.879379199590574 ], [ 75.743779099625783, 26.879396499848667 ], [ 75.743657399769234, 26.879407199982438 ], [ 75.743537399631407, 26.87942290034664 ], [ 75.743441799899188, 26.879441400300379 ], [ 75.743328700259497, 26.879476400115891 ], [ 75.743204100089315, 26.879585000447435 ], [ 75.74305129987772, 26.879758100156266 ], [ 75.742801700238431, 26.880089600155088 ], [ 75.742709400118883, 26.880218800357454 ], [ 75.742143999945824, 26.881009600312893 ], [ 75.740845799793988, 26.882775199715752 ], [ 75.740191800211505, 26.883667499855335 ], [ 75.739851899645487, 26.884210600439019 ], [ 75.739800099595016, 26.884289899959072 ], [ 75.738934799801257, 26.885629600226025 ], [ 75.738006300150744, 26.887035399763988 ], [ 75.737429000148268, 26.887890799820696 ], [ 75.737285599650761, 26.888095900105895 ] ], [ [ 75.748484699709252, 26.879356499802725 ], [ 75.748330699802011, 26.879353800037904 ], [ 75.748224399936248, 26.879351999595258 ] ], [ [ 75.748484699709252, 26.879356499802725 ], [ 75.748494100322546, 26.879180599605036 ], [ 75.748492799902863, 26.8790166999608 ], [ 75.748471299810831, 26.878751200307761 ], [ 75.748408299603454, 26.878570600253056 ], [ 75.748347900235444, 26.878435399773934 ], [ 75.748243300088234, 26.878225999830192 ], [ 75.748109200379304, 26.877961699872628 ], [ 75.747961699872747, 26.877624300321315 ], [ 75.747779300274601, 26.877205700083096 ], [ 75.747663099772353, 26.876869100029126 ], [ 75.747620700335176, 26.876706699554518 ], [ 75.747625099818606, 26.876617100099224 ], [ 75.747649199850798, 26.876532199601399 ], [ 75.747934900075734, 26.875930500092693 ], [ 75.748071700448691, 26.875662500324154 ], [ 75.749131100020293, 26.873525999825176 ], [ 75.750961699722723, 26.869727800397641 ], [ 75.752178899736577, 26.867266900047468 ], [ 75.752841000411991, 26.86588819978067 ], [ 75.754174599678208, 26.863201299800266 ], [ 75.754217300388234, 26.863115199606796 ], [ 75.754576000382201, 26.862438400411975 ], [ 75.75479070003081, 26.861990699910962 ], [ 75.755398100342234, 26.860744299809596 ], [ 75.755718599833699, 26.860093400190237 ], [ 75.756019100201399, 26.859473699851549 ], [ 75.756214899698023, 26.859095599682234 ], [ 75.756408000329145, 26.858765400103266 ], [ 75.756603799825598, 26.858442399597152 ], [ 75.756775600014066, 26.858166799658193 ], [ 75.756987699722686, 26.857925400037345 ], [ 75.757371800168528, 26.857585799844912 ], [ 75.758518200154867, 26.856595999705632 ], [ 75.758682400172688, 26.856441899973731 ], [ 75.758784699854118, 26.856361300034052 ], [ 75.760829799555665, 26.854572999943969 ], [ 75.761066799693197, 26.854335300134096 ], [ 75.761195700421354, 26.854160200333126 ], [ 75.761327100365577, 26.853934099978858 ], [ 75.761788500239277, 26.852929100397716 ], [ 75.762322200209553, 26.851785199627329 ], [ 75.762910499819839, 26.850440699678643 ], [ 75.763703600241058, 26.8487341002986 ], [ 75.764852399618633, 26.846227599823862 ], [ 75.764899999835222, 26.846127099685873 ], [ 75.767435800222131, 26.840567700339136 ], [ 75.767827699588793, 26.839706499655392 ], [ 75.767848300179537, 26.839661299864645 ] ], [ [ 75.748208999945462, 26.879556500032436 ], [ 75.748471299810831, 26.879563799829668 ], [ 75.748484699709252, 26.879356499802725 ] ], [ [ 75.799384400000122, 26.880714500000011 ], [ 75.799185200000011, 26.880772900000068 ], [ 75.799162500000079, 26.880779500000074 ], [ 75.798644500000023, 26.88089930000001 ], [ 75.798362399999917, 26.8809569 ], [ 75.798172099999988, 26.880995700000028 ], [ 75.797856500000023, 26.881082500000105 ], [ 75.79762560000006, 26.881200700000079 ], [ 75.797423200000026, 26.881318500000077 ], [ 75.797388500000011, 26.881348100000025 ], [ 75.797257600000023, 26.88145970000005 ], [ 75.797232300000076, 26.881497400000114 ], [ 75.797092, 26.881658100000095 ], [ 75.796932400000117, 26.881844700000102 ], [ 75.796817800000042, 26.882032400000014 ], [ 75.796752400000116, 26.8822149 ], [ 75.796564600000067, 26.882785800000136 ], [ 75.796354900000097, 26.88345030000005 ], [ 75.796316899999965, 26.883564500000091 ], [ 75.7962852, 26.88368870000005 ], [ 75.7961959000001, 26.884038600000054 ], [ 75.796146100000044, 26.8842522 ], [ 75.796037599999977, 26.884566900000095 ], [ 75.795812299999966, 26.88526440000004 ], [ 75.795729200000039, 26.885606500000108 ], [ 75.795708700000091, 26.885675900000024 ], [ 75.795439200000033, 26.886598000000106 ], [ 75.795289500000081, 26.887081 ], [ 75.79513890000004, 26.8875501 ], [ 75.795037099999945, 26.88789230000009 ], [ 75.7948912, 26.88842 ], [ 75.794542700000079, 26.889571 ], [ 75.794360799999936, 26.890126900000041 ], [ 75.7943459, 26.890183 ] ], [ [ 75.799703800000088, 26.881153900000129 ], [ 75.799679900000058, 26.8810947 ], [ 75.799538200000086, 26.880780500000128 ], [ 75.7994946, 26.880681499999923 ], [ 75.799405500000091, 26.8804376 ], [ 75.799311000000102, 26.880178900000089 ], [ 75.799138900000059, 26.8797078 ], [ 75.799090500000148, 26.87957520000009 ], [ 75.7990049, 26.879341 ], [ 75.798962800000083, 26.879233900000088 ], [ 75.798883100000012, 26.879013900000018 ], [ 75.798440700000015, 26.877734900000064 ], [ 75.798174600000038, 26.876899 ], [ 75.797979200000043, 26.876328300000011 ], [ 75.797890100000131, 26.8759973 ], [ 75.797823200000096, 26.875692200000117 ], [ 75.797751300000016, 26.875204200000098 ], [ 75.797517700000014, 26.873632600000064 ] ], [ [ 75.737589199981755, 26.887993899898674 ], [ 75.737846299966805, 26.887606300190612 ], [ 75.738663299871519, 26.886355800080253 ], [ 75.739958200410626, 26.884372800364531 ], [ 75.740014599594133, 26.884289499760769 ], [ 75.740531699878147, 26.883459799630145 ], [ 75.740579399919568, 26.883390200197766 ], [ 75.740594200062333, 26.883368600280733 ], [ 75.740622400103746, 26.883330799976477 ], [ 75.741340499764362, 26.88236910005395 ], [ 75.742294200217202, 26.881086200068239 ], [ 75.743044500103792, 26.880111299896612 ], [ 75.743266500448669, 26.879840899837689 ], [ 75.743499200028111, 26.879621000309044 ], [ 75.743616500401231, 26.879613699612662 ], [ 75.743818999847065, 26.87959449998624 ], [ 75.744105499569343, 26.87957020030467 ], [ 75.744158299665912, 26.879566999617452 ], [ 75.744758599829595, 26.879548600387579 ], [ 75.745566500393807, 26.879523899608387 ], [ 75.747821000039266, 26.879545500424626 ], [ 75.748208999945462, 26.879556500032436 ] ], [ [ 75.793600899999944, 26.895338599999945 ], [ 75.793607399999985, 26.89517630000006 ], [ 75.793629300000021, 26.894633300000066 ], [ 75.793634, 26.894515100000035 ], [ 75.793637499999988, 26.894451800000127 ], [ 75.7936699, 26.893879900000059 ], [ 75.793676399999981, 26.8937656 ], [ 75.793709500000091, 26.893154200000083 ], [ 75.793728600000065, 26.892824500000131 ], [ 75.793766399999981, 26.892618 ], [ 75.793951700000036, 26.891975800000068 ], [ 75.7940886, 26.89146570000014 ], [ 75.794211800000085, 26.8910927 ], [ 75.794435, 26.890280100000098 ], [ 75.794455200000129, 26.89021230000003 ], [ 75.794468100000131, 26.89017460000008 ], [ 75.794746300000043, 26.8892462 ], [ 75.794988600000011, 26.888442699999985 ], [ 75.795038600000112, 26.88826720000003 ], [ 75.795191100000068, 26.887731600000109 ], [ 75.795236500000101, 26.887572300000045 ], [ 75.795257100000072, 26.88750820000007 ], [ 75.795381400000053, 26.887121300000047 ], [ 75.795485, 26.8867664 ], [ 75.795812199999943, 26.885703299999989 ], [ 75.795834099999979, 26.885630400000139 ], [ 75.795982600000059, 26.885113700000034 ], [ 75.796135, 26.8845897 ], [ 75.796293700000035, 26.884060100000056 ], [ 75.7964182, 26.883665400000098 ], [ 75.796456399999954, 26.883544200000017 ], [ 75.7964738, 26.8834819 ] ], [ [ 75.793441600000108, 26.895964700000093 ], [ 75.793402700000115, 26.896412700000042 ], [ 75.793406400000038, 26.896563900000103 ], [ 75.793388100000129, 26.896833700000059 ], [ 75.793364900000142, 26.897525900000119 ], [ 75.79334, 26.897752200000014 ], [ 75.793326099999945, 26.897879100000011 ], [ 75.793275900000083, 26.898180600000103 ], [ 75.793262700000071, 26.898259600000074 ], [ 75.793196300000091, 26.898570800000073 ], [ 75.793143300000111, 26.8988195 ], [ 75.79310380000004, 26.899278399999957 ], [ 75.793081799999982, 26.899439099999938 ], [ 75.793054500000039, 26.899851899999987 ], [ 75.792865200000051, 26.901056700000026 ], [ 75.792860000000132, 26.901194800000098 ], [ 75.79285230000005, 26.9013968000001 ], [ 75.7928973, 26.901496800000018 ] ], [ [ 75.793117100000075, 26.902496499999984 ], [ 75.793122, 26.902850899999976 ], [ 75.79311789999997, 26.90298260000003 ], [ 75.793142300000056, 26.903097200000104 ], [ 75.793148700000017, 26.903127 ], [ 75.7931613, 26.903186300000016 ], [ 75.793202900000097, 26.903323100000136 ], [ 75.793231000000105, 26.9033943 ], [ 75.793284700000072, 26.903483100000074 ], [ 75.793351100000109, 26.903609 ], [ 75.7934876, 26.904096700000025 ], [ 75.793530800000042, 26.904419400000108 ], [ 75.793541900000037, 26.904460600000107 ], [ 75.793801, 26.905420300000117 ], [ 75.793856399999981, 26.905672700000025 ], [ 75.793881200000044, 26.905785499999979 ], [ 75.7939255, 26.90609610000007 ], [ 75.793898500000068, 26.907089600000063 ], [ 75.7938699, 26.9074028 ] ], [ [ 75.793858000000114, 26.9075679 ], [ 75.793871500000137, 26.9076432 ], [ 75.793900200000053, 26.907803200000103 ], [ 75.793944099999919, 26.90787870000014 ], [ 75.794053200000064, 26.9080662 ], [ 75.794380100000126, 26.9086046 ], [ 75.794492800000057, 26.908790300000078 ], [ 75.794543299999987, 26.908873500000027 ], [ 75.79457270000006, 26.908921900000109 ], [ 75.79461190000012, 26.908986400000117 ], [ 75.794650499999932, 26.90905 ], [ 75.794711600000028, 26.909150700000055 ], [ 75.795145800000057, 26.909861900000124 ], [ 75.795664499999987, 26.910725399999933 ], [ 75.79592260000004, 26.911155099999974 ], [ 75.795938500000091, 26.911181500000055 ] ], [ [ 75.798668700000064, 26.913568 ], [ 75.7978781, 26.912940800000115 ], [ 75.797569500000066, 26.912680700000067 ], [ 75.79737990000001, 26.912513799999942 ], [ 75.797043, 26.9122172000001 ], [ 75.7967592, 26.911967700000048 ], [ 75.796197200000051, 26.911473700000045 ] ], [ [ 75.798714599999926, 26.913698500000123 ], [ 75.7992688, 26.914221500000053 ], [ 75.79953490000014, 26.914472600000011 ], [ 75.799738200000093, 26.914676 ], [ 75.799940699999979, 26.914878700000031 ], [ 75.799983699999984, 26.914922699999977 ], [ 75.800140100000135, 26.91508250000004 ], [ 75.800311400000112, 26.915282 ], [ 75.800398900000062, 26.915429099999926 ], [ 75.800438200000087, 26.915535900000066 ], [ 75.8004818, 26.915633000000128 ] ], [ [ 75.800513300000091, 26.915701800000136 ], [ 75.800806800000032, 26.916642299999978 ] ] ] } },
{ "type": "Feature", "properties": { "ref": null, "name_1": "Diggi Malpura Rd", "Labels": null, "Roadname": "SH12, Diggi Malpura road", "two_wheele": 67.0, "car_jeep_v": 19.0, "IPT": 2.0, "bus": 1.0, "Goods_vehi": 9.0, "tractor": 1.0, "others": 1.0, "private": 86.0, "others2": 2.0 }, "geometry": { "type": "MultiLineString", "coordinates": [ [ [ 75.763216512200245, 26.787766619924696 ], [ 75.763789900083907, 26.789163200421456 ], [ 75.76392959987129, 26.789503399562307 ], [ 75.764319699694454, 26.790426200209083 ], [ 75.764787900241402, 26.79153379984507 ], [ 75.764955200222403, 26.791785000277628 ], [ 75.765058099751684, 26.791939400383114 ], [ 75.765440200105331, 26.792292299749931 ], [ 75.766651600391185, 26.793626599587981 ], [ 75.769182500372153, 26.796414200255299 ], [ 75.769241200021554, 26.796482199793729 ], [ 75.769254400270484, 26.796497599784516 ], [ 75.769662599849141, 26.796970600013367 ], [ 75.770167900128627, 26.797556199858775 ], [ 75.770214600123779, 26.797668800374879 ], [ 75.770272500275837, 26.797831600148356 ], [ 75.770280999768488, 26.797960599802025 ], [ 75.77028740024349, 26.798057300304208 ], [ 75.770293899643775, 26.798155900174663 ], [ 75.770297700178787, 26.798213499953135 ], [ 75.770349699878807, 26.79900370006078 ], [ 75.770397499744888, 26.799402800299163 ], [ 75.770459200431787, 26.799917799766774 ], [ 75.770658699739329, 26.800850099952243 ], [ 75.770806300070774, 26.800981900094598 ], [ 75.771079300069744, 26.801079900117486 ], [ 75.771167900378316, 26.801106199891194 ], [ 75.771254800068959, 26.801105799692948 ], [ 75.771427700128413, 26.801068399586995 ], [ 75.771538900399946, 26.801044500103728 ], [ 75.771657899592526, 26.801029899610285 ], [ 75.771769800436118, 26.801016100412767 ], [ 75.771911600140356, 26.801014600343706 ], [ 75.772033200172132, 26.801045699799317 ], [ 75.772165299788867, 26.801118900117331 ], [ 75.772203199917783, 26.801188999572787 ], [ 75.772222199894657, 26.801284399655287 ], [ 75.772253200424984, 26.801387499733494 ], [ 75.772289499760745, 26.801554699889607 ], [ 75.772486900050467, 26.802236699863954 ], [ 75.772560999690484, 26.802356799826441 ] ], [ [ 75.772560999690484, 26.802356799826441 ], [ 75.77259229969485, 26.802462499844637 ], [ 75.772668699800647, 26.802565099899482 ], [ 75.7735870002399, 26.803671499839879 ], [ 75.774076000307218, 26.804248100169843 ], [ 75.774168000053351, 26.804356900150935 ], [ 75.774696199769835, 26.80494199997338 ], [ 75.775430300168239, 26.805675899823086 ], [ 75.775753299775033, 26.805980100001761 ], [ 75.77590240017571, 26.806110599724434 ], [ 75.776150200271502, 26.806339300018863 ], [ 75.776782199738875, 26.806920600205672 ], [ 75.776899000088861, 26.807060999665566 ], [ 75.776979699853428, 26.807157899817298 ], [ 75.777121399733005, 26.807377800245263 ], [ 75.777140899732842, 26.807398499940916 ], [ 75.7772516998063, 26.80756889988487 ], [ 75.777272000101448, 26.807601699979386 ], [ 75.777313500000048, 26.807670500000029 ], [ 75.777399200000048, 26.807820199999981 ], [ 75.777507300000138, 26.807997800000123 ], [ 75.777593300000149, 26.808120599999938 ], [ 75.777733099999978, 26.808340800000053 ], [ 75.777804800000013, 26.808453100000122 ], [ 75.77803340000014, 26.808789200000035 ], [ 75.7781326, 26.808933700000068 ], [ 75.778225500000019, 26.809073500000125 ], [ 75.7783045, 26.809182 ], [ 75.778386099999977, 26.809293900000057 ], [ 75.778479400000094, 26.80942130000011 ], [ 75.778563899999938, 26.809522 ], [ 75.778597900000136, 26.809560300000044 ], [ 75.778654299999971, 26.80963730000002 ], [ 75.778754800000115, 26.809766700000068 ], [ 75.7788508000001, 26.809887800000013 ], [ 75.7789275, 26.809968700000127 ], [ 75.779024500000048, 26.810069100000078 ], [ 75.779158200000097, 26.810183400000085 ], [ 75.779259499999966, 26.810272900000029 ], [ 75.77937500000013, 26.810359400000095 ], [ 75.779485099999988, 26.810447800000134 ], [ 75.779590399999961, 26.810520100000076 ], [ 75.779727100000116, 26.810608 ], [ 75.77984170000002, 26.810670800000139 ], [ 75.779976499999975, 26.81074910000001 ], [ 75.780086700000027, 26.810814600000128 ], [ 75.7802196, 26.810893800000088 ], [ 75.780285500000105, 26.810929 ], [ 75.780362499910041, 26.810942999906615 ] ], [ [ 75.777188099751129, 26.807325500171828 ], [ 75.777143100373905, 26.807255899839959 ], [ 75.777037799654863, 26.807104599697595 ], [ 75.776962000296237, 26.807019000426635 ], [ 75.776221399597944, 26.806272900374154 ], [ 75.7759729996543, 26.806059799720003 ], [ 75.775459199882334, 26.80559260011853 ], [ 75.774706100406206, 26.804841499835391 ], [ 75.77379039990717, 26.80382060024067 ], [ 75.773630700096817, 26.80363979963721 ], [ 75.773259399701601, 26.803186499957121 ], [ 75.772800400118513, 26.802620300286662 ], [ 75.772650100022247, 26.802426599807916 ], [ 75.772560999690484, 26.802356799826441 ] ], [ [ 75.780362499910041, 26.810942999906615 ], [ 75.780332700000145, 26.810858199999984 ] ], [ [ 75.780832, 26.813190400000053 ], [ 75.780822699907787, 26.813127999757569 ], [ 75.780809300009366, 26.813038000103802 ], [ 75.780776800309184, 26.8126848003634 ], [ 75.780736099691353, 26.812170999692057 ], [ 75.780645799664001, 26.811667900053635 ], [ 75.78051689983522, 26.81112380032323 ], [ 75.780466500029149, 26.811030099959169 ], [ 75.780399700186138, 26.810967599775097 ], [ 75.780362499910041, 26.810942999906615 ] ], [ [ 75.780832, 26.813190400000053 ], [ 75.780792500000132, 26.813243199999988 ], [ 75.780940400000134, 26.814085299999988 ], [ 75.781123, 26.8151112 ], [ 75.781178599999919, 26.815423800000076 ], [ 75.7814176, 26.816718700000138 ], [ 75.781430700000044, 26.816814 ], [ 75.781539000000123, 26.817391900000018 ], [ 75.781601599999931, 26.8177452 ], [ 75.781700600000136, 26.818297199999961 ], [ 75.781761300000028, 26.818653 ], [ 75.781799399999954, 26.818836200000021 ], [ 75.781819900000073, 26.81893250000013 ], [ 75.781839500000103, 26.818991400000073 ], [ 75.781928600000015, 26.819062500000086 ] ], [ [ 75.780884399695481, 26.813227599674121 ], [ 75.780832, 26.813190400000053 ] ] ] } },
{ "type": "Feature", "properties": { "ref": "SH55", "name_1": "SH55", "Labels": "SH55", "Roadname": "SH55, Jaipur-Alwar Road", "two_wheele": 59.0, "car_jeep_v": 12.0, "IPT": 9.0, "bus": 5.0, "Goods_vehi": 12.0, "tractor": 2.0, "others": 1.0, "private": 71.0, "others2": 3.0 }, "geometry": { "type": "MultiLineString", "coordinates": [ [ [ 75.867019600074457, 26.960621800255922 ], [ 75.867175199875589, 26.960668400426414 ], [ 75.867413899731787, 26.960798699600389 ], [ 75.867636499924629, 26.960893099636962 ], [ 75.86775449997026, 26.960946899779628 ], [ 75.868135399729113, 26.961142999649837 ], [ 75.868376800249109, 26.961275700013573 ] ], [ [ 75.868376800249109, 26.961275700013573 ], [ 75.868423900442735, 26.961350600050309 ], [ 75.869468099673099, 26.961911900214204 ], [ 75.869651299667851, 26.962016799835624 ], [ 75.869962400344605, 26.962178300088624 ], [ 75.870360299987965, 26.962378499967883 ], [ 75.87093929970905, 26.962655599976074 ], [ 75.871206099781716, 26.96277589958828 ], [ 75.871472100357266, 26.962886599836736 ], [ 75.872385399666484, 26.963276300361031 ], [ 75.873407499856398, 26.963721800220924 ], [ 75.873427599704087, 26.963730600087217 ], [ 75.874569600206939, 26.964214199725575 ], [ 75.875294999664618, 26.96453289967377 ], [ 75.875865200418787, 26.96478040029541 ], [ 75.876026599947693, 26.964806200046155 ] ], [ [ 75.876026599947693, 26.964806200046155 ], [ 75.875923300220165, 26.964717499912865 ], [ 75.875200800176913, 26.964398899789558 ], [ 75.874282599562378, 26.964006200026176 ], [ 75.873456799791597, 26.963652299713885 ], [ 75.873039400148173, 26.963473500101998 ], [ 75.87242670013211, 26.9632037997157 ], [ 75.871244900132069, 26.962704700261838 ], [ 75.870978799731859, 26.962589499805745 ], [ 75.870417399743303, 26.962328299811304 ], [ 75.869747099948768, 26.961992699803432 ], [ 75.869717999685975, 26.961978200034025 ], [ 75.869516500286409, 26.961862499554798 ], [ 75.868465600207458, 26.961290299607811 ], [ 75.868376800249109, 26.961275700013573 ] ], [ [ 75.876026599947693, 26.964806200046155 ], [ 75.87660449979802, 26.965041499565586 ], [ 75.876879900087431, 26.96516099968045 ] ], [ [ 75.876879900087431, 26.96516099968045 ], [ 75.876974300124004, 26.965242300192187 ], [ 75.877662199650842, 26.965541000117071 ], [ 75.878452502943333, 26.96590001538101 ] ], [ [ 75.878476646575166, 26.965820199507789 ], [ 75.878054699764675, 26.96562470001993 ], [ 75.877022099989915, 26.965180800053872 ], [ 75.876879900087431, 26.96516099968045 ] ] ] } },
{ "type": "Feature", "properties": { "ref": "NH11", "name_1": "Old Agra Jaipur Bikaner Road", "Labels": "NH11", "Roadname": "NH21, Agra Road", "two_wheele": 52.0, "car_jeep_v": 45.0, "IPT": 6.0, "bus": 15.0, "Goods_vehi": 15.0, "tractor": 2.0, "others": 2.0, "private": 97.0, "others2": 4.0 }, "geometry": { "type": "MultiLineString", "coordinates": [ [ [ 75.949189837896483, 26.874389323671892 ], [ 75.941604108501053, 26.875056345340909 ], [ 75.929443159887285, 26.877711816487533 ], [ 75.921365997024964, 26.879476379229459 ], [ 75.910085224831619, 26.881842084628545 ], [ 75.902158799589074, 26.883173899755661 ], [ 75.899664600041376, 26.883936499669915 ], [ 75.897859399891502, 26.884447800225928 ], [ 75.897299599796838, 26.884602800179266 ], [ 75.88897769986113, 26.886855899580212 ], [ 75.884138699741186, 26.888095800281064 ], [ 75.879183400193824, 26.889330000179427 ], [ 75.878228500045338, 26.88957520033523 ], [ 75.877358200020922, 26.889808499762466 ], [ 75.875041899863902, 26.890469200193593 ], [ 75.874598999943998, 26.89059099987486 ], [ 75.874526299649119, 26.890611699570286 ], [ 75.874465099884617, 26.890629200377361 ], [ 75.870487699747684, 26.891755700165561 ], [ 75.869483200189677, 26.89206310013202 ], [ 75.868254899843805, 26.892498300056616 ], [ 75.867506299676165, 26.892775200415258 ], [ 75.867466699828526, 26.892790399857176 ], [ 75.866985200106967, 26.892975599944066 ], [ 75.866945200061025, 26.892990999934852 ], [ 75.8663802999111, 26.893208300422884 ], [ 75.866236400289836, 26.893266400224263 ], [ 75.866027199995415, 26.893351299822768 ], [ 75.865809900406759, 26.893452999656347 ], [ 75.865552400223066, 26.89359409968813 ], [ 75.865324399601491, 26.893725700181108 ], [ 75.864614900157619, 26.894154399805871 ], [ 75.864000600247664, 26.89451700015951 ], [ 75.863762000216184, 26.894642999674886 ], [ 75.863530899631485, 26.894751000158635 ], [ 75.863367800383742, 26.894816499581964 ], [ 75.863062000311174, 26.894915800024307 ], [ 75.862707900349392, 26.895021599866993 ], [ 75.862424800064503, 26.89511909986669 ], [ 75.862199699756502, 26.89518520003702 ], [ 75.861930500292544, 26.895239699852311 ], [ 75.861620100187622, 26.8952404004242 ], [ 75.861417099819278, 26.895209300069212 ], [ 75.861170699968, 26.895129700175573 ], [ 75.86109132663006, 26.895087646183811 ] ], [ [ 75.86109132663006, 26.895087646183811 ], [ 75.861111800000117, 26.895012800000018 ], [ 75.861183, 26.894886500000041 ], [ 75.8612266, 26.894798800000046 ], [ 75.861329000000126, 26.894712700000071 ], [ 75.861422900000093, 26.894651599999975 ], [ 75.861699, 26.894541700000104 ], [ 75.863092600000016, 26.894226499999945 ], [ 75.863729, 26.894092100000023 ], [ 75.863768700000037, 26.894083700000067 ], [ 75.864524800000027, 26.8939244 ], [ 75.864693699999975, 26.893873700000086 ], [ 75.864809799999989, 26.893838800000026 ], [ 75.865081700000133, 26.893720200000018 ], [ 75.865428400000042, 26.893527500000062 ] ], [ [ 75.86109132663006, 26.895087646183811 ], [ 75.860956100144051, 26.895015999788711 ], [ 75.860775500089346, 26.894881499881478 ], [ 75.859679699558683, 26.893933799705223 ], [ 75.858954200276116, 26.89336559994257 ], [ 75.858743599737522, 26.89322809989693 ], [ 75.858499600176515, 26.893098899694564 ], [ 75.85825549989147, 26.893011599805675 ], [ 75.85788530026656, 26.89292670020717 ], [ 75.857611700419795, 26.892880000212017 ], [ 75.857363599950361, 26.892863299801547 ], [ 75.857006900048589, 26.892883700022821 ], [ 75.848865799816963, 26.896067499715457 ], [ 75.848619899988421, 26.896173699756616 ], [ 75.848443200293559, 26.89626470035563 ], [ 75.848217299588839, 26.896436100345852 ], [ 75.848022799612522, 26.896616499851689 ], [ 75.847837800074558, 26.896860500311845 ], [ 75.847691599987513, 26.897105699568499 ], [ 75.847582999655742, 26.897346100042625 ], [ 75.847514599919009, 26.897549399885008 ], [ 75.847452900131316, 26.897816100133014 ], [ 75.847312099573799, 26.898527700393174 ], [ 75.847241000072245, 26.898850699999969 ], [ 75.84719539994785, 26.899121000234061 ], [ 75.8471569997958, 26.899371199721145 ], [ 75.847141699629901, 26.899488099896018 ], [ 75.847104199699061, 26.899721300397744 ], [ 75.847010299685621, 26.900084899898332 ], [ 75.846896299824493, 26.900253600123676 ], [ 75.846803800055454, 26.900374399758846 ], [ 75.846712300332456, 26.900467699924491 ], [ 75.846616000028519, 26.900549000436058 ], [ 75.846477900135028, 26.900624299771721 ], [ 75.846280800218949, 26.900710399964964 ], [ 75.846075600109032, 26.900781000342988 ], [ 75.845798000077707, 26.900844399849234 ], [ 75.845486799576292, 26.900893400310338 ], [ 75.845236000241357, 26.900908999950502 ], [ 75.844910100320988, 26.900912599936589 ], [ 75.84469820026186, 26.900899399687717 ], [ 75.844541300041044, 26.900875500204222 ], [ 75.844390699571193, 26.90080940003395 ], [ 75.844171999738194, 26.900667700154372 ] ], [ [ 75.861064930786711, 26.895184143641131 ], [ 75.86109132663006, 26.895087646183811 ] ], [ [ 75.861064930786711, 26.895184143641131 ], [ 75.861098600420178, 26.895201600073904 ], [ 75.861302099912109, 26.895278900401081 ], [ 75.861410999717918, 26.895305899847529 ], [ 75.861605600418272, 26.895332300345501 ], [ 75.861851500246587, 26.895335500133285 ], [ 75.862116499876606, 26.895291499902783 ], [ 75.86247870003217, 26.89519359970501 ], [ 75.862771000381429, 26.895099300392474 ], [ 75.863137099997289, 26.894979099705722 ], [ 75.863414700028443, 26.894888199830689 ], [ 75.86367449977854, 26.894783999881781 ], [ 75.86413159999347, 26.894558500274684 ], [ 75.865539600172497, 26.893705100310115 ], [ 75.865762999862682, 26.893573800190723 ], [ 75.86600279958958, 26.893457800237456 ], [ 75.866271699579329, 26.893347299638208 ], [ 75.866516299887337, 26.893246900224426 ], [ 75.867682799721479, 26.892822299709508 ], [ 75.867862499554803, 26.892756200438384 ], [ 75.868299400097214, 26.892595600406821 ], [ 75.869487200374067, 26.892164799965599 ], [ 75.870501099646162, 26.891844199750096 ], [ 75.873511599980475, 26.891007600020885 ], [ 75.874566799718195, 26.890714199800641 ], [ 75.874636200400403, 26.890694900349558 ], [ 75.875218800107518, 26.890529999759849 ], [ 75.877392900362224, 26.889900700057353 ], [ 75.878330500252559, 26.889649399800135 ], [ 75.881298299876732, 26.88889590012576 ], [ 75.884192499884023, 26.888198199787155 ], [ 75.884344999722032, 26.888158699764347 ], [ 75.889074500188144, 26.886935100174867 ], [ 75.891083100005119, 26.886402000052442 ], [ 75.891656899846168, 26.886243999960698 ], [ 75.893830599902401, 26.885648899677165 ], [ 75.895506199651493, 26.885194699775639 ], [ 75.896054400290495, 26.885045700099056 ], [ 75.896289500160378, 26.884980400325276 ], [ 75.897325799746056, 26.884692399634616 ], [ 75.899701799598404, 26.884037599655528 ], [ 75.899885499616289, 26.883982199618799 ], [ 75.900441800448846, 26.883811199827051 ], [ 75.902197699764088, 26.883271499580076 ], [ 75.902587698032789, 26.883143589090764 ] ], [ [ 75.861064930786711, 26.895184143641131 ], [ 75.861038300000075, 26.89528150000001 ], [ 75.860925899999984, 26.896016200000076 ], [ 75.8608425, 26.896667200000138 ], [ 75.860816299999954, 26.896864200000095 ], [ 75.860772300000065, 26.896988400000055 ], [ 75.86070090000004, 26.897120699999959 ], [ 75.860657199999935, 26.897176900000034 ], [ 75.860301700000036, 26.897633700000142 ], [ 75.860263, 26.897682100000054 ], [ 75.85992020000009, 26.898111200000017 ], [ 75.859825700000101, 26.8982413 ], [ 75.859681600000044, 26.898439500000052 ], [ 75.859543700000017, 26.8985422 ], [ 75.859401699999978, 26.898635100000035 ], [ 75.8593082000001, 26.89867959999998 ], [ 75.859215300000017, 26.898714900000073 ], [ 75.859094200000129, 26.898745300000087 ], [ 75.858955900000069, 26.8987677 ], [ 75.858787900000038, 26.898783700000081 ], [ 75.858623800000089, 26.898794300000077 ], [ 75.858444, 26.898802500000045 ], [ 75.858259499999974, 26.898804 ], [ 75.858063799999968, 26.898801499999934 ], [ 75.857869200000039, 26.898802800000055 ], [ 75.857654200000013, 26.898811900000112 ], [ 75.857213100000081, 26.8988321 ], [ 75.85655880000013, 26.898862099999974 ], [ 75.855567100000144, 26.898931900000093 ], [ 75.855384799999968, 26.8989697 ], [ 75.855145500000106, 26.899050400000135 ], [ 75.854920100000072, 26.8991497 ], [ 75.85470829999997, 26.899262100000044 ], [ 75.854484300000081, 26.89938530000012 ], [ 75.854428600000119, 26.899420600000042 ], [ 75.854322700000068, 26.89950070000009 ], [ 75.853961700000013, 26.899986300000137 ], [ 75.853404500000124, 26.900585300000103 ], [ 75.853288700000121, 26.900700400000062 ], [ 75.853121000000101, 26.900802699999986 ], [ 75.8529696, 26.900914900000032 ], [ 75.852423600000122, 26.901312800000085 ], [ 75.8519329, 26.901636200000041 ], [ 75.851650700000107, 26.901834500000064 ], [ 75.851637200000084, 26.90184389999996 ], [ 75.85152469999997, 26.901921800000025 ], [ 75.851295700000037, 26.90208540000009 ], [ 75.851248100000021, 26.90211110000007 ], [ 75.851182, 26.902133200000094 ], [ 75.851108300000021, 26.902131199999928 ], [ 75.851026199999978, 26.9020997 ], [ 75.850963900000124, 26.902060399999925 ], [ 75.85079879999995, 26.90189010000006 ], [ 75.850690100000065, 26.90177970000002 ], [ 75.8506276, 26.9017346 ], [ 75.850524600000028, 26.9016894 ], [ 75.850440399999968, 26.901670900000056 ], [ 75.85026240000002, 26.90164620000013 ], [ 75.849492600000076, 26.901608600000031 ], [ 75.84889869999995, 26.901559900000109 ], [ 75.848162300000126, 26.901525699999922 ], [ 75.848031100000128, 26.9015412 ], [ 75.847616700000117, 26.901626400000112 ], [ 75.847123900000042, 26.901733400000069 ], [ 75.846908300000109, 26.901794100000131 ], [ 75.846671100000037, 26.901927399999977 ], [ 75.84628680000003, 26.902164900000059 ], [ 75.846058700000015, 26.902311899999972 ], [ 75.845956600000079, 26.902402900000027 ], [ 75.845877, 26.902493 ], [ 75.845837900000049, 26.902537299999949 ], [ 75.845730800000069, 26.902647100000024 ], [ 75.845648200000142, 26.902763200000038 ], [ 75.845577000000105, 26.902826800000128 ], [ 75.845413800000131, 26.9029842 ], [ 75.845381, 26.9030421 ], [ 75.845334300000104, 26.903124600000069 ] ], [ [ 75.844171999738194, 26.900667700154372 ], [ 75.844080599839856, 26.900592399919503 ], [ 75.843963800389247, 26.900554099592171 ], [ 75.843829199757806, 26.900558300325429 ], [ 75.843726499878244, 26.900597300325273 ], [ 75.843631499993876, 26.900682799771573 ], [ 75.843599100118524, 26.900790700430662 ], [ 75.843602600279951, 26.900870800347207 ], [ 75.843603999624918, 26.90090160032878 ], [ 75.843656199873863, 26.901002399940808 ], [ 75.84374759977203, 26.901077600351016 ], [ 75.843864800320318, 26.901109600028065 ], [ 75.843988699918611, 26.901111600120373 ], [ 75.844101699733812, 26.901064999949938 ], [ 75.84412789968286, 26.9010397002221 ] ], [ [ 75.84412789968286, 26.9010397002221 ], [ 75.844186100208503, 26.900983499788822 ], [ 75.844229100392738, 26.900879399664746 ], [ 75.844224199986968, 26.900768499766571 ], [ 75.844171999738194, 26.900667700154372 ] ], [ [ 75.84412789968286, 26.9010397002221 ], [ 75.844268899889926, 26.901008599867112 ], [ 75.844511299556814, 26.900997200060829 ], [ 75.844811999574233, 26.901032799723964 ], [ 75.845422200374344, 26.901018499604106 ], [ 75.845959000307744, 26.90094439996426 ], [ 75.846425400411874, 26.900790599706397 ], [ 75.846805599598895, 26.900565500297773 ], [ 75.847073999565509, 26.900269199763841 ], [ 75.847209000395196, 26.900111900244099 ], [ 75.847334900085684, 26.899773999770446 ], [ 75.847407300006978, 26.899422300099104 ], [ 75.847412599711788, 26.899032399925431 ], [ 75.84742339967022, 26.89880280030917 ], [ 75.847455599896193, 26.898530099784409 ], [ 75.847541000416982, 26.898044800427272 ], [ 75.847636000301236, 26.897575699658887 ], [ 75.847710400314838, 26.897298200351827 ], [ 75.847887400383286, 26.897006400025532 ], [ 75.848056400082839, 26.896798299601869 ], [ 75.848375600054055, 26.89656629969511 ], [ 75.848670600168134, 26.89643710039195 ], [ 75.84889859989056, 26.896353399589771 ], [ 75.849105100420104, 26.896272000152862 ], [ 75.856727399749786, 26.893395700251517 ], [ 75.857217700236731, 26.893304900200974 ], [ 75.857976499615802, 26.89342660005758 ], [ 75.858449900042899, 26.893536699559206 ], [ 75.858720800125013, 26.893610800098429 ], [ 75.858868899580216, 26.893666600333404 ], [ 75.859082899556199, 26.89374720027314 ], [ 75.85928809966623, 26.893848800282058 ], [ 75.859502700389385, 26.893966099755858 ], [ 75.859805799797869, 26.894176599570585 ], [ 75.860775400264629, 26.895012600351379 ], [ 75.860957799862661, 26.895128600304815 ], [ 75.861064930786711, 26.895184143641131 ] ], [ [ 75.845443900000134, 26.903169400000024 ], [ 75.845535400000017, 26.903097100000082 ], [ 75.8456291, 26.902998400000115 ], [ 75.845713700000033, 26.90291040000011 ], [ 75.845758700000033, 26.902830300000062 ], [ 75.845783, 26.902780600000028 ], [ 75.845872800000052, 26.902642099999923 ], [ 75.845941800000105, 26.902537600000016 ], [ 75.845996099999979, 26.902455200000134 ], [ 75.846133600000144, 26.902330300000074 ], [ 75.8464282, 26.902151400000037 ], [ 75.846860400000082, 26.901898300000028 ], [ 75.8469821, 26.9018418 ], [ 75.847110699999973, 26.901798 ], [ 75.847445299999947, 26.901716400000112 ], [ 75.847910500000069, 26.901626100000101 ], [ 75.848109900000054, 26.9015951 ], [ 75.84817900000013, 26.901589200000046 ], [ 75.848345600000016, 26.9015928 ], [ 75.849403199999983, 26.901653600000031 ], [ 75.849738099999968, 26.901682300000118 ] ] ] } }
]
}
